[2024-Nov-21 10:14:08] [debug] --------------------------------------------------------------------------------
[2024-Nov-21 10:14:09] [debug] nrfjprog --recover --log 
[2024-Nov-21 10:14:09] [debug] nrfjprog version 10.24.2 external
[2024-Nov-21 10:14:09] [debug] --------------------------------------------------------------------------------
[2024-Nov-21 10:14:09] [ info] Load library at /Applications/Nordic Semiconductor/lib/libnrfjprogdll.dylib.
[2024-Nov-21 10:14:09] [ info] Library loaded, loading member functions.
[2024-Nov-21 10:14:09] [ info] Member functions succesfully loaded.
[2024-Nov-21 10:14:09] [debug] [ Client] - open
[2024-Nov-21 10:14:09] [debug] [ Client] - start
[2024-Nov-21 10:14:09] [ info] [ Client] - stdout: Jlinkarm nRF Worker ready. Handling sequence ee58e731-de00-43fe-a022-363b8be06b14.
[2024-Nov-21 10:14:09] [trace] [ Client] - Command open executed for 85 milliseconds with result 0
[2024-Nov-21 10:14:09] [debug] [ Client] - config
[2024-Nov-21 10:14:09] [trace] [ Client] - Command config executed for 6 milliseconds with result 0
[2024-Nov-21 10:14:09] [debug] [ Client] - enum_emu_snr
[2024-Nov-21 10:14:09] [debug] [SeggerBackend] - Logger sink registered in Segger backend logger
[2024-Nov-21 10:14:09] [debug] [  JLink] - Logger sink registered in JLink logger
[2024-Nov-21 10:14:09] [debug] [  nRFXX] - open
[2024-Nov-21 10:14:09] [debug] [  nRFXX] - just_check_family
[2024-Nov-21 10:14:09] [debug] [SeggerBackend] - open_dll
[2024-Nov-21 10:14:09] [debug] [SeggerBackend] - No J-Link DLL path was provided. Attempting to auto detect.
[2024-Nov-21 10:14:09] [ info] [SeggerBackend] - Load library at /Applications/SEGGER/JLink/libjlinkarm.dylib.
[2024-Nov-21 10:14:09] [ info] [SeggerBackend] - Library loaded, loading member functions.
[2024-Nov-21 10:14:09] [ info] [SeggerBackend] - Member functions succesfully loaded.
[2024-Nov-21 10:14:09] [debug] [SeggerBackend] - Set batch mode
[2024-Nov-21 10:14:09] [debug] [SeggerBackend] - dll_version
[2024-Nov-21 10:14:09] [ info] [SeggerBackend] - Segger dll version 7.94.e loaded.
[2024-Nov-21 10:14:09] [trace] [ Worker] - Command open executed for 12 milliseconds with result 0
[2024-Nov-21 10:14:09] [debug] [  nRFXX] - config
[2024-Nov-21 10:14:09] [trace] [ Client] - Command enum_emu_con_info executed for 6 milliseconds with result 0
[2024-Nov-21 10:14:09] [debug] [ Client] - connect_to_emu_with_snr
[2024-Nov-21 10:14:09] [debug] [SeggerBackend] - enum_emu_snr
[2024-Nov-21 10:14:09] [trace] [ Worker] - Command config executed for 5 milliseconds with result 0
[2024-Nov-21 10:14:09] [debug] [  nRFXX] - enum_emu_con_info
[2024-Nov-21 10:14:09] [debug] [SeggerBackend] - is_connected_to_emu
[2024-Nov-21 10:14:09] [debug] [SeggerBackend] - enum_emu_con_info
[2024-Nov-21 10:14:09] [debug] [SeggerBackend] - is_connected_to_emu
[2024-Nov-21 10:14:09] [trace] [ Worker] - Command enum_emu_con_info executed for 0 milliseconds with result 0
[2024-Nov-21 10:14:09] [debug] [  nRFXX] - connect_to_emu_with_snr
[2024-Nov-21 10:14:09] [debug] [SeggerBackend] - is_connected_to_emu
[2024-Nov-21 10:14:09] [debug] [SeggerBackend] - connect_to_emu_with_snr
[2024-Nov-21 10:14:09] [debug] [SeggerBackend] - is_connected_to_emu
[2024-Nov-21 10:14:09] [debug] [SeggerBackend] - ---just_enum_emu_snr
[2024-Nov-21 10:14:09] [debug] [SeggerBackend] - ---just_get_num_emus
[2024-Nov-21 10:14:09] [debug] [SeggerBackend] - ---just_connect_to_emu_with_snr
[2024-Nov-21 10:14:09] [debug] [SeggerBackend] - ---just_connect_to_emu_without_snr
[2024-Nov-21 10:14:09] [debug] [SeggerBackend] - Segger logging enabled.
[2024-Nov-21 10:14:09] [trace] [  JLink] - Firmware: J-Link OB-nRF5340-NordicSemi compiled Oct 30 2023 12:13:06
[2024-Nov-21 10:14:09] [trace] [  JLink] - Firmware: J-Link OB-nRF5340-NordicSemi compiled Oct 30 2023 12:13:06
[2024-Nov-21 10:14:09] [trace] [  JLink] - Hardware: V1.00
[2024-Nov-21 10:14:09] [trace] [  JLink] - S/N: 1050034622
[2024-Nov-21 10:14:09] [trace] [  JLink] - OEM: SEGGER
[2024-Nov-21 10:14:09] [trace] [  JLink] - Feature(s): RDI, FlashBP, FlashDL, JFlash, GDB
[2024-Nov-21 10:14:09] [trace] [  JLink] - Bootloader: 2021 May 18
[2024-Nov-21 10:14:09] [trace] [  JLink] - USB speed mode: Full speed (12 MBit/s)
[2024-Nov-21 10:14:09] [trace] [  JLink] - TELNET listener socket opened on port 19021
[2024-Nov-21 10:14:09] [trace] [  JLink] - WEBSRV WEBSRV_Init(): Starting webserver thread(s)
[2024-Nov-21 10:14:09] [trace] [  JLink] - WEBSRV Webserver running on local port 19080
[2024-Nov-21 10:14:09] [trace] [  JLink] - Looking for J-Link GUI Server exe at: /Applications/SEGGER/JLink_V794e/JLinkGUIServerExe 
[2024-Nov-21 10:14:09] [trace] [  JLink] - Forking J-Link GUI Server: /Applications/SEGGER/JLink_V794e/JLinkGUIServerExe 
[2024-Nov-21 10:14:10] [trace] [  JLink] - J-Link GUI Server info: "J-Link GUI server V7.94e " 
[2024-Nov-21 10:14:10] [trace] [  JLink] - - 1135.847ms returns "O.K."  
[2024-Nov-21 10:14:10] [trace] [  JLink] - JLINK_HasError()  
[2024-Nov-21 10:14:10] [trace] [  JLink] - JLINK_Lock()  
[2024-Nov-21 10:14:10] [trace] [  JLink] - JLINK_ExecCommand("SetRestartOnClose = 0", ...).   
[2024-Nov-21 10:14:10] [trace] [  JLink] - - 0.148ms returns 0x01  
[2024-Nov-21 10:14:10] [trace] [  JLink] - JLINK_HasError()  
[2024-Nov-21 10:14:10] [trace] [  JLink] - JLINK_ExecCommand("DisableFlashDL", ...).   
[2024-Nov-21 10:14:10] [trace] [  JLink] - - 0.001ms returns 0x00  
[2024-Nov-21 10:14:10] [trace] [  JLink] - JLINK_HasError()  
[2024-Nov-21 10:14:10] [trace] [  JLink] - JLINK_ExecCommand("ExcludeFlashCacheRange 0x0-0xFFFFFFFF", ...).   
[2024-Nov-21 10:14:10] [trace] [  JLink] - - 0.012ms returns 0x00  
[2024-Nov-21 10:14:10] [trace] [  JLink] - JLINK_HasError()  
[2024-Nov-21 10:14:10] [trace] [  JLink] - JLINK_SetHookUnsecureDialog  
[2024-Nov-21 10:14:10] [trace] [  JLink] - JLINK_SetHookUnsecureDialog(...)
[2024-Nov-21 10:14:10] [trace] [  JLink] - - 0.003ms returns 0  
[2024-Nov-21 10:14:10] [trace] [  JLink] - JLINK_HasError()  
[2024-Nov-21 10:14:10] [trace] [  JLink] - JLINK_TIF_Select(JLINKARM_TIF_SWD)  
[2024-Nov-21 10:14:10] [trace] [  JLink] - - 0.621ms returns 0x00  
[2024-Nov-21 10:14:10] [trace] [  JLink] - JLINK_HasError()  
[2024-Nov-21 10:14:10] [trace] [  JLink] - JLINK_GetSpeedInfo()  
[2024-Nov-21 10:14:10] [trace] [  JLink] - 128000000 Hz / n, n >= 64
[2024-Nov-21 10:14:10] [trace] [  JLink] - - 0.003ms  
[2024-Nov-21 10:14:10] [trace] [  JLink] - JLINK_HasError()  
[2024-Nov-21 10:14:10] [debug] [SeggerBackend] - Connected emulator supports SWD speeds up to 2000kHz
[2024-Nov-21 10:14:10] [trace] [  JLink] - JLINK_SetSpeed(2000)  
[2024-Nov-21 10:14:10] [trace] [  JLink] - - 0.237ms  
[2024-Nov-21 10:14:10] [trace] [  JLink] - JLINK_HasError()  
[2024-Nov-21 10:14:10] [trace] [  JLink] - JLINK_GetSpeed()  
[2024-Nov-21 10:14:10] [trace] [  JLink] - - 0.001ms returns 2000  
[2024-Nov-21 10:14:10] [trace] [  JLink] - JLINK_HasError()  
[2024-Nov-21 10:14:10] [debug] [SeggerBackend] - SWD clock set to 2000kHz
[2024-Nov-21 10:14:10] [trace] [  JLink] - JLINK_GetSN()  
[2024-Nov-21 10:14:10] [trace] [  JLink] - - 0.001ms returns 1050034622  
[2024-Nov-21 10:14:10] [trace] [  JLink] - JLINK_HasError()  
[2024-Nov-21 10:14:10] [trace] [  JLink] - - 0.008ms  
[2024-Nov-21 10:14:10] [debug] [  nRFXX] - read_device_family
[2024-Nov-21 10:14:10] [debug] [  nRFXX] - read_device_family
[2024-Nov-21 10:14:10] [debug] [SeggerBackend] - is_connected_to_emu
[2024-Nov-21 10:14:10] [trace] [  JLink] - JLINK_IsOpen()  
[2024-Nov-21 10:14:10] [trace] [  JLink] - - 0.001ms returns 0x01  
[2024-Nov-21 10:14:10] [trace] [  JLink] - JLINK_HasError()  
[2024-Nov-21 10:14:10] [trace] [  JLink] - JLINK_Lock()  
[2024-Nov-21 10:14:10] [debug] [SeggerBackend] - is_connected_to_emu
[2024-Nov-21 10:14:10] [debug] [SeggerBackend] - read_debug_port_idr
[2024-Nov-21 10:14:10] [debug] [SeggerBackend] - read_debug_port_register
[2024-Nov-21 10:14:10] [debug] [SeggerBackend] - ---just_read_debug_port_register
[2024-Nov-21 10:14:10] [debug] [SeggerBackend] - coresight_configure
[2024-Nov-21 10:14:10] [trace] [  JLink] - JLINK_GetHWStatus(...)  
[2024-Nov-21 10:14:10] [trace] [  JLink] - - 0.114ms returns 0  
[2024-Nov-21 10:14:10] [trace] [  JLink] - JLINK_HasError()  
[2024-Nov-21 10:14:10] [trace] [  JLink] - JLINK_CORESIGHT_Configure()  
[2024-Nov-21 10:14:10] [trace] [  JLink] - - 0.375ms returns 0  
[2024-Nov-21 10:14:10] [trace] [  JLink] - JLINK_HasError()  
[2024-Nov-21 10:14:10] [debug] [SeggerBackend] - read_debug_port_idr
[2024-Nov-21 10:14:10] [debug] [SeggerBackend] - read_debug_port_register
[2024-Nov-21 10:14:10] [debug] [SeggerBackend] - ---just_read_debug_port_register
[2024-Nov-21 10:14:10] [trace] [ Client] - Command connect_to_emu_with_snr executed for 1202 milliseconds with result 0
[2024-Nov-21 10:14:10] [debug] [ Client] - read_connected_emu_snr
[2024-Nov-21 10:14:10] [debug] [SeggerBackend] - ---just_select_debug_port_register
[2024-Nov-21 10:14:10] [debug] [SeggerBackend] - Select AP 255, DP Bank 0, AP Bank 255
[2024-Nov-21 10:14:10] [trace] [  JLink] - JLINK_CORESIGHT_WriteAPDPReg(DP reg 0x02, 0x00000000)  
[2024-Nov-21 10:14:10] [trace] [  JLink] - - 0.177ms returns 0  
[2024-Nov-21 10:14:10] [trace] [  JLink] - JLINK_HasError()  
[2024-Nov-21 10:14:10] [trace] [  JLink] - JLINK_CORESIGHT_ReadAPDPReg(DP reg 0x00)  
[2024-Nov-21 10:14:10] [trace] [  JLink] - Value=0x6BA02477
[2024-Nov-21 10:14:10] [trace] [  JLink] - - 0.281ms returns 0  
[2024-Nov-21 10:14:10] [trace] [  JLink] - JLINK_HasError()  
[2024-Nov-21 10:14:10] [debug] [SeggerBackend] - ---just_select_debug_port_register
[2024-Nov-21 10:14:10] [trace] [  JLink] - JLINK_CORESIGHT_ReadAPDPReg(DP reg 0x00)  
[2024-Nov-21 10:14:10] [trace] [  JLink] - Value=0x6BA02477
[2024-Nov-21 10:14:10] [trace] [  JLink] - - 0.178ms returns 0  
[2024-Nov-21 10:14:10] [trace] [  JLink] - JLINK_HasError()  
[2024-Nov-21 10:14:10] [debug] [SeggerBackend] - read_access_port_idr
[2024-Nov-21 10:14:10] [debug] [SeggerBackend] - read_access_port_register
[2024-Nov-21 10:14:10] [debug] [SeggerBackend] - ---just_read_access_port_register
[2024-Nov-21 10:14:10] [debug] [SeggerBackend] - ---just_is_debug_region_powered
[2024-Nov-21 10:14:10] [debug] [SeggerBackend] - ---just_read_debug_port_register
[2024-Nov-21 10:14:10] [debug] [SeggerBackend] - ---just_select_debug_port_register
[2024-Nov-21 10:14:10] [trace] [  JLink] - JLINK_CORESIGHT_ReadAPDPReg(DP reg 0x01)  
[2024-Nov-21 10:14:10] [trace] [  JLink] - Value=0xF0000000
[2024-Nov-21 10:14:10] [trace] [  JLink] - - 0.256ms returns 0  
[2024-Nov-21 10:14:10] [trace] [  JLink] - JLINK_HasError()  
[2024-Nov-21 10:14:10] [debug] [SeggerBackend] - ---just_select_access_port_register
[2024-Nov-21 10:14:10] [debug] [SeggerBackend] - Select AP 0, DP Bank 0, AP Bank 15
[2024-Nov-21 10:14:10] [trace] [  JLink] - JLINK_CORESIGHT_WriteAPDPReg(DP reg 0x02, 0x000000F0)  
[2024-Nov-21 10:14:10] [trace] [  JLink] - - 0.180ms returns 0  
[2024-Nov-21 10:14:10] [trace] [  JLink] - JLINK_HasError()  
[2024-Nov-21 10:14:10] [trace] [  JLink] - JLINK_CORESIGHT_ReadAPDPReg(AP reg 0x03)  
[2024-Nov-21 10:14:10] [trace] [  JLink] - Value=0x84770001
[2024-Nov-21 10:14:10] [trace] [  JLink] - - 0.226ms returns 0  
[2024-Nov-21 10:14:10] [trace] [  JLink] - JLINK_HasError()  
[2024-Nov-21 10:14:10] [debug] [SeggerBackend] - read_access_port_register
[2024-Nov-21 10:14:10] [debug] [SeggerBackend] - ---just_read_access_port_register
[2024-Nov-21 10:14:10] [debug] [SeggerBackend] - ---just_select_access_port_register
[2024-Nov-21 10:14:10] [debug] [SeggerBackend] - Select AP 0, DP Bank 0, AP Bank 0
[2024-Nov-21 10:14:10] [trace] [  JLink] - JLINK_CORESIGHT_WriteAPDPReg(DP reg 0x02, 0x00000000)  
[2024-Nov-21 10:14:10] [trace] [  JLink] - - 0.224ms returns 0  
[2024-Nov-21 10:14:10] [trace] [  JLink] - JLINK_HasError()  
[2024-Nov-21 10:14:10] [trace] [  JLink] - JLINK_CORESIGHT_ReadAPDPReg(AP reg 0x00)  
[2024-Nov-21 10:14:10] [trace] [  JLink] - Value=0x43000002
[2024-Nov-21 10:14:10] [trace] [  JLink] - - 0.197ms returns 0  
[2024-Nov-21 10:14:10] [trace] [  JLink] - JLINK_HasError()  
[2024-Nov-21 10:14:10] [debug] [SeggerBackend] - read_access_port_idr
[2024-Nov-21 10:14:10] [debug] [SeggerBackend] - read_access_port_register
[2024-Nov-21 10:14:10] [debug] [SeggerBackend] - ---just_read_access_port_register
[2024-Nov-21 10:14:10] [debug] [SeggerBackend] - ---just_select_access_port_register
[2024-Nov-21 10:14:10] [debug] [SeggerBackend] - Select AP 1, DP Bank 0, AP Bank 15
[2024-Nov-21 10:14:10] [trace] [  JLink] - JLINK_CORESIGHT_WriteAPDPReg(DP reg 0x02, 0x010000F0)  
[2024-Nov-21 10:14:10] [trace] [  JLink] - - 0.153ms returns 0  
[2024-Nov-21 10:14:10] [trace] [  JLink] - JLINK_HasError()  
[2024-Nov-21 10:14:10] [trace] [  JLink] - JLINK_CORESIGHT_ReadAPDPReg(AP reg 0x03)  
[2024-Nov-21 10:14:10] [trace] [  JLink] - Value=0x84770001
[2024-Nov-21 10:14:10] [trace] [  JLink] - - 0.187ms returns 0  
[2024-Nov-21 10:14:10] [trace] [  JLink] - JLINK_HasError()  
[2024-Nov-21 10:14:10] [debug] [SeggerBackend] - read_access_port_register
[2024-Nov-21 10:14:10] [debug] [SeggerBackend] - ---just_read_access_port_register
[2024-Nov-21 10:14:10] [debug] [SeggerBackend] - ---just_select_access_port_register
[2024-Nov-21 10:14:10] [debug] [SeggerBackend] - Select AP 1, DP Bank 0, AP Bank 0
[2024-Nov-21 10:14:10] [trace] [  JLink] - JLINK_CORESIGHT_WriteAPDPReg(DP reg 0x02, 0x01000000)  
[2024-Nov-21 10:14:10] [trace] [  JLink] - - 0.181ms returns 0  
[2024-Nov-21 10:14:10] [trace] [  JLink] - JLINK_HasError()  
[2024-Nov-21 10:14:10] [trace] [  JLink] - JLINK_CORESIGHT_ReadAPDPReg(AP reg 0x00)  
[2024-Nov-21 10:14:10] [trace] [  JLink] - Value=0x43000002
[2024-Nov-21 10:14:10] [trace] [  JLink] - - 0.272ms returns 0  
[2024-Nov-21 10:14:10] [trace] [  JLink] - JLINK_HasError()  
[2024-Nov-21 10:14:10] [debug] [SeggerBackend] - read_access_port_idr
[2024-Nov-21 10:14:10] [debug] [SeggerBackend] - read_access_port_register
[2024-Nov-21 10:14:10] [debug] [SeggerBackend] - ---just_read_access_port_register
[2024-Nov-21 10:14:10] [debug] [SeggerBackend] - ---just_select_access_port_register
[2024-Nov-21 10:14:10] [debug] [SeggerBackend] - Select AP 2, DP Bank 0, AP Bank 15
[2024-Nov-21 10:14:10] [trace] [  JLink] - JLINK_CORESIGHT_WriteAPDPReg(DP reg 0x02, 0x020000F0)  
[2024-Nov-21 10:14:10] [trace] [  JLink] - - 0.161ms returns 0  
[2024-Nov-21 10:14:10] [trace] [  JLink] - JLINK_HasError()  
[2024-Nov-21 10:14:10] [trace] [  JLink] - JLINK_CORESIGHT_ReadAPDPReg(AP reg 0x03)  
[2024-Nov-21 10:14:10] [trace] [  JLink] - Value=0x12880000
[2024-Nov-21 10:14:10] [trace] [  JLink] - - 0.191ms returns 0  
[2024-Nov-21 10:14:10] [trace] [  JLink] - JLINK_HasError()  
[2024-Nov-21 10:14:10] [debug] [SeggerBackend] - read_access_port_register
[2024-Nov-21 10:14:10] [debug] [SeggerBackend] - ---just_read_access_port_register
[2024-Nov-21 10:14:10] [debug] [SeggerBackend] - ---just_select_access_port_register
[2024-Nov-21 10:14:10] [debug] [SeggerBackend] - Select AP 2, DP Bank 0, AP Bank 0
[2024-Nov-21 10:14:10] [trace] [  JLink] - JLINK_CORESIGHT_WriteAPDPReg(DP reg 0x02, 0x02000000)  
[2024-Nov-21 10:14:10] [trace] [  JLink] - - 0.163ms returns 0  
[2024-Nov-21 10:14:10] [trace] [  JLink] - JLINK_HasError()  
[2024-Nov-21 10:14:10] [trace] [  JLink] - JLINK_CORESIGHT_ReadAPDPReg(AP reg 0x00)  
[2024-Nov-21 10:14:10] [trace] [  JLink] - Value=0x00000000
[2024-Nov-21 10:14:10] [trace] [  JLink] - - 0.198ms returns 0  
[2024-Nov-21 10:14:10] [trace] [  JLink] - JLINK_HasError()  
[2024-Nov-21 10:14:10] [debug] [SeggerBackend] - read_access_port_idr
[2024-Nov-21 10:14:10] [debug] [SeggerBackend] - read_access_port_register
[2024-Nov-21 10:14:10] [debug] [SeggerBackend] - ---just_read_access_port_register
[2024-Nov-21 10:14:10] [debug] [SeggerBackend] - ---just_select_access_port_register
[2024-Nov-21 10:14:10] [debug] [SeggerBackend] - Select AP 3, DP Bank 0, AP Bank 15
[2024-Nov-21 10:14:10] [trace] [  JLink] - JLINK_CORESIGHT_WriteAPDPReg(DP reg 0x02, 0x030000F0)  
[2024-Nov-21 10:14:10] [trace] [  JLink] - - 0.226ms returns 0  
[2024-Nov-21 10:14:10] [trace] [  JLink] - JLINK_HasError()  
[2024-Nov-21 10:14:10] [trace] [  JLink] - JLINK_CORESIGHT_ReadAPDPReg(AP reg 0x03)  
[2024-Nov-21 10:14:10] [trace] [ Client] - Command read_connected_emu_snr executed for 6 milliseconds with result 0
[2024-Nov-21 10:14:10] [debug] [ Client] - read_device_family
[2024-Nov-21 10:14:10] [trace] [ Client] - Command read_device_family executed for 6 milliseconds with result 0
[2024-Nov-21 10:14:10] [debug] [ Client] - select_family
[2024-Nov-21 10:14:10] [trace] [  JLink] - Value=0x12880000
[2024-Nov-21 10:14:10] [trace] [  JLink] - - 0.185ms returns 0  
[2024-Nov-21 10:14:10] [trace] [  JLink] - JLINK_HasError()  
[2024-Nov-21 10:14:10] [debug] [SeggerBackend] - read_access_port_register
[2024-Nov-21 10:14:10] [debug] [SeggerBackend] - ---just_read_access_port_register
[2024-Nov-21 10:14:10] [debug] [SeggerBackend] - ---just_select_access_port_register
[2024-Nov-21 10:14:10] [debug] [SeggerBackend] - Select AP 3, DP Bank 0, AP Bank 0
[2024-Nov-21 10:14:10] [trace] [  JLink] - JLINK_CORESIGHT_WriteAPDPReg(DP reg 0x02, 0x03000000)  
[2024-Nov-21 10:14:10] [trace] [  JLink] - - 0.159ms returns 0  
[2024-Nov-21 10:14:10] [trace] [  JLink] - JLINK_HasError()  
[2024-Nov-21 10:14:10] [trace] [  JLink] - JLINK_CORESIGHT_ReadAPDPReg(AP reg 0x00)  
[2024-Nov-21 10:14:10] [trace] [  JLink] - Value=0x00000000
[2024-Nov-21 10:14:10] [trace] [  JLink] - - 0.178ms returns 0  
[2024-Nov-21 10:14:10] [trace] [  JLink] - JLINK_HasError()  
[2024-Nov-21 10:14:10] [debug] [SeggerBackend] - read_access_port_idr
[2024-Nov-21 10:14:10] [debug] [SeggerBackend] - read_access_port_register
[2024-Nov-21 10:14:10] [debug] [SeggerBackend] - ---just_read_access_port_register
[2024-Nov-21 10:14:10] [debug] [SeggerBackend] - ---just_select_access_port_register
[2024-Nov-21 10:14:10] [debug] [SeggerBackend] - Select AP 4, DP Bank 0, AP Bank 15
[2024-Nov-21 10:14:10] [trace] [  JLink] - JLINK_CORESIGHT_WriteAPDPReg(DP reg 0x02, 0x040000F0)  
[2024-Nov-21 10:14:10] [trace] [  JLink] - - 0.219ms returns 0  
[2024-Nov-21 10:14:10] [trace] [  JLink] - JLINK_HasError()  
[2024-Nov-21 10:14:10] [trace] [ Client] - Command select_family executed for 12 milliseconds with result 0
[2024-Nov-21 10:14:10] [debug] [ Client] - recover
[2024-Nov-21 10:14:10] [trace] [  JLink] - JLINK_CORESIGHT_ReadAPDPReg(AP reg 0x03)  
[2024-Nov-21 10:14:10] [trace] [  JLink] - Value=0x00000000
[2024-Nov-21 10:14:10] [trace] [  JLink] - - 0.257ms returns 0  
[2024-Nov-21 10:14:10] [trace] [  JLink] - JLINK_HasError()  
[2024-Nov-21 10:14:10] [debug] [SeggerBackend] - read_access_port_register
[2024-Nov-21 10:14:10] [debug] [SeggerBackend] - ---just_read_access_port_register
[2024-Nov-21 10:14:10] [debug] [SeggerBackend] - ---just_select_access_port_register
[2024-Nov-21 10:14:10] [debug] [SeggerBackend] - Select AP 4, DP Bank 0, AP Bank 0
[2024-Nov-21 10:14:10] [trace] [  JLink] - JLINK_CORESIGHT_WriteAPDPReg(DP reg 0x02, 0x04000000)  
[2024-Nov-21 10:14:10] [trace] [  JLink] - - 0.159ms returns 0  
[2024-Nov-21 10:14:10] [trace] [  JLink] - JLINK_HasError()  
[2024-Nov-21 10:14:10] [trace] [  JLink] - JLINK_CORESIGHT_ReadAPDPReg(AP reg 0x00)  
[2024-Nov-21 10:14:10] [trace] [  JLink] - Value=0x00000000
[2024-Nov-21 10:14:10] [trace] [  JLink] - - 0.182ms returns 0  
[2024-Nov-21 10:14:10] [trace] [  JLink] - JLINK_HasError()  
[2024-Nov-21 10:14:10] [debug] [SeggerBackend] - read_access_port_idr
[2024-Nov-21 10:14:10] [debug] [SeggerBackend] - read_access_port_register
[2024-Nov-21 10:14:10] [debug] [SeggerBackend] - ---just_read_access_port_register
[2024-Nov-21 10:14:10] [debug] [SeggerBackend] - ---just_select_access_port_register
[2024-Nov-21 10:14:10] [debug] [SeggerBackend] - Select AP 5, DP Bank 0, AP Bank 15
[2024-Nov-21 10:14:10] [trace] [  JLink] - JLINK_CORESIGHT_WriteAPDPReg(DP reg 0x02, 0x050000F0)  
[2024-Nov-21 10:14:10] [trace] [  JLink] - - 0.147ms returns 0  
[2024-Nov-21 10:14:10] [trace] [  JLink] - JLINK_HasError()  
[2024-Nov-21 10:14:10] [trace] [  JLink] - JLINK_CORESIGHT_ReadAPDPReg(AP reg 0x03)  
[2024-Nov-21 10:14:10] [trace] [  JLink] - Value=0x00000000
[2024-Nov-21 10:14:10] [trace] [  JLink] - - 0.226ms returns 0  
[2024-Nov-21 10:14:10] [trace] [  JLink] - JLINK_HasError()  
[2024-Nov-21 10:14:10] [debug] [SeggerBackend] - read_access_port_register
[2024-Nov-21 10:14:10] [debug] [SeggerBackend] - ---just_read_access_port_register
[2024-Nov-21 10:14:10] [debug] [SeggerBackend] - ---just_select_access_port_register
[2024-Nov-21 10:14:10] [debug] [SeggerBackend] - Select AP 5, DP Bank 0, AP Bank 0
[2024-Nov-21 10:14:10] [trace] [  JLink] - JLINK_CORESIGHT_WriteAPDPReg(DP reg 0x02, 0x05000000)  
[2024-Nov-21 10:14:10] [trace] [  JLink] - - 0.227ms returns 0  
[2024-Nov-21 10:14:10] [trace] [  JLink] - JLINK_HasError()  
[2024-Nov-21 10:14:10] [trace] [  JLink] - JLINK_CORESIGHT_ReadAPDPReg(AP reg 0x00)  
[2024-Nov-21 10:14:10] [trace] [  JLink] - Value=0x00000000
[2024-Nov-21 10:14:10] [trace] [  JLink] - - 0.175ms returns 0  
[2024-Nov-21 10:14:10] [trace] [  JLink] - JLINK_HasError()  
[2024-Nov-21 10:14:10] [debug] [SeggerBackend] - read_access_port_idr
[2024-Nov-21 10:14:10] [debug] [SeggerBackend] - read_access_port_register
[2024-Nov-21 10:14:10] [debug] [SeggerBackend] - ---just_read_access_port_register
[2024-Nov-21 10:14:10] [debug] [SeggerBackend] - ---just_select_access_port_register
[2024-Nov-21 10:14:10] [debug] [SeggerBackend] - Select AP 6, DP Bank 0, AP Bank 15
[2024-Nov-21 10:14:10] [trace] [  JLink] - JLINK_CORESIGHT_WriteAPDPReg(DP reg 0x02, 0x060000F0)  
[2024-Nov-21 10:14:10] [trace] [  JLink] - - 0.161ms returns 0  
[2024-Nov-21 10:14:10] [trace] [  JLink] - JLINK_HasError()  
[2024-Nov-21 10:14:10] [trace] [  JLink] - JLINK_CORESIGHT_ReadAPDPReg(AP reg 0x03)  
[2024-Nov-21 10:14:10] [trace] [  JLink] - Value=0x00000000
[2024-Nov-21 10:14:10] [trace] [  JLink] - - 0.181ms returns 0  
[2024-Nov-21 10:14:10] [trace] [  JLink] - JLINK_HasError()  
[2024-Nov-21 10:14:10] [debug] [SeggerBackend] - read_access_port_register
[2024-Nov-21 10:14:10] [debug] [SeggerBackend] - ---just_read_access_port_register
[2024-Nov-21 10:14:10] [debug] [SeggerBackend] - ---just_select_access_port_register
[2024-Nov-21 10:14:10] [debug] [SeggerBackend] - Select AP 6, DP Bank 0, AP Bank 0
[2024-Nov-21 10:14:10] [trace] [  JLink] - JLINK_CORESIGHT_WriteAPDPReg(DP reg 0x02, 0x06000000)  
[2024-Nov-21 10:14:10] [trace] [  JLink] - - 0.227ms returns 0  
[2024-Nov-21 10:14:10] [trace] [  JLink] - JLINK_HasError()  
[2024-Nov-21 10:14:10] [trace] [  JLink] - JLINK_CORESIGHT_ReadAPDPReg(AP reg 0x00)  
[2024-Nov-21 10:14:10] [trace] [  JLink] - Value=0x00000000
[2024-Nov-21 10:14:10] [trace] [  JLink] - - 0.254ms returns 0  
[2024-Nov-21 10:14:10] [trace] [  JLink] - JLINK_HasError()  
[2024-Nov-21 10:14:10] [debug] [SeggerBackend] - read_access_port_idr
[2024-Nov-21 10:14:10] [debug] [SeggerBackend] - read_access_port_register
[2024-Nov-21 10:14:10] [debug] [SeggerBackend] - ---just_read_access_port_register
[2024-Nov-21 10:14:10] [debug] [SeggerBackend] - ---just_select_access_port_register
[2024-Nov-21 10:14:10] [debug] [SeggerBackend] - Select AP 7, DP Bank 0, AP Bank 15
[2024-Nov-21 10:14:10] [trace] [  JLink] - JLINK_CORESIGHT_WriteAPDPReg(DP reg 0x02, 0x070000F0)  
[2024-Nov-21 10:14:10] [trace] [  JLink] - - 0.160ms returns 0  
[2024-Nov-21 10:14:10] [trace] [  JLink] - JLINK_HasError()  
[2024-Nov-21 10:14:10] [trace] [  JLink] - JLINK_CORESIGHT_ReadAPDPReg(AP reg 0x03)  
[2024-Nov-21 10:14:10] [trace] [  JLink] - Value=0x00000000
[2024-Nov-21 10:14:10] [trace] [  JLink] - - 0.200ms returns 0  
[2024-Nov-21 10:14:10] [trace] [  JLink] - JLINK_HasError()  
[2024-Nov-21 10:14:10] [debug] [SeggerBackend] - read_access_port_register
[2024-Nov-21 10:14:10] [debug] [SeggerBackend] - ---just_read_access_port_register
[2024-Nov-21 10:14:10] [debug] [SeggerBackend] - ---just_select_access_port_register
[2024-Nov-21 10:14:10] [debug] [SeggerBackend] - Select AP 7, DP Bank 0, AP Bank 0
[2024-Nov-21 10:14:10] [trace] [  JLink] - JLINK_CORESIGHT_WriteAPDPReg(DP reg 0x02, 0x07000000)  
[2024-Nov-21 10:14:10] [trace] [  JLink] - - 0.167ms returns 0  
[2024-Nov-21 10:14:10] [trace] [  JLink] - JLINK_HasError()  
[2024-Nov-21 10:14:10] [trace] [  JLink] - JLINK_CORESIGHT_ReadAPDPReg(AP reg 0x00)  
[2024-Nov-21 10:14:10] [trace] [  JLink] - Value=0x00000000
[2024-Nov-21 10:14:10] [trace] [  JLink] - - 0.186ms returns 0  
[2024-Nov-21 10:14:10] [trace] [  JLink] - JLINK_HasError()  
[2024-Nov-21 10:14:10] [debug] [SeggerBackend] - read_access_port_idr
[2024-Nov-21 10:14:10] [debug] [SeggerBackend] - read_access_port_register
[2024-Nov-21 10:14:10] [debug] [SeggerBackend] - ---just_read_access_port_register
[2024-Nov-21 10:14:10] [debug] [SeggerBackend] - ---just_select_access_port_register
[2024-Nov-21 10:14:10] [debug] [SeggerBackend] - Select AP 8, DP Bank 0, AP Bank 15
[2024-Nov-21 10:14:10] [trace] [  JLink] - JLINK_CORESIGHT_WriteAPDPReg(DP reg 0x02, 0x080000F0)  
[2024-Nov-21 10:14:10] [trace] [  JLink] - - 0.229ms returns 0  
[2024-Nov-21 10:14:10] [trace] [  JLink] - JLINK_HasError()  
[2024-Nov-21 10:14:10] [trace] [  JLink] - JLINK_CORESIGHT_ReadAPDPReg(AP reg 0x03)  
[2024-Nov-21 10:14:10] [trace] [  JLink] - Value=0x00000000
[2024-Nov-21 10:14:10] [trace] [  JLink] - - 0.184ms returns 0  
[2024-Nov-21 10:14:10] [trace] [  JLink] - JLINK_HasError()  
[2024-Nov-21 10:14:10] [debug] [SeggerBackend] - read_access_port_register
[2024-Nov-21 10:14:10] [debug] [SeggerBackend] - ---just_read_access_port_register
[2024-Nov-21 10:14:10] [debug] [SeggerBackend] - ---just_select_access_port_register
[2024-Nov-21 10:14:10] [debug] [SeggerBackend] - Select AP 8, DP Bank 0, AP Bank 0
[2024-Nov-21 10:14:10] [trace] [  JLink] - JLINK_CORESIGHT_WriteAPDPReg(DP reg 0x02, 0x08000000)  
[2024-Nov-21 10:14:10] [trace] [  JLink] - - 0.159ms returns 0  
[2024-Nov-21 10:14:10] [trace] [  JLink] - JLINK_HasError()  
[2024-Nov-21 10:14:10] [trace] [  JLink] - JLINK_CORESIGHT_ReadAPDPReg(AP reg 0x00)  
[2024-Nov-21 10:14:10] [trace] [  JLink] - Value=0x00000000
[2024-Nov-21 10:14:10] [trace] [  JLink] - - 0.194ms returns 0  
[2024-Nov-21 10:14:10] [trace] [  JLink] - JLINK_HasError()  
[2024-Nov-21 10:14:10] [debug] [SeggerBackend] - read_access_port_idr
[2024-Nov-21 10:14:10] [debug] [SeggerBackend] - read_access_port_register
[2024-Nov-21 10:14:10] [debug] [SeggerBackend] - ---just_read_access_port_register
[2024-Nov-21 10:14:10] [debug] [SeggerBackend] - ---just_select_access_port_register
[2024-Nov-21 10:14:10] [debug] [SeggerBackend] - Select AP 9, DP Bank 0, AP Bank 15
[2024-Nov-21 10:14:10] [trace] [  JLink] - JLINK_CORESIGHT_WriteAPDPReg(DP reg 0x02, 0x090000F0)  
[2024-Nov-21 10:14:10] [trace] [  JLink] - - 0.210ms returns 0  
[2024-Nov-21 10:14:10] [trace] [  JLink] - JLINK_HasError()  
[2024-Nov-21 10:14:10] [trace] [  JLink] - JLINK_CORESIGHT_ReadAPDPReg(AP reg 0x03)  
[2024-Nov-21 10:14:10] [trace] [  JLink] - Value=0x00000000
[2024-Nov-21 10:14:10] [trace] [  JLink] - - 0.260ms returns 0  
[2024-Nov-21 10:14:10] [trace] [  JLink] - JLINK_HasError()  
[2024-Nov-21 10:14:10] [debug] [SeggerBackend] - read_access_port_register
[2024-Nov-21 10:14:10] [debug] [SeggerBackend] - ---just_read_access_port_register
[2024-Nov-21 10:14:10] [debug] [SeggerBackend] - ---just_select_access_port_register
[2024-Nov-21 10:14:10] [debug] [SeggerBackend] - Select AP 9, DP Bank 0, AP Bank 0
[2024-Nov-21 10:14:10] [trace] [  JLink] - JLINK_CORESIGHT_WriteAPDPReg(DP reg 0x02, 0x09000000)  
[2024-Nov-21 10:14:10] [trace] [  JLink] - - 0.165ms returns 0  
[2024-Nov-21 10:14:10] [trace] [  JLink] - JLINK_HasError()  
[2024-Nov-21 10:14:10] [trace] [  JLink] - JLINK_CORESIGHT_ReadAPDPReg(AP reg 0x00)  
[2024-Nov-21 10:14:10] [trace] [  JLink] - Value=0x00000000
[2024-Nov-21 10:14:10] [trace] [  JLink] - - 0.193ms returns 0  
[2024-Nov-21 10:14:10] [trace] [  JLink] - JLINK_HasError()  
[2024-Nov-21 10:14:10] [debug] [SeggerBackend] - read_access_port_idr
[2024-Nov-21 10:14:10] [debug] [SeggerBackend] - read_access_port_register
[2024-Nov-21 10:14:10] [debug] [SeggerBackend] - ---just_read_access_port_register
[2024-Nov-21 10:14:10] [debug] [SeggerBackend] - ---just_select_access_port_register
[2024-Nov-21 10:14:10] [debug] [SeggerBackend] - Select AP 10, DP Bank 0, AP Bank 15
[2024-Nov-21 10:14:10] [trace] [  JLink] - JLINK_CORESIGHT_WriteAPDPReg(DP reg 0x02, 0x0A0000F0)  
[2024-Nov-21 10:14:10] [trace] [  JLink] - - 0.160ms returns 0  
[2024-Nov-21 10:14:10] [trace] [  JLink] - JLINK_HasError()  
[2024-Nov-21 10:14:10] [trace] [  JLink] - JLINK_CORESIGHT_ReadAPDPReg(AP reg 0x03)  
[2024-Nov-21 10:14:10] [trace] [  JLink] - Value=0x00000000
[2024-Nov-21 10:14:10] [trace] [  JLink] - - 0.192ms returns 0  
[2024-Nov-21 10:14:10] [trace] [  JLink] - JLINK_HasError()  
[2024-Nov-21 10:14:10] [debug] [SeggerBackend] - read_access_port_register
[2024-Nov-21 10:14:10] [debug] [SeggerBackend] - ---just_read_access_port_register
[2024-Nov-21 10:14:10] [debug] [SeggerBackend] - ---just_select_access_port_register
[2024-Nov-21 10:14:10] [debug] [SeggerBackend] - Select AP 10, DP Bank 0, AP Bank 0
[2024-Nov-21 10:14:10] [trace] [  JLink] - JLINK_CORESIGHT_WriteAPDPReg(DP reg 0x02, 0x0A000000)  
[2024-Nov-21 10:14:10] [trace] [  JLink] - - 0.217ms returns 0  
[2024-Nov-21 10:14:10] [trace] [  JLink] - JLINK_HasError()  
[2024-Nov-21 10:14:10] [trace] [  JLink] - JLINK_CORESIGHT_ReadAPDPReg(AP reg 0x00)  
[2024-Nov-21 10:14:10] [trace] [  JLink] - Value=0x00000000
[2024-Nov-21 10:14:10] [trace] [  JLink] - - 0.184ms returns 0  
[2024-Nov-21 10:14:10] [trace] [  JLink] - JLINK_HasError()  
[2024-Nov-21 10:14:10] [debug] [SeggerBackend] - read_access_port_idr
[2024-Nov-21 10:14:10] [debug] [SeggerBackend] - read_access_port_register
[2024-Nov-21 10:14:10] [debug] [SeggerBackend] - ---just_read_access_port_register
[2024-Nov-21 10:14:10] [debug] [SeggerBackend] - ---just_select_access_port_register
[2024-Nov-21 10:14:10] [debug] [SeggerBackend] - Select AP 11, DP Bank 0, AP Bank 15
[2024-Nov-21 10:14:10] [trace] [  JLink] - JLINK_CORESIGHT_WriteAPDPReg(DP reg 0x02, 0x0B0000F0)  
[2024-Nov-21 10:14:10] [trace] [  JLink] - - 0.163ms returns 0  
[2024-Nov-21 10:14:10] [trace] [  JLink] - JLINK_HasError()  
[2024-Nov-21 10:14:10] [trace] [  JLink] - JLINK_CORESIGHT_ReadAPDPReg(AP reg 0x03)  
[2024-Nov-21 10:14:10] [trace] [  JLink] - Value=0x00000000
[2024-Nov-21 10:14:10] [trace] [  JLink] - - 0.184ms returns 0  
[2024-Nov-21 10:14:10] [trace] [  JLink] - JLINK_HasError()  
[2024-Nov-21 10:14:10] [debug] [SeggerBackend] - read_access_port_register
[2024-Nov-21 10:14:10] [debug] [SeggerBackend] - ---just_read_access_port_register
[2024-Nov-21 10:14:10] [debug] [SeggerBackend] - ---just_select_access_port_register
[2024-Nov-21 10:14:10] [debug] [SeggerBackend] - Select AP 11, DP Bank 0, AP Bank 0
[2024-Nov-21 10:14:10] [trace] [  JLink] - JLINK_CORESIGHT_WriteAPDPReg(DP reg 0x02, 0x0B000000)  
[2024-Nov-21 10:14:10] [trace] [  JLink] - - 0.210ms returns 0  
[2024-Nov-21 10:14:10] [trace] [  JLink] - JLINK_HasError()  
[2024-Nov-21 10:14:10] [trace] [  JLink] - JLINK_CORESIGHT_ReadAPDPReg(AP reg 0x00)  
[2024-Nov-21 10:14:10] [trace] [  JLink] - Value=0x00000000
[2024-Nov-21 10:14:10] [trace] [  JLink] - - 0.259ms returns 0  
[2024-Nov-21 10:14:10] [trace] [  JLink] - JLINK_HasError()  
[2024-Nov-21 10:14:10] [debug] [SeggerBackend] - read_access_port_idr
[2024-Nov-21 10:14:10] [debug] [SeggerBackend] - read_access_port_register
[2024-Nov-21 10:14:10] [debug] [SeggerBackend] - ---just_read_access_port_register
[2024-Nov-21 10:14:10] [debug] [SeggerBackend] - ---just_select_access_port_register
[2024-Nov-21 10:14:10] [debug] [SeggerBackend] - Select AP 12, DP Bank 0, AP Bank 15
[2024-Nov-21 10:14:10] [trace] [  JLink] - JLINK_CORESIGHT_WriteAPDPReg(DP reg 0x02, 0x0C0000F0)  
[2024-Nov-21 10:14:10] [trace] [  JLink] - - 0.158ms returns 0  
[2024-Nov-21 10:14:10] [trace] [  JLink] - JLINK_HasError()  
[2024-Nov-21 10:14:10] [trace] [  JLink] - JLINK_CORESIGHT_ReadAPDPReg(AP reg 0x03)  
[2024-Nov-21 10:14:10] [trace] [  JLink] - Value=0x00000000
[2024-Nov-21 10:14:10] [trace] [  JLink] - - 0.186ms returns 0  
[2024-Nov-21 10:14:10] [trace] [  JLink] - JLINK_HasError()  
[2024-Nov-21 10:14:10] [debug] [SeggerBackend] - read_access_port_register
[2024-Nov-21 10:14:10] [debug] [SeggerBackend] - ---just_read_access_port_register
[2024-Nov-21 10:14:10] [debug] [SeggerBackend] - ---just_select_access_port_register
[2024-Nov-21 10:14:10] [debug] [SeggerBackend] - Select AP 12, DP Bank 0, AP Bank 0
[2024-Nov-21 10:14:10] [trace] [  JLink] - JLINK_CORESIGHT_WriteAPDPReg(DP reg 0x02, 0x0C000000)  
[2024-Nov-21 10:14:10] [trace] [  JLink] - - 0.161ms returns 0  
[2024-Nov-21 10:14:10] [trace] [  JLink] - JLINK_HasError()  
[2024-Nov-21 10:14:10] [trace] [  JLink] - JLINK_CORESIGHT_ReadAPDPReg(AP reg 0x00)  
[2024-Nov-21 10:14:10] [trace] [  JLink] - Value=0x00000000
[2024-Nov-21 10:14:10] [trace] [  JLink] - - 0.208ms returns 0  
[2024-Nov-21 10:14:10] [trace] [  JLink] - JLINK_HasError()  
[2024-Nov-21 10:14:10] [debug] [SeggerBackend] - read_access_port_idr
[2024-Nov-21 10:14:10] [debug] [SeggerBackend] - read_access_port_register
[2024-Nov-21 10:14:10] [debug] [SeggerBackend] - ---just_read_access_port_register
[2024-Nov-21 10:14:10] [debug] [SeggerBackend] - ---just_select_access_port_register
[2024-Nov-21 10:14:10] [debug] [SeggerBackend] - Select AP 13, DP Bank 0, AP Bank 15
[2024-Nov-21 10:14:10] [trace] [  JLink] - JLINK_CORESIGHT_WriteAPDPReg(DP reg 0x02, 0x0D0000F0)  
[2024-Nov-21 10:14:10] [trace] [  JLink] - - 0.231ms returns 0  
[2024-Nov-21 10:14:10] [trace] [  JLink] - JLINK_HasError()  
[2024-Nov-21 10:14:10] [trace] [  JLink] - JLINK_CORESIGHT_ReadAPDPReg(AP reg 0x03)  
[2024-Nov-21 10:14:10] [trace] [  JLink] - Value=0x00000000
[2024-Nov-21 10:14:10] [trace] [  JLink] - - 0.184ms returns 0  
[2024-Nov-21 10:14:10] [trace] [  JLink] - JLINK_HasError()  
[2024-Nov-21 10:14:10] [debug] [SeggerBackend] - read_access_port_register
[2024-Nov-21 10:14:10] [debug] [SeggerBackend] - ---just_read_access_port_register
[2024-Nov-21 10:14:10] [debug] [SeggerBackend] - ---just_select_access_port_register
[2024-Nov-21 10:14:10] [debug] [SeggerBackend] - Select AP 13, DP Bank 0, AP Bank 0
[2024-Nov-21 10:14:10] [trace] [  JLink] - JLINK_CORESIGHT_WriteAPDPReg(DP reg 0x02, 0x0D000000)  
[2024-Nov-21 10:14:10] [trace] [  JLink] - - 0.154ms returns 0  
[2024-Nov-21 10:14:10] [trace] [  JLink] - JLINK_HasError()  
[2024-Nov-21 10:14:10] [trace] [  JLink] - JLINK_CORESIGHT_ReadAPDPReg(AP reg 0x00)  
[2024-Nov-21 10:14:10] [trace] [  JLink] - Value=0x00000000
[2024-Nov-21 10:14:10] [trace] [  JLink] - - 0.186ms returns 0  
[2024-Nov-21 10:14:10] [trace] [  JLink] - JLINK_HasError()  
[2024-Nov-21 10:14:10] [debug] [SeggerBackend] - read_access_port_idr
[2024-Nov-21 10:14:10] [debug] [SeggerBackend] - read_access_port_register
[2024-Nov-21 10:14:10] [debug] [SeggerBackend] - ---just_read_access_port_register
[2024-Nov-21 10:14:10] [debug] [SeggerBackend] - ---just_select_access_port_register
[2024-Nov-21 10:14:10] [debug] [SeggerBackend] - Select AP 14, DP Bank 0, AP Bank 15
[2024-Nov-21 10:14:10] [trace] [  JLink] - JLINK_CORESIGHT_WriteAPDPReg(DP reg 0x02, 0x0E0000F0)  
[2024-Nov-21 10:14:10] [trace] [  JLink] - - 0.204ms returns 0  
[2024-Nov-21 10:14:10] [trace] [  JLink] - JLINK_HasError()  
[2024-Nov-21 10:14:10] [trace] [  JLink] - JLINK_CORESIGHT_ReadAPDPReg(AP reg 0x03)  
[2024-Nov-21 10:14:10] [trace] [  JLink] - Value=0x00000000
[2024-Nov-21 10:14:10] [trace] [  JLink] - - 0.258ms returns 0  
[2024-Nov-21 10:14:10] [trace] [  JLink] - JLINK_HasError()  
[2024-Nov-21 10:14:10] [debug] [SeggerBackend] - read_access_port_register
[2024-Nov-21 10:14:10] [debug] [SeggerBackend] - ---just_read_access_port_register
[2024-Nov-21 10:14:10] [debug] [SeggerBackend] - ---just_select_access_port_register
[2024-Nov-21 10:14:10] [debug] [SeggerBackend] - Select AP 14, DP Bank 0, AP Bank 0
[2024-Nov-21 10:14:10] [trace] [  JLink] - JLINK_CORESIGHT_WriteAPDPReg(DP reg 0x02, 0x0E000000)  
[2024-Nov-21 10:14:10] [trace] [  JLink] - - 0.149ms returns 0  
[2024-Nov-21 10:14:10] [trace] [  JLink] - JLINK_HasError()  
[2024-Nov-21 10:14:10] [trace] [  JLink] - JLINK_CORESIGHT_ReadAPDPReg(AP reg 0x00)  
[2024-Nov-21 10:14:10] [trace] [  JLink] - Value=0x00000000
[2024-Nov-21 10:14:10] [trace] [  JLink] - - 0.197ms returns 0  
[2024-Nov-21 10:14:10] [trace] [  JLink] - JLINK_HasError()  
[2024-Nov-21 10:14:10] [debug] [SeggerBackend] - read_access_port_idr
[2024-Nov-21 10:14:10] [debug] [SeggerBackend] - read_access_port_register
[2024-Nov-21 10:14:10] [debug] [SeggerBackend] - ---just_read_access_port_register
[2024-Nov-21 10:14:10] [debug] [SeggerBackend] - ---just_select_access_port_register
[2024-Nov-21 10:14:10] [debug] [SeggerBackend] - Select AP 15, DP Bank 0, AP Bank 15
[2024-Nov-21 10:14:10] [trace] [  JLink] - JLINK_CORESIGHT_WriteAPDPReg(DP reg 0x02, 0x0F0000F0)  
[2024-Nov-21 10:14:10] [trace] [  JLink] - - 0.191ms returns 0  
[2024-Nov-21 10:14:10] [trace] [  JLink] - JLINK_HasError()  
[2024-Nov-21 10:14:10] [trace] [  JLink] - JLINK_CORESIGHT_ReadAPDPReg(AP reg 0x03)  
[2024-Nov-21 10:14:10] [trace] [  JLink] - Value=0x00000000
[2024-Nov-21 10:14:10] [trace] [  JLink] - - 0.308ms returns 0  
[2024-Nov-21 10:14:10] [trace] [  JLink] - JLINK_HasError()  
[2024-Nov-21 10:14:10] [debug] [SeggerBackend] - read_access_port_register
[2024-Nov-21 10:14:10] [debug] [SeggerBackend] - ---just_read_access_port_register
[2024-Nov-21 10:14:10] [debug] [SeggerBackend] - ---just_select_access_port_register
[2024-Nov-21 10:14:10] [debug] [SeggerBackend] - Select AP 15, DP Bank 0, AP Bank 0
[2024-Nov-21 10:14:10] [trace] [  JLink] - JLINK_CORESIGHT_WriteAPDPReg(DP reg 0x02, 0x0F000000)  
[2024-Nov-21 10:14:10] [trace] [  JLink] - - 0.160ms returns 0  
[2024-Nov-21 10:14:10] [trace] [  JLink] - JLINK_HasError()  
[2024-Nov-21 10:14:10] [trace] [  JLink] - JLINK_CORESIGHT_ReadAPDPReg(AP reg 0x00)  
[2024-Nov-21 10:14:10] [trace] [  JLink] - Value=0x00000000
[2024-Nov-21 10:14:10] [trace] [  JLink] - - 0.188ms returns 0  
[2024-Nov-21 10:14:10] [trace] [  JLink] - JLINK_HasError()  
[2024-Nov-21 10:14:10] [debug] [SeggerBackend] - read_access_port_idr
[2024-Nov-21 10:14:10] [debug] [SeggerBackend] - read_access_port_register
[2024-Nov-21 10:14:10] [debug] [SeggerBackend] - ---just_read_access_port_register
[2024-Nov-21 10:14:10] [debug] [SeggerBackend] - ---just_select_access_port_register
[2024-Nov-21 10:14:10] [debug] [SeggerBackend] - Select AP 16, DP Bank 0, AP Bank 15
[2024-Nov-21 10:14:10] [trace] [  JLink] - JLINK_CORESIGHT_WriteAPDPReg(DP reg 0x02, 0x100000F0)  
[2024-Nov-21 10:14:10] [trace] [  JLink] - - 0.157ms returns 0  
[2024-Nov-21 10:14:10] [trace] [  JLink] - JLINK_HasError()  
[2024-Nov-21 10:14:10] [trace] [  JLink] - JLINK_CORESIGHT_ReadAPDPReg(AP reg 0x03)  
[2024-Nov-21 10:14:10] [trace] [  JLink] - Value=0x00000000
[2024-Nov-21 10:14:10] [trace] [  JLink] - - 0.192ms returns 0  
[2024-Nov-21 10:14:10] [trace] [  JLink] - JLINK_HasError()  
[2024-Nov-21 10:14:10] [debug] [SeggerBackend] - read_access_port_register
[2024-Nov-21 10:14:10] [debug] [SeggerBackend] - ---just_read_access_port_register
[2024-Nov-21 10:14:10] [debug] [SeggerBackend] - ---just_select_access_port_register
[2024-Nov-21 10:14:10] [debug] [SeggerBackend] - Select AP 16, DP Bank 0, AP Bank 0
[2024-Nov-21 10:14:10] [trace] [  JLink] - JLINK_CORESIGHT_WriteAPDPReg(DP reg 0x02, 0x10000000)  
[2024-Nov-21 10:14:10] [trace] [  JLink] - - 0.268ms returns 0  
[2024-Nov-21 10:14:10] [trace] [  JLink] - JLINK_HasError()  
[2024-Nov-21 10:14:10] [trace] [  JLink] - JLINK_CORESIGHT_ReadAPDPReg(AP reg 0x00)  
[2024-Nov-21 10:14:10] [trace] [  JLink] - Value=0x00000000
[2024-Nov-21 10:14:10] [trace] [  JLink] - - 0.186ms returns 0  
[2024-Nov-21 10:14:10] [trace] [  JLink] - JLINK_HasError()  
[2024-Nov-21 10:14:10] [debug] [SeggerBackend] - read_access_port_idr
[2024-Nov-21 10:14:10] [debug] [SeggerBackend] - read_access_port_register
[2024-Nov-21 10:14:10] [debug] [SeggerBackend] - ---just_read_access_port_register
[2024-Nov-21 10:14:10] [debug] [SeggerBackend] - ---just_select_access_port_register
[2024-Nov-21 10:14:10] [debug] [SeggerBackend] - Select AP 17, DP Bank 0, AP Bank 15
[2024-Nov-21 10:14:10] [trace] [  JLink] - JLINK_CORESIGHT_WriteAPDPReg(DP reg 0x02, 0x110000F0)  
[2024-Nov-21 10:14:10] [trace] [  JLink] - - 0.152ms returns 0  
[2024-Nov-21 10:14:10] [trace] [  JLink] - JLINK_HasError()  
[2024-Nov-21 10:14:10] [trace] [  JLink] - JLINK_CORESIGHT_ReadAPDPReg(AP reg 0x03)  
[2024-Nov-21 10:14:10] [trace] [  JLink] - Value=0x00000000
[2024-Nov-21 10:14:10] [trace] [  JLink] - - 0.186ms returns 0  
[2024-Nov-21 10:14:10] [trace] [  JLink] - JLINK_HasError()  
[2024-Nov-21 10:14:10] [debug] [SeggerBackend] - read_access_port_register
[2024-Nov-21 10:14:10] [debug] [SeggerBackend] - ---just_read_access_port_register
[2024-Nov-21 10:14:10] [debug] [SeggerBackend] - ---just_select_access_port_register
[2024-Nov-21 10:14:10] [debug] [SeggerBackend] - Select AP 17, DP Bank 0, AP Bank 0
[2024-Nov-21 10:14:10] [trace] [  JLink] - JLINK_CORESIGHT_WriteAPDPReg(DP reg 0x02, 0x11000000)  
[2024-Nov-21 10:14:10] [trace] [  JLink] - - 0.157ms returns 0  
[2024-Nov-21 10:14:10] [trace] [  JLink] - JLINK_HasError()  
[2024-Nov-21 10:14:10] [trace] [  JLink] - JLINK_CORESIGHT_ReadAPDPReg(AP reg 0x00)  
[2024-Nov-21 10:14:10] [trace] [  JLink] - Value=0x00000000
[2024-Nov-21 10:14:10] [trace] [  JLink] - - 0.296ms returns 0  
[2024-Nov-21 10:14:10] [trace] [  JLink] - JLINK_HasError()  
[2024-Nov-21 10:14:10] [debug] [SeggerBackend] - read_access_port_register
[2024-Nov-21 10:14:10] [debug] [SeggerBackend] - ---just_read_access_port_register
[2024-Nov-21 10:14:10] [debug] [SeggerBackend] - ---just_select_access_port_register
[2024-Nov-21 10:14:10] [debug] [SeggerBackend] - Select AP 2, DP Bank 0, AP Bank 3
[2024-Nov-21 10:14:10] [trace] [  JLink] - JLINK_CORESIGHT_WriteAPDPReg(DP reg 0x02, 0x02000030)  
[2024-Nov-21 10:14:10] [trace] [  JLink] - - 0.157ms returns 0  
[2024-Nov-21 10:14:10] [trace] [  JLink] - JLINK_HasError()  
[2024-Nov-21 10:14:10] [trace] [  JLink] - JLINK_CORESIGHT_ReadAPDPReg(AP reg 0x00)  
[2024-Nov-21 10:14:10] [trace] [  JLink] - Value=0x00000007
[2024-Nov-21 10:14:10] [trace] [  JLink] - - 0.188ms returns 0  
[2024-Nov-21 10:14:10] [trace] [  JLink] - JLINK_HasError()  
[2024-Nov-21 10:14:10] [ info] [  nRFXX] - Discovered device from family NRF53.
[2024-Nov-21 10:14:10] [trace] [  JLink] - - 0.019ms  
[2024-Nov-21 10:14:10] [debug] [  nRF53] - Just_load_coprocessor_data
[2024-Nov-21 10:14:10] [debug] [SeggerBackend] - set_core_data
[2024-Nov-21 10:14:10] [debug] [SeggerBackend] - Set core data:
[2024-Nov-21 10:14:10] [debug] [SeggerBackend] -   Device ID: Cortex-M33
[2024-Nov-21 10:14:10] [debug] [SeggerBackend] -   Expected core: 235012351
[2024-Nov-21 10:14:10] [debug] [SeggerBackend] -   Existing Expected core: 4294967295
[2024-Nov-21 10:14:10] [debug] [SeggerBackend] -   Coprocessor: APPLICATION
[2024-Nov-21 10:14:10] [debug] [SeggerBackend] -   AHB AP index: 0
[2024-Nov-21 10:14:10] [debug] [SeggerBackend] -   Core base address: 4294967295
[2024-Nov-21 10:14:10] [debug] [SeggerBackend] - ---set_coresight_ahb_ap_index
[2024-Nov-21 10:14:10] [trace] [  JLink] - JLINK_ExecCommand("CORESIGHT_SetIndexAHBAPToUse = 0", ...).   
[2024-Nov-21 10:14:10] [trace] [  JLink] - - 0.001ms returns 0x00  
[2024-Nov-21 10:14:10] [trace] [  JLink] - JLINK_HasError()  
[2024-Nov-21 10:14:10] [trace] [  JLink] - JLINK_ExecCommand("device = Cortex-M33", ...).   
[2024-Nov-21 10:14:10] [trace] [  JLink] - Device "CORTEX-M33" selected.
[2024-Nov-21 10:14:10] [trace] [  JLink] - Device "CORTEX-M33" selected.
[2024-Nov-21 10:14:10] [trace] [  JLink] - - 3.777ms returns 0x00  
[2024-Nov-21 10:14:10] [trace] [  JLink] - JLINK_HasError()  
[2024-Nov-21 10:14:10] [trace] [ Worker] - Command connect_to_emu_with_snr executed for 1191 milliseconds with result 0
[2024-Nov-21 10:14:10] [debug] [  nRF53] - read_connected_emu_snr
[2024-Nov-21 10:14:10] [debug] [SeggerBackend] - is_connected_to_emu
[2024-Nov-21 10:14:10] [trace] [  JLink] - JLINK_IsOpen()  
[2024-Nov-21 10:14:10] [trace] [  JLink] - - 0.003ms returns 0x01  
[2024-Nov-21 10:14:10] [trace] [  JLink] - JLINK_HasError()  
[2024-Nov-21 10:14:10] [trace] [  JLink] - JLINK_Lock()  
[2024-Nov-21 10:14:10] [debug] [SeggerBackend] - read_connected_emu_snr
[2024-Nov-21 10:14:10] [trace] [  JLink] - - 0.001ms  
[2024-Nov-21 10:14:10] [trace] [ Worker] - Command read_connected_emu_snr executed for 0 milliseconds with result 0
[2024-Nov-21 10:14:10] [debug] [  nRF53] - read_device_family
[2024-Nov-21 10:14:10] [trace] [ Worker] - Command read_device_family executed for 0 milliseconds with result 0
[2024-Nov-21 10:14:10] [debug] [  nRF53] - Just_load_coprocessor_data
[2024-Nov-21 10:14:10] [debug] [SeggerBackend] - set_core_data
[2024-Nov-21 10:14:10] [debug] [SeggerBackend] - Set core data:
[2024-Nov-21 10:14:10] [debug] [SeggerBackend] -   Device ID: Cortex-M33
[2024-Nov-21 10:14:10] [debug] [SeggerBackend] -   Expected core: 235012351
[2024-Nov-21 10:14:10] [debug] [SeggerBackend] -   Existing Expected core: 235012351
[2024-Nov-21 10:14:10] [debug] [SeggerBackend] -   Coprocessor: APPLICATION
[2024-Nov-21 10:14:10] [debug] [SeggerBackend] -   AHB AP index: 0
[2024-Nov-21 10:14:10] [debug] [SeggerBackend] -   Core base address: 4294967295
[2024-Nov-21 10:14:10] [trace] [ Worker] - Command select_family executed for 0 milliseconds with result 0
[2024-Nov-21 10:14:10] [debug] [  nRF53] - recover
[2024-Nov-21 10:14:10] [debug] [SeggerBackend] - is_connected_to_emu
[2024-Nov-21 10:14:10] [trace] [  JLink] - JLINK_IsOpen()  
[2024-Nov-21 10:14:10] [trace] [  JLink] - - 0.007ms returns 0x01  
[2024-Nov-21 10:14:10] [trace] [  JLink] - JLINK_HasError()  
[2024-Nov-21 10:14:10] [trace] [  JLink] - JLINK_Lock()  
[2024-Nov-21 10:14:10] [debug] [SeggerBackend] - is_connected_to_emu
[2024-Nov-21 10:14:10] [debug] [  nRF53] - just_recover
[2024-Nov-21 10:14:10] [debug] [  nRF53] - Just_is_eraseprotect_enabled
[2024-Nov-21 10:14:10] [debug] [SeggerBackend] - read_access_port_register
[2024-Nov-21 10:14:10] [debug] [SeggerBackend] - ---just_read_access_port_register
[2024-Nov-21 10:14:10] [debug] [SeggerBackend] - ---just_is_debug_region_powered
[2024-Nov-21 10:14:10] [debug] [SeggerBackend] - ---just_read_debug_port_register
[2024-Nov-21 10:14:10] [debug] [SeggerBackend] - ---just_select_debug_port_register
[2024-Nov-21 10:14:10] [debug] [SeggerBackend] - Select AP 255, DP Bank 0, AP Bank 255
[2024-Nov-21 10:14:10] [trace] [  JLink] - JLINK_CORESIGHT_WriteAPDPReg(DP reg 0x02, 0x00000000)  
[2024-Nov-21 10:14:10] [trace] [  JLink] - - 0.247ms returns 0  
[2024-Nov-21 10:14:10] [trace] [  JLink] - JLINK_HasError()  
[2024-Nov-21 10:14:10] [trace] [  JLink] - JLINK_CORESIGHT_ReadAPDPReg(DP reg 0x01)  
[2024-Nov-21 10:14:10] [trace] [  JLink] - Value=0xF0000040
[2024-Nov-21 10:14:10] [trace] [  JLink] - - 0.245ms returns 0  
[2024-Nov-21 10:14:10] [trace] [  JLink] - JLINK_HasError()  
[2024-Nov-21 10:14:10] [debug] [SeggerBackend] - ---just_select_access_port_register
[2024-Nov-21 10:14:10] [debug] [SeggerBackend] - Select AP 2, DP Bank 0, AP Bank 1
[2024-Nov-21 10:14:10] [trace] [  JLink] - JLINK_CORESIGHT_WriteAPDPReg(DP reg 0x02, 0x02000010)  
[2024-Nov-21 10:14:10] [trace] [  JLink] - - 0.219ms returns 0  
[2024-Nov-21 10:14:10] [trace] [  JLink] - JLINK_HasError()  
[2024-Nov-21 10:14:10] [trace] [  JLink] - JLINK_CORESIGHT_ReadAPDPReg(AP reg 0x02)  
[2024-Nov-21 10:14:10] [trace] [  JLink] - Value=0x00000001
[2024-Nov-21 10:14:10] [trace] [  JLink] - - 0.237ms returns 0  
[2024-Nov-21 10:14:10] [trace] [  JLink] - JLINK_HasError()  
[2024-Nov-21 10:14:10] [debug] [  nRF53] - Eraseaprotect is disabled
[2024-Nov-21 10:14:10] [debug] [  nRF53] - Just_disable_accessportprotect
[2024-Nov-21 10:14:10] [debug] [SeggerBackend] - write_access_port_register
[2024-Nov-21 10:14:10] [debug] [SeggerBackend] - ---just_write_access_port_register
[2024-Nov-21 10:14:10] [debug] [SeggerBackend] - ---just_select_access_port_register
[2024-Nov-21 10:14:10] [debug] [SeggerBackend] - Select AP 2, DP Bank 0, AP Bank 0
[2024-Nov-21 10:14:10] [trace] [  JLink] - JLINK_CORESIGHT_WriteAPDPReg(DP reg 0x02, 0x02000000)  
[2024-Nov-21 10:14:10] [trace] [  JLink] - - 0.193ms returns 0  
[2024-Nov-21 10:14:10] [trace] [  JLink] - JLINK_HasError()  
[2024-Nov-21 10:14:10] [trace] [  JLink] - JLINK_CORESIGHT_WriteAPDPReg(AP reg 0x01, 0x00000001)  
[2024-Nov-21 10:14:10] [trace] [  JLink] - - 0.355ms returns 0  
[2024-Nov-21 10:14:10] [trace] [  JLink] - JLINK_HasError()  
[2024-Nov-21 10:14:10] [debug] [SeggerBackend] - read_access_port_register
[2024-Nov-21 10:14:10] [debug] [SeggerBackend] - ---just_read_access_port_register
[2024-Nov-21 10:14:10] [debug] [SeggerBackend] - ---just_select_access_port_register
[2024-Nov-21 10:14:10] [trace] [  JLink] - JLINK_CORESIGHT_ReadAPDPReg(AP reg 0x02)  
[2024-Nov-21 10:14:10] [trace] [  JLink] - Value=0x00000001
[2024-Nov-21 10:14:10] [trace] [  JLink] - - 1.546ms returns 0  
[2024-Nov-21 10:14:10] [trace] [  JLink] - JLINK_HasError()  
[2024-Nov-21 10:14:11] [debug] [SeggerBackend] - read_access_port_register
[2024-Nov-21 10:14:11] [debug] [SeggerBackend] - ---just_read_access_port_register
[2024-Nov-21 10:14:11] [debug] [SeggerBackend] - ---just_select_access_port_register
[2024-Nov-21 10:14:11] [trace] [  JLink] - JLINK_CORESIGHT_ReadAPDPReg(AP reg 0x02)  
[2024-Nov-21 10:14:11] [trace] [  JLink] - Value=0x00000000
[2024-Nov-21 10:14:11] [trace] [  JLink] - - 0.393ms returns 0  
[2024-Nov-21 10:14:11] [trace] [  JLink] - JLINK_HasError()  
[2024-Nov-21 10:14:11] [debug] [  nRF53] - Just_read_device_version
[2024-Nov-21 10:14:11] [debug] [SeggerBackend] - read_access_port_register
[2024-Nov-21 10:14:11] [debug] [SeggerBackend] - ---just_read_access_port_register
[2024-Nov-21 10:14:11] [debug] [SeggerBackend] - ---just_select_access_port_register
[2024-Nov-21 10:14:11] [debug] [SeggerBackend] - Select AP 2, DP Bank 0, AP Bank 3
[2024-Nov-21 10:14:11] [trace] [  JLink] - JLINK_CORESIGHT_WriteAPDPReg(DP reg 0x02, 0x02000030)  
[2024-Nov-21 10:14:11] [trace] [  JLink] - - 0.272ms returns 0  
[2024-Nov-21 10:14:11] [trace] [  JLink] - JLINK_HasError()  
[2024-Nov-21 10:14:11] [trace] [  JLink] - JLINK_CORESIGHT_ReadAPDPReg(AP reg 0x00)  
[2024-Nov-21 10:14:11] [trace] [  JLink] - Value=0x00000007
[2024-Nov-21 10:14:11] [trace] [  JLink] - - 0.381ms returns 0  
[2024-Nov-21 10:14:11] [trace] [  JLink] - JLINK_HasError()  
[2024-Nov-21 10:14:11] [debug] [SeggerBackend] - read_access_port_register
[2024-Nov-21 10:14:11] [debug] [SeggerBackend] - ---just_read_access_port_register
[2024-Nov-21 10:14:11] [debug] [SeggerBackend] - ---just_select_access_port_register
[2024-Nov-21 10:14:11] [trace] [  JLink] - JLINK_CORESIGHT_ReadAPDPReg(AP reg 0x01)  
[2024-Nov-21 10:14:11] [trace] [  JLink] - Value=0x00000005
[2024-Nov-21 10:14:11] [trace] [  JLink] - - 0.286ms returns 0  
[2024-Nov-21 10:14:11] [trace] [  JLink] - JLINK_HasError()  
[2024-Nov-21 10:14:11] [debug] [  nRF53] - Just_decode_device_version
[2024-Nov-21 10:14:11] [debug] [  nRF53] - Device identified as NRF5340_xxAA_REV1
[2024-Nov-21 10:14:11] [debug] [  nRF53] - Just_debug_reset_coprocessor
[2024-Nov-21 10:14:11] [debug] [SeggerBackend] - write_access_port_register
[2024-Nov-21 10:14:11] [debug] [SeggerBackend] - ---just_write_access_port_register
[2024-Nov-21 10:14:11] [debug] [SeggerBackend] - ---just_select_access_port_register
[2024-Nov-21 10:14:11] [debug] [SeggerBackend] - Select AP 2, DP Bank 0, AP Bank 0
[2024-Nov-21 10:14:11] [trace] [  JLink] - JLINK_CORESIGHT_WriteAPDPReg(DP reg 0x02, 0x02000000)  
[2024-Nov-21 10:14:11] [trace] [  JLink] - - 0.277ms returns 0  
[2024-Nov-21 10:14:11] [trace] [  JLink] - JLINK_HasError()  
[2024-Nov-21 10:14:11] [trace] [  JLink] - JLINK_CORESIGHT_WriteAPDPReg(AP reg 0x00, 0x00000001)  
[2024-Nov-21 10:14:11] [trace] [  JLink] - - 0.303ms returns 0  
[2024-Nov-21 10:14:11] [trace] [  JLink] - JLINK_HasError()  
[2024-Nov-21 10:14:11] [debug] [SeggerBackend] - write_access_port_register
[2024-Nov-21 10:14:11] [debug] [SeggerBackend] - ---just_write_access_port_register
[2024-Nov-21 10:14:11] [debug] [SeggerBackend] - ---just_select_access_port_register
[2024-Nov-21 10:14:11] [trace] [  JLink] - JLINK_CORESIGHT_WriteAPDPReg(AP reg 0x00, 0x00000000)  
[2024-Nov-21 10:14:11] [trace] [  JLink] - - 0.262ms returns 0  
[2024-Nov-21 10:14:11] [trace] [  JLink] - JLINK_HasError()  
[2024-Nov-21 10:14:11] [debug] [  nRF53] - Just_readback_status
[2024-Nov-21 10:14:11] [debug] [SeggerBackend] - read_access_port_register
[2024-Nov-21 10:14:11] [debug] [SeggerBackend] - ---just_read_access_port_register
[2024-Nov-21 10:14:11] [debug] [SeggerBackend] - ---just_select_access_port_register
[2024-Nov-21 10:14:11] [debug] [SeggerBackend] - Select AP 0, DP Bank 0, AP Bank 0
[2024-Nov-21 10:14:11] [trace] [  JLink] - JLINK_CORESIGHT_WriteAPDPReg(DP reg 0x02, 0x00000000)  
[2024-Nov-21 10:14:11] [trace] [  JLink] - - 0.326ms returns 0  
[2024-Nov-21 10:14:11] [trace] [  JLink] - JLINK_HasError()  
[2024-Nov-21 10:14:11] [trace] [  JLink] - JLINK_CORESIGHT_ReadAPDPReg(AP reg 0x00)  
[2024-Nov-21 10:14:11] [trace] [  JLink] - Value=0x43800042
[2024-Nov-21 10:14:11] [trace] [  JLink] - - 0.271ms returns 0  
[2024-Nov-21 10:14:11] [trace] [  JLink] - JLINK_HasError()  
[2024-Nov-21 10:14:11] [debug] [  nRF53] - Protection status for ahb-ap 0 read as NONE
[2024-Nov-21 10:14:11] [debug] [SeggerBackend] - halt
[2024-Nov-21 10:14:11] [debug] [SeggerBackend] - ---just_connect_to_device
[2024-Nov-21 10:14:11] [debug] [SeggerBackend] - is_connected_to_device
[2024-Nov-21 10:14:11] [debug] [  nRF53] - Just_enable_coprocessor
[2024-Nov-21 10:14:11] [debug] [SeggerBackend] - ---set_coresight_ahb_ap_index
[2024-Nov-21 10:14:11] [trace] [  JLink] - JLINK_ExecCommand("CORESIGHT_SetIndexAHBAPToUse = 0", ...).   
[2024-Nov-21 10:14:11] [trace] [  JLink] - - 0.001ms returns 0x00  
[2024-Nov-21 10:14:11] [trace] [  JLink] - JLINK_HasError()  
[2024-Nov-21 10:14:11] [trace] [  JLink] - JLINK_ExecCommand("device = Cortex-M33", ...).   
[2024-Nov-21 10:14:11] [trace] [  JLink] - Device "CORTEX-M33" selected.
[2024-Nov-21 10:14:11] [trace] [  JLink] - Device "CORTEX-M33" selected.
[2024-Nov-21 10:14:11] [trace] [  JLink] - - 7.324ms returns 0x00  
[2024-Nov-21 10:14:11] [trace] [  JLink] - JLINK_HasError()  
[2024-Nov-21 10:14:11] [trace] [  JLink] - JLINK_Connect()  
[2024-Nov-21 10:14:11] [trace] [  JLink] - Found SW-DP with ID 0x6BA02477
[2024-Nov-21 10:14:11] [trace] [  JLink] - Found SW-DP with ID 0x6BA02477
[2024-Nov-21 10:14:11] [trace] [  JLink] - DPIDR: 0x6BA02477
[2024-Nov-21 10:14:11] [trace] [  JLink] - DPIDR: 0x6BA02477
[2024-Nov-21 10:14:11] [trace] [  JLink] - CoreSight SoC-400 or earlier
[2024-Nov-21 10:14:11] [trace] [  JLink] - CoreSight SoC-400 or earlier
[2024-Nov-21 10:14:11] [trace] [  JLink] - AP map detection skipped. Manually configured AP map found.
[2024-Nov-21 10:14:11] [trace] [  JLink] - AP map detection skipped. Manually configured AP map found.
[2024-Nov-21 10:14:11] [trace] [  JLink] - AP[0]: AHB-AP (IDR: Not set)
[2024-Nov-21 10:14:11] [trace] [  JLink] - AP[0]: AHB-AP (IDR: Not set)
[2024-Nov-21 10:14:11] [trace] [  JLink] - AP[0]: Core found
[2024-Nov-21 10:14:11] [trace] [  JLink] - AP[0]: Core found
[2024-Nov-21 10:14:11] [trace] [  JLink] - AP[0]: AHB-AP ROM base: 0xE00FE000
[2024-Nov-21 10:14:11] [trace] [  JLink] - AP[0]: AHB-AP ROM base: 0xE00FE000
[2024-Nov-21 10:14:11] [trace] [  JLink] - CPUID register: 0x410FD214. Implementer code: 0x41 (ARM)
[2024-Nov-21 10:14:11] [trace] [  JLink] - CPUID register: 0x410FD214. Implementer code: 0x41 (ARM)
[2024-Nov-21 10:14:11] [trace] [  JLink] - Feature set: Mainline
[2024-Nov-21 10:14:11] [trace] [  JLink] - Feature set: Mainline
[2024-Nov-21 10:14:11] [trace] [  JLink] - Cache: No cache
[2024-Nov-21 10:14:11] [trace] [  JLink] - Cache: No cache
[2024-Nov-21 10:14:11] [trace] [  JLink] - Found Cortex-M33 r0p4, Little endian.
[2024-Nov-21 10:14:11] [trace] [  JLink] - Found Cortex-M33 r0p4, Little endian.
[2024-Nov-21 10:14:11] [trace] [  JLink] - -- Max. mem block: 0x0003CA30
[2024-Nov-21 10:14:11] [trace] [  JLink] - Cortex-M: The connected J-Link (S/N 1050034622) uses an old firmware module: V1 (current is 2)
[2024-Nov-21 10:14:11] [trace] [  JLink] - Cortex-M: The connected J-Link (S/N 1050034622) uses an old firmware module: V1 (current is 2)
[2024-Nov-21 10:14:11] [trace] [  JLink] - Cortex-M (ARMv8-M and later): The connected J-Link (S/N 1050034622) uses an old firmware module that does not handle I/D-cache correctly. Proper debugging functionality cannot be guaranteed if cache is enabled
[2024-Nov-21 10:14:11] [trace] [  JLink] -    ***** Warning: 
[2024-Nov-21 10:14:11] [trace] [  JLink] - Cortex-M (ARMv8-M and later): The connected J-Link (S/N 1050034622) uses an old firmware module that does not handle I/D-cache correctly. Proper debugging functionality cannot be guaranteed if cache is enabled
[2024-Nov-21 10:14:11] [trace] [  JLink] - CPU_ReadMem(4 bytes @ 0xE000EDF0)
[2024-Nov-21 10:14:11] [trace] [  JLink] - CPU_WriteMem(4 bytes @ 0xE000EDF0)
[2024-Nov-21 10:14:11] [trace] [  JLink] - CPU_ReadMem(4 bytes @ 0xE0002000)
[2024-Nov-21 10:14:11] [trace] [  JLink] - FPUnit: 8 code (BP) slots and 0 literal slots
[2024-Nov-21 10:14:11] [trace] [  JLink] - FPUnit: 8 code (BP) slots and 0 literal slots
[2024-Nov-21 10:14:11] [trace] [  JLink] - CPU_ReadMem(4 bytes @ 0xE000EDFC)
[2024-Nov-21 10:14:11] [trace] [  JLink] - CPU_WriteMem(4 bytes @ 0xE000EDFC)
[2024-Nov-21 10:14:11] [trace] [  JLink] - CPU_ReadMem(4 bytes @ 0xE0001000)
[2024-Nov-21 10:14:11] [trace] [  JLink] - CPU_ReadMem(4 bytes @ 0xE0001000)
[2024-Nov-21 10:14:11] [trace] [  JLink] - CPU_ReadMem(4 bytes @ 0xE0001028)
[2024-Nov-21 10:14:11] [trace] [  JLink] - CPU_ReadMem(4 bytes @ 0xE0001038)
[2024-Nov-21 10:14:11] [trace] [  JLink] - CPU_ReadMem(4 bytes @ 0xE0001048)
[2024-Nov-21 10:14:11] [trace] [  JLink] - CPU_ReadMem(4 bytes @ 0xE0001058)
[2024-Nov-21 10:14:11] [trace] [  JLink] - CPU_WriteMem(4 bytes @ 0xE0001000)
[2024-Nov-21 10:14:11] [trace] [  JLink] - CPU_ReadMem(4 bytes @ 0xE000ED88)
[2024-Nov-21 10:14:11] [trace] [  JLink] - CPU_WriteMem(4 bytes @ 0xE000ED88)
[2024-Nov-21 10:14:11] [trace] [  JLink] - CPU_ReadMem(4 bytes @ 0xE000ED88)
[2024-Nov-21 10:14:11] [trace] [  JLink] - CPU_WriteMem(4 bytes @ 0xE000ED88)
[2024-Nov-21 10:14:11] [trace] [  JLink] - CPU_ReadMem(4 bytes @ 0xE000EFB8)
[2024-Nov-21 10:14:11] [trace] [  JLink] - Security extension: implemented
[2024-Nov-21 10:14:11] [trace] [  JLink] - Security extension: implemented
[2024-Nov-21 10:14:11] [trace] [  JLink] - Secure debug: enabled
[2024-Nov-21 10:14:11] [trace] [  JLink] - Secure debug: enabled
[2024-Nov-21 10:14:11] [trace] [  JLink] - CoreSight components:
[2024-Nov-21 10:14:11] [trace] [  JLink] - CoreSight components:
[2024-Nov-21 10:14:11] [trace] [  JLink] - ROMTbl[0] @ E00FE000
[2024-Nov-21 10:14:11] [trace] [  JLink] - ROMTbl[0] @ E00FE000
[2024-Nov-21 10:14:11] [trace] [  JLink] - CPU_ReadMem(64 bytes @ 0xE00FE000)
[2024-Nov-21 10:14:11] [trace] [  JLink] - CPU_ReadMem(32 bytes @ 0xE00FFFE0)
[2024-Nov-21 10:14:11] [trace] [  JLink] - [0][0]: E00FF000 CID B105100D PID 000BB4C9 ROM Table
[2024-Nov-21 10:14:11] [trace] [  JLink] - [0][0]: E00FF000 CID B105100D PID 000BB4C9 ROM Table
[2024-Nov-21 10:14:11] [trace] [  JLink] - ROMTbl[1] @ E00FF000
[2024-Nov-21 10:14:11] [trace] [  JLink] - ROMTbl[1] @ E00FF000
[2024-Nov-21 10:14:11] [trace] [  JLink] - CPU_ReadMem(64 bytes @ 0xE00FF000)
[2024-Nov-21 10:14:11] [trace] [  JLink] - CPU_ReadMem(32 bytes @ 0xE000EFE0)
[2024-Nov-21 10:14:11] [trace] [  JLink] - CPU_ReadMem(4 bytes @ 0xE000EFBC)
[2024-Nov-21 10:14:11] [trace] [  JLink] - CPU_ReadMem(4 bytes @ 0xE000EFCC)
[2024-Nov-21 10:14:11] [trace] [  JLink] - [1][0]: E000E000 CID B105900D PID 000BBD21 DEVARCH 47702A04 DEVTYPE 00 Cortex-M33
[2024-Nov-21 10:14:11] [trace] [  JLink] - [1][0]: E000E000 CID B105900D PID 000BBD21 DEVARCH 47702A04 DEVTYPE 00 Cortex-M33
[2024-Nov-21 10:14:11] [trace] [  JLink] - CPU_ReadMem(32 bytes @ 0xE0001FE0)
[2024-Nov-21 10:14:11] [trace] [  JLink] - CPU_ReadMem(4 bytes @ 0xE0001FBC)
[2024-Nov-21 10:14:11] [trace] [  JLink] - CPU_ReadMem(4 bytes @ 0xE0001FCC)
[2024-Nov-21 10:14:11] [trace] [  JLink] - [1][1]: E0001000 CID B105900D PID 000BBD21 DEVARCH 47701A02 DEVTYPE 00 DWT
[2024-Nov-21 10:14:11] [trace] [  JLink] - [1][1]: E0001000 CID B105900D PID 000BBD21 DEVARCH 47701A02 DEVTYPE 00 DWT
[2024-Nov-21 10:14:11] [trace] [  JLink] - CPU_ReadMem(32 bytes @ 0xE0002FE0)
[2024-Nov-21 10:14:11] [trace] [  JLink] - CPU_ReadMem(4 bytes @ 0xE0002FBC)
[2024-Nov-21 10:14:11] [trace] [  JLink] - CPU_ReadMem(4 bytes @ 0xE0002FCC)
[2024-Nov-21 10:14:11] [trace] [  JLink] - [1][2]: E0002000 CID B105900D PID 000BBD21 DEVARCH 47701A03 DEVTYPE 00 FPB
[2024-Nov-21 10:14:11] [trace] [  JLink] - [1][2]: E0002000 CID B105900D PID 000BBD21 DEVARCH 47701A03 DEVTYPE 00 FPB
[2024-Nov-21 10:14:11] [trace] [  JLink] - CPU_ReadMem(32 bytes @ 0xE0000FE0)
[2024-Nov-21 10:14:11] [trace] [  JLink] - CPU_ReadMem(4 bytes @ 0xE0000FBC)
[2024-Nov-21 10:14:11] [trace] [  JLink] - CPU_ReadMem(4 bytes @ 0xE0000FCC)
[2024-Nov-21 10:14:11] [trace] [  JLink] - [1][3]: E0000000 CID B105900D PID 000BBD21 DEVARCH 47701A01 DEVTYPE 43 ITM
[2024-Nov-21 10:14:11] [trace] [  JLink] - [1][3]: E0000000 CID B105900D PID 000BBD21 DEVARCH 47701A01 DEVTYPE 43 ITM
[2024-Nov-21 10:14:11] [trace] [  JLink] - CPU_ReadMem(32 bytes @ 0xE0041FE0)
[2024-Nov-21 10:14:11] [trace] [  JLink] - CPU_ReadMem(4 bytes @ 0xE0041FBC)
[2024-Nov-21 10:14:11] [trace] [  JLink] - CPU_ReadMem(4 bytes @ 0xE0041FCC)
[2024-Nov-21 10:14:11] [trace] [  JLink] - [1][5]: E0041000 CID B105900D PID 002BBD21 DEVARCH 47724A13 DEVTYPE 13 ETM
[2024-Nov-21 10:14:11] [trace] [  JLink] - [1][5]: E0041000 CID B105900D PID 002BBD21 DEVARCH 47724A13 DEVTYPE 13 ETM
[2024-Nov-21 10:14:11] [trace] [  JLink] - CPU_ReadMem(32 bytes @ 0xE0042FE0)
[2024-Nov-21 10:14:11] [trace] [  JLink] - CPU_ReadMem(4 bytes @ 0xE0042FBC)
[2024-Nov-21 10:14:11] [trace] [  JLink] - CPU_ReadMem(4 bytes @ 0xE0042FCC)
[2024-Nov-21 10:14:11] [trace] [  JLink] - [1][6]: E0042000 CID B105900D PID 000BBD21 DEVARCH 47701A14 DEVTYPE 14 CSS600-CTI
[2024-Nov-21 10:14:11] [trace] [  JLink] - [1][6]: E0042000 CID B105900D PID 000BBD21 DEVARCH 47701A14 DEVTYPE 14 CSS600-CTI
[2024-Nov-21 10:14:11] [trace] [  JLink] - CPU_ReadMem(32 bytes @ 0xE0040FE0)
[2024-Nov-21 10:14:11] [trace] [  JLink] - CPU_ReadMem(4 bytes @ 0xE0040FBC)
[2024-Nov-21 10:14:11] [trace] [  JLink] - CPU_ReadMem(4 bytes @ 0xE0040FCC)
[2024-Nov-21 10:14:11] [trace] [  JLink] - [0][1]: E0040000 CID B105900D PID 000BBD21 DEVARCH 00000000 DEVTYPE 11 TPIU
[2024-Nov-21 10:14:11] [trace] [  JLink] - [0][1]: E0040000 CID B105900D PID 000BBD21 DEVARCH 00000000 DEVTYPE 11 TPIU
[2024-Nov-21 10:14:11] [trace] [  JLink] - - 39.643ms returns 0x00  
[2024-Nov-21 10:14:11] [trace] [  JLink] - JLINK_HasError()  
[2024-Nov-21 10:14:11] [trace] [  JLink] - JLINK_CORE_GetFound()  
[2024-Nov-21 10:14:11] [trace] [  JLink] - - 0.003ms returns 0xE0200FF  
[2024-Nov-21 10:14:11] [debug] [SeggerBackend] - ---just_halt
[2024-Nov-21 10:14:11] [trace] [  JLink] - JLINK_Halt()  
[2024-Nov-21 10:14:11] [trace] [  JLink] - - 4.441ms returns 0x00  
[2024-Nov-21 10:14:11] [trace] [  JLink] - JLINK_HasError()  
[2024-Nov-21 10:14:11] [debug] [SeggerBackend] - sys_reset
[2024-Nov-21 10:14:11] [debug] [SeggerBackend] - ---just_connect_to_device
[2024-Nov-21 10:14:11] [debug] [SeggerBackend] - is_connected_to_device
[2024-Nov-21 10:14:11] [debug] [SeggerBackend] - ---just_halt
[2024-Nov-21 10:14:11] [trace] [  JLink] - JLINK_Halt()  
[2024-Nov-21 10:14:11] [trace] [  JLink] - - 0.373ms returns 0x00  
[2024-Nov-21 10:14:11] [trace] [  JLink] - JLINK_HasError()  
[2024-Nov-21 10:14:11] [debug] [SeggerBackend] - ---just_sys_reset
[2024-Nov-21 10:14:11] [debug] [SeggerBackend] - is_secure_debug_available
[2024-Nov-21 10:14:11] [debug] [SeggerBackend] - read_access_port_register
[2024-Nov-21 10:14:11] [debug] [SeggerBackend] - ---just_read_access_port_register
[2024-Nov-21 10:14:11] [debug] [SeggerBackend] - ---just_select_access_port_register
[2024-Nov-21 10:14:11] [debug] [SeggerBackend] - Select AP 0, DP Bank 255, AP Bank 0
[2024-Nov-21 10:14:11] [trace] [  JLink] - JLINK_CORESIGHT_WriteAPDPReg(DP reg 0x02, 0x00000000)  
[2024-Nov-21 10:14:11] [trace] [  JLink] - - 0.443ms returns 0  
[2024-Nov-21 10:14:11] [trace] [  JLink] - JLINK_HasError()  
[2024-Nov-21 10:14:11] [trace] [  JLink] - JLINK_CORESIGHT_ReadAPDPReg(AP reg 0x00)  
[2024-Nov-21 10:14:11] [trace] [  JLink] - Value=0x03800042
[2024-Nov-21 10:14:11] [trace] [  JLink] - - 0.305ms returns 0  
[2024-Nov-21 10:14:11] [trace] [  JLink] - JLINK_HasError()  
[2024-Nov-21 10:14:11] [debug] [SeggerBackend] - ---just_read_u32
[2024-Nov-21 10:14:11] [debug] [SeggerBackend] - ---just_invalidate_cache
[2024-Nov-21 10:14:11] [trace] [  JLink] - JLINK_ExecCommand("InvalidateCache", ...).   
[2024-Nov-21 10:14:11] [trace] [  JLink] - - 0.203ms returns 0x00  
[2024-Nov-21 10:14:11] [trace] [  JLink] - JLINK_HasError()  
[2024-Nov-21 10:14:11] [trace] [  JLink] - JLINK_ReadMemU32(0xE000EE08, 0x1 Items)  
[2024-Nov-21 10:14:11] [trace] [  JLink] - CPU_ReadMem(4 bytes @ 0xE000EE08)
[2024-Nov-21 10:14:11] [trace] [  JLink] - Data:  00 00 03 00
[2024-Nov-21 10:14:11] [trace] [  JLink] - Debug reg: DSCSR
[2024-Nov-21 10:14:11] [trace] [  JLink] - - 1.034ms returns 1 (0x1)  
[2024-Nov-21 10:14:11] [trace] [  JLink] - JLINK_HasError()  
[2024-Nov-21 10:14:11] [trace] [  JLink] - JLINK_SetResetType(JLINKARM_CM3_RESET_TYPE_NORMAL)  
[2024-Nov-21 10:14:11] [trace] [  JLink] - - 0.004ms returns JLINKARM_CM3_RESET_TYPE_NORMAL  
[2024-Nov-21 10:14:11] [trace] [  JLink] - JLINK_HasError()  
[2024-Nov-21 10:14:11] [trace] [  JLink] - JLINK_Reset()  
[2024-Nov-21 10:14:11] [trace] [  JLink] - CPU_WriteMem(4 bytes @ 0xE000EDF0)
[2024-Nov-21 10:14:11] [trace] [  JLink] - CPU_ReadMem(4 bytes @ 0xE000ED44)
[2024-Nov-21 10:14:11] [trace] [  JLink] - CPU_ReadMem(4 bytes @ 0xE000EE08)
[2024-Nov-21 10:14:11] [trace] [  JLink] - CPU_WriteMem(4 bytes @ 0xE000EE08)
[2024-Nov-21 10:14:11] [trace] [  JLink] - Reset: ARMv8M core with Security Extension enabled detected.
[2024-Nov-21 10:14:11] [trace] [  JLink] - Reset: ARMv8M core with Security Extension enabled detected.
[2024-Nov-21 10:14:11] [trace] [  JLink] - CPU_WriteMem(4 bytes @ 0xE000EDFC)
[2024-Nov-21 10:14:11] [trace] [  JLink] - Reset: Halt core after reset via DEMCR.VC_CORERESET.
[2024-Nov-21 10:14:11] [trace] [  JLink] - Reset: Halt core after reset via DEMCR.VC_CORERESET.
[2024-Nov-21 10:14:11] [trace] [  JLink] - Reset: Reset device via AIRCR.SYSRESETREQ.
[2024-Nov-21 10:14:11] [trace] [  JLink] - Reset: Reset device via AIRCR.SYSRESETREQ.
[2024-Nov-21 10:14:11] [trace] [  JLink] - CPU_WriteMem(4 bytes @ 0xE000ED0C)
[2024-Nov-21 10:14:11] [trace] [  JLink] - CPU_ReadMem(4 bytes @ 0xE000EDF0)
[2024-Nov-21 10:14:11] [trace] [  JLink] - CPU_ReadMem(4 bytes @ 0xE000EDF0)
[2024-Nov-21 10:14:11] [trace] [  JLink] - CPU_WriteMem(4 bytes @ 0xE000EDFC)
[2024-Nov-21 10:14:11] [trace] [  JLink] - CPU_ReadMem(4 bytes @ 0xE000EDF0)
[2024-Nov-21 10:14:11] [trace] [  JLink] - CPU_ReadMem(4 bytes @ 0xE000EE08)
[2024-Nov-21 10:14:11] [trace] [  JLink] - CPU_WriteMem(4 bytes @ 0xE0002000)
[2024-Nov-21 10:14:11] [trace] [  JLink] - CPU_ReadMem(4 bytes @ 0xE000EDFC)
[2024-Nov-21 10:14:11] [trace] [  JLink] - CPU_ReadMem(4 bytes @ 0xE0001000)
[2024-Nov-21 10:14:11] [trace] [  JLink] - CPU_ReadMem(4 bytes @ 0xE000EE08)
[2024-Nov-21 10:14:11] [trace] [  JLink] - - 80.465ms  
[2024-Nov-21 10:14:11] [trace] [  JLink] - JLINK_HasError()  
[2024-Nov-21 10:14:11] [debug] [  nRF53] - Just_power_ram_all
[2024-Nov-21 10:14:11] [debug] [  nRF53] - Just_readback_status
[2024-Nov-21 10:14:11] [debug] [SeggerBackend] - read_access_port_register
[2024-Nov-21 10:14:11] [debug] [SeggerBackend] - ---just_read_access_port_register
[2024-Nov-21 10:14:11] [debug] [SeggerBackend] - ---just_select_access_port_register
[2024-Nov-21 10:14:11] [debug] [SeggerBackend] - Select AP 0, DP Bank 255, AP Bank 0
[2024-Nov-21 10:14:11] [trace] [  JLink] - JLINK_CORESIGHT_WriteAPDPReg(DP reg 0x02, 0x00000000)  
[2024-Nov-21 10:14:11] [trace] [  JLink] - - 0.249ms returns 0  
[2024-Nov-21 10:14:11] [trace] [  JLink] - JLINK_HasError()  
[2024-Nov-21 10:14:11] [trace] [  JLink] - JLINK_CORESIGHT_ReadAPDPReg(AP reg 0x00)  
[2024-Nov-21 10:14:11] [trace] [  JLink] - Value=0x03800052
[2024-Nov-21 10:14:11] [trace] [  JLink] - - 1.884ms returns 0  
[2024-Nov-21 10:14:11] [trace] [  JLink] - JLINK_HasError()  
[2024-Nov-21 10:14:11] [debug] [  nRF53] - Protection status for ahb-ap 0 read as NONE
[2024-Nov-21 10:14:11] [debug] [SeggerBackend] - is_secure_debug_available
[2024-Nov-21 10:14:11] [debug] [SeggerBackend] - read_access_port_register
[2024-Nov-21 10:14:11] [debug] [SeggerBackend] - ---just_read_access_port_register
[2024-Nov-21 10:14:11] [debug] [SeggerBackend] - ---just_select_access_port_register
[2024-Nov-21 10:14:11] [trace] [  JLink] - JLINK_CORESIGHT_ReadAPDPReg(AP reg 0x00)  
[2024-Nov-21 10:14:11] [trace] [  JLink] - Value=0x03800052
[2024-Nov-21 10:14:11] [trace] [  JLink] - - 0.584ms returns 0  
[2024-Nov-21 10:14:11] [trace] [  JLink] - JLINK_HasError()  
[2024-Nov-21 10:14:11] [debug] [  nRF53] - Just_get_secure_nonsecure_address
[2024-Nov-21 10:14:11] [debug] [  nRF53] - update_periph_secure_state
[2024-Nov-21 10:14:11] [debug] [SeggerBackend] - is_secure_debug_available
[2024-Nov-21 10:14:11] [debug] [SeggerBackend] - read_access_port_register
[2024-Nov-21 10:14:11] [debug] [SeggerBackend] - ---just_read_access_port_register
[2024-Nov-21 10:14:11] [debug] [SeggerBackend] - ---just_select_access_port_register
[2024-Nov-21 10:14:11] [trace] [  JLink] - JLINK_CORESIGHT_ReadAPDPReg(AP reg 0x00)  
[2024-Nov-21 10:14:11] [trace] [  JLink] - Value=0x03800052
[2024-Nov-21 10:14:11] [trace] [  JLink] - - 1.878ms returns 0  
[2024-Nov-21 10:14:11] [trace] [  JLink] - JLINK_HasError()  
[2024-Nov-21 10:14:11] [debug] [  nRF53] - Reading addr 0x50003A04: secure state of peripheral from SPU @0x50003000 (S) (slave index 129).
[2024-Nov-21 10:14:11] [debug] [SeggerBackend] - ahb_read_u32
[2024-Nov-21 10:14:11] [debug] [SeggerBackend] - ---just_read_access_port_register
[2024-Nov-21 10:14:11] [debug] [SeggerBackend] - ---just_select_access_port_register
[2024-Nov-21 10:14:11] [trace] [  JLink] - JLINK_CORESIGHT_ReadAPDPReg(AP reg 0x00)  
[2024-Nov-21 10:14:11] [trace] [  JLink] - Value=0x03800052
[2024-Nov-21 10:14:11] [trace] [  JLink] - - 0.409ms returns 0  
[2024-Nov-21 10:14:11] [trace] [  JLink] - JLINK_HasError()  
[2024-Nov-21 10:14:11] [debug] [SeggerBackend] - ---just_write_access_port_register
[2024-Nov-21 10:14:11] [debug] [SeggerBackend] - ---just_select_access_port_register
[2024-Nov-21 10:14:11] [trace] [  JLink] - JLINK_CORESIGHT_WriteAPDPReg(AP reg 0x00, 0x03800052)  
[2024-Nov-21 10:14:11] [trace] [  JLink] - - 0.252ms returns 0  
[2024-Nov-21 10:14:11] [trace] [  JLink] - JLINK_HasError()  
[2024-Nov-21 10:14:11] [debug] [SeggerBackend] - ---just_write_access_port_register
[2024-Nov-21 10:14:11] [debug] [SeggerBackend] - ---just_select_access_port_register
[2024-Nov-21 10:14:11] [trace] [  JLink] - JLINK_CORESIGHT_WriteAPDPReg(AP reg 0x01, 0x50003A04)  
[2024-Nov-21 10:14:11] [trace] [  JLink] - - 0.400ms returns 0  
[2024-Nov-21 10:14:11] [trace] [  JLink] - JLINK_HasError()  
[2024-Nov-21 10:14:11] [debug] [SeggerBackend] - ---just_read_access_port_register
[2024-Nov-21 10:14:11] [debug] [SeggerBackend] - ---just_select_access_port_register
[2024-Nov-21 10:14:11] [trace] [  JLink] - JLINK_CORESIGHT_ReadAPDPReg(AP reg 0x03)  
[2024-Nov-21 10:14:11] [trace] [  JLink] - Value=0x80000012
[2024-Nov-21 10:14:11] [trace] [  JLink] - - 0.289ms returns 0  
[2024-Nov-21 10:14:11] [trace] [  JLink] - JLINK_HasError()  
[2024-Nov-21 10:14:11] [debug] [SeggerBackend] - ---just_read_access_port_register
[2024-Nov-21 10:14:11] [debug] [SeggerBackend] - ---just_select_access_port_register
[2024-Nov-21 10:14:11] [debug] [SeggerBackend] - Select AP 0, DP Bank 0, AP Bank 15
[2024-Nov-21 10:14:11] [trace] [  JLink] - JLINK_CORESIGHT_WriteAPDPReg(DP reg 0x02, 0x000000F0)  
[2024-Nov-21 10:14:11] [trace] [  JLink] - - 0.249ms returns 0  
[2024-Nov-21 10:14:11] [trace] [  JLink] - JLINK_HasError()  
[2024-Nov-21 10:14:11] [trace] [  JLink] - JLINK_CORESIGHT_ReadAPDPReg(AP reg 0x03)  
[2024-Nov-21 10:14:11] [trace] [  JLink] - Value=0x84770001
[2024-Nov-21 10:14:11] [trace] [  JLink] - - 0.453ms returns 0  
[2024-Nov-21 10:14:11] [trace] [  JLink] - JLINK_HasError()  
[2024-Nov-21 10:14:11] [debug] [  nRF53] - Peripheral at address 0x50081000 has secure properties Selectable Secure
[2024-Nov-21 10:14:11] [debug] [SeggerBackend] - write_u32
[2024-Nov-21 10:14:11] [debug] [SeggerBackend] - ---just_connect_to_device
[2024-Nov-21 10:14:11] [debug] [SeggerBackend] - is_connected_to_device
[2024-Nov-21 10:14:11] [debug] [SeggerBackend] - ---just_write_u32
[2024-Nov-21 10:14:11] [debug] [SeggerBackend] - ---just_write_debug_port_register
[2024-Nov-21 10:14:11] [debug] [SeggerBackend] - ---just_select_debug_port_register
[2024-Nov-21 10:14:11] [debug] [SeggerBackend] - Select AP 255, DP Bank 0, AP Bank 255
[2024-Nov-21 10:14:11] [trace] [  JLink] - JLINK_CORESIGHT_WriteAPDPReg(DP reg 0x02, 0x00000000)  
[2024-Nov-21 10:14:11] [trace] [  JLink] - - 1.584ms returns 0  
[2024-Nov-21 10:14:11] [trace] [  JLink] - JLINK_HasError()  
[2024-Nov-21 10:14:11] [trace] [  JLink] - JLINK_CORESIGHT_WriteAPDPReg(DP reg 0x02, 0x00000000)  
[2024-Nov-21 10:14:11] [trace] [  JLink] - - 0.319ms returns 0  
[2024-Nov-21 10:14:11] [trace] [  JLink] - JLINK_HasError()  
[2024-Nov-21 10:14:11] [trace] [  JLink] - JLINK_WriteU32_64(0x50081604, 0xFFFFFFFF)  
[2024-Nov-21 10:14:11] [trace] [  JLink] - CPU_WriteMem(4 bytes @ 0x50081604)
[2024-Nov-21 10:14:11] [trace] [  JLink] - - 0.870ms returns 0 (0x00000000)  
[2024-Nov-21 10:14:11] [trace] [  JLink] - JLINK_HasError()  
[2024-Nov-21 10:14:11] [debug] [SeggerBackend] - is_secure_debug_available
[2024-Nov-21 10:14:11] [debug] [SeggerBackend] - read_access_port_register
[2024-Nov-21 10:14:11] [debug] [SeggerBackend] - ---just_read_access_port_register
[2024-Nov-21 10:14:11] [debug] [SeggerBackend] - ---just_select_access_port_register
[2024-Nov-21 10:14:11] [trace] [  JLink] - JLINK_CORESIGHT_ReadAPDPReg(AP reg 0x00)  
[2024-Nov-21 10:14:11] [trace] [  JLink] - Value=0x03800052
[2024-Nov-21 10:14:11] [trace] [  JLink] - - 0.279ms returns 0  
[2024-Nov-21 10:14:11] [trace] [  JLink] - JLINK_HasError()  
[2024-Nov-21 10:14:11] [debug] [  nRF53] - Just_get_secure_nonsecure_address
[2024-Nov-21 10:14:11] [debug] [  nRF53] - update_periph_secure_state
[2024-Nov-21 10:14:11] [debug] [SeggerBackend] - is_secure_debug_available
[2024-Nov-21 10:14:11] [debug] [SeggerBackend] - read_access_port_register
[2024-Nov-21 10:14:11] [debug] [SeggerBackend] - ---just_read_access_port_register
[2024-Nov-21 10:14:11] [debug] [SeggerBackend] - ---just_select_access_port_register
[2024-Nov-21 10:14:11] [trace] [  JLink] - JLINK_CORESIGHT_ReadAPDPReg(AP reg 0x00)  
[2024-Nov-21 10:14:11] [trace] [  JLink] - Value=0x03800052
[2024-Nov-21 10:14:11] [trace] [  JLink] - - 0.271ms returns 0  
[2024-Nov-21 10:14:11] [trace] [  JLink] - JLINK_HasError()  
[2024-Nov-21 10:14:11] [debug] [  nRF53] - Reading addr 0x50003A04: secure state of peripheral from SPU @0x50003000 (S) (slave index 129).
[2024-Nov-21 10:14:11] [debug] [SeggerBackend] - ahb_read_u32
[2024-Nov-21 10:14:11] [debug] [SeggerBackend] - ---just_read_access_port_register
[2024-Nov-21 10:14:11] [debug] [SeggerBackend] - ---just_select_access_port_register
[2024-Nov-21 10:14:11] [trace] [  JLink] - JLINK_CORESIGHT_ReadAPDPReg(AP reg 0x00)  
[2024-Nov-21 10:14:11] [trace] [  JLink] - Value=0x03800052
[2024-Nov-21 10:14:11] [trace] [  JLink] - - 0.282ms returns 0  
[2024-Nov-21 10:14:11] [trace] [  JLink] - JLINK_HasError()  
[2024-Nov-21 10:14:11] [debug] [SeggerBackend] - ---just_write_access_port_register
[2024-Nov-21 10:14:11] [debug] [SeggerBackend] - ---just_select_access_port_register
[2024-Nov-21 10:14:11] [trace] [  JLink] - JLINK_CORESIGHT_WriteAPDPReg(AP reg 0x00, 0x03800052)  
[2024-Nov-21 10:14:11] [trace] [  JLink] - - 0.235ms returns 0  
[2024-Nov-21 10:14:11] [trace] [  JLink] - JLINK_HasError()  
[2024-Nov-21 10:14:11] [debug] [SeggerBackend] - ---just_write_access_port_register
[2024-Nov-21 10:14:11] [debug] [SeggerBackend] - ---just_select_access_port_register
[2024-Nov-21 10:14:11] [trace] [  JLink] - JLINK_CORESIGHT_WriteAPDPReg(AP reg 0x01, 0x50003A04)  
[2024-Nov-21 10:14:11] [trace] [  JLink] - - 0.242ms returns 0  
[2024-Nov-21 10:14:11] [trace] [  JLink] - JLINK_HasError()  
[2024-Nov-21 10:14:11] [debug] [SeggerBackend] - ---just_read_access_port_register
[2024-Nov-21 10:14:11] [debug] [SeggerBackend] - ---just_select_access_port_register
[2024-Nov-21 10:14:11] [trace] [  JLink] - JLINK_CORESIGHT_ReadAPDPReg(AP reg 0x03)  
[2024-Nov-21 10:14:11] [trace] [  JLink] - Value=0x80000012
[2024-Nov-21 10:14:11] [trace] [  JLink] - - 1.040ms returns 0  
[2024-Nov-21 10:14:11] [trace] [  JLink] - JLINK_HasError()  
[2024-Nov-21 10:14:11] [debug] [SeggerBackend] - ---just_read_access_port_register
[2024-Nov-21 10:14:11] [debug] [SeggerBackend] - ---just_select_access_port_register
[2024-Nov-21 10:14:11] [debug] [SeggerBackend] - Select AP 0, DP Bank 0, AP Bank 15
[2024-Nov-21 10:14:11] [trace] [  JLink] - JLINK_CORESIGHT_WriteAPDPReg(DP reg 0x02, 0x000000F0)  
[2024-Nov-21 10:14:11] [trace] [  JLink] - - 0.262ms returns 0  
[2024-Nov-21 10:14:11] [trace] [  JLink] - JLINK_HasError()  
[2024-Nov-21 10:14:11] [trace] [  JLink] - JLINK_CORESIGHT_ReadAPDPReg(AP reg 0x03)  
[2024-Nov-21 10:14:11] [trace] [  JLink] - Value=0x84770001
[2024-Nov-21 10:14:11] [trace] [  JLink] - - 2.690ms returns 0  
[2024-Nov-21 10:14:11] [trace] [  JLink] - JLINK_HasError()  
[2024-Nov-21 10:14:11] [debug] [  nRF53] - Peripheral at address 0x50081000 has secure properties Selectable Secure
[2024-Nov-21 10:14:11] [debug] [SeggerBackend] - write_u32
[2024-Nov-21 10:14:11] [debug] [SeggerBackend] - ---just_connect_to_device
[2024-Nov-21 10:14:11] [debug] [SeggerBackend] - is_connected_to_device
[2024-Nov-21 10:14:11] [debug] [SeggerBackend] - ---just_write_u32
[2024-Nov-21 10:14:11] [debug] [SeggerBackend] - ---just_write_debug_port_register
[2024-Nov-21 10:14:11] [debug] [SeggerBackend] - ---just_select_debug_port_register
[2024-Nov-21 10:14:11] [debug] [SeggerBackend] - Select AP 255, DP Bank 0, AP Bank 255
[2024-Nov-21 10:14:11] [trace] [  JLink] - JLINK_CORESIGHT_WriteAPDPReg(DP reg 0x02, 0x00000000)  
[2024-Nov-21 10:14:11] [trace] [  JLink] - - 0.574ms returns 0  
[2024-Nov-21 10:14:11] [trace] [  JLink] - JLINK_HasError()  
[2024-Nov-21 10:14:11] [trace] [  JLink] - JLINK_CORESIGHT_WriteAPDPReg(DP reg 0x02, 0x00000000)  
[2024-Nov-21 10:14:11] [trace] [  JLink] - - 0.291ms returns 0  
[2024-Nov-21 10:14:11] [trace] [  JLink] - JLINK_HasError()  
[2024-Nov-21 10:14:11] [trace] [  JLink] - JLINK_WriteU32_64(0x50081614, 0xFFFFFFFF)  
[2024-Nov-21 10:14:11] [trace] [  JLink] - CPU_WriteMem(4 bytes @ 0x50081614)
[2024-Nov-21 10:14:11] [trace] [  JLink] - - 0.433ms returns 0 (0x00000000)  
[2024-Nov-21 10:14:11] [trace] [  JLink] - JLINK_HasError()  
[2024-Nov-21 10:14:11] [debug] [SeggerBackend] - is_secure_debug_available
[2024-Nov-21 10:14:11] [debug] [SeggerBackend] - read_access_port_register
[2024-Nov-21 10:14:11] [debug] [SeggerBackend] - ---just_read_access_port_register
[2024-Nov-21 10:14:11] [debug] [SeggerBackend] - ---just_select_access_port_register
[2024-Nov-21 10:14:11] [trace] [  JLink] - JLINK_CORESIGHT_ReadAPDPReg(AP reg 0x00)  
[2024-Nov-21 10:14:11] [trace] [  JLink] - Value=0x03800052
[2024-Nov-21 10:14:11] [trace] [  JLink] - - 0.287ms returns 0  
[2024-Nov-21 10:14:11] [trace] [  JLink] - JLINK_HasError()  
[2024-Nov-21 10:14:11] [debug] [  nRF53] - Just_get_secure_nonsecure_address
[2024-Nov-21 10:14:11] [debug] [  nRF53] - update_periph_secure_state
[2024-Nov-21 10:14:11] [debug] [SeggerBackend] - is_secure_debug_available
[2024-Nov-21 10:14:11] [debug] [SeggerBackend] - read_access_port_register
[2024-Nov-21 10:14:11] [debug] [SeggerBackend] - ---just_read_access_port_register
[2024-Nov-21 10:14:11] [debug] [SeggerBackend] - ---just_select_access_port_register
[2024-Nov-21 10:14:11] [trace] [  JLink] - JLINK_CORESIGHT_ReadAPDPReg(AP reg 0x00)  
[2024-Nov-21 10:14:11] [trace] [  JLink] - Value=0x03800052
[2024-Nov-21 10:14:11] [trace] [  JLink] - - 0.251ms returns 0  
[2024-Nov-21 10:14:11] [trace] [  JLink] - JLINK_HasError()  
[2024-Nov-21 10:14:11] [debug] [  nRF53] - Reading addr 0x50003A04: secure state of peripheral from SPU @0x50003000 (S) (slave index 129).
[2024-Nov-21 10:14:11] [debug] [SeggerBackend] - ahb_read_u32
[2024-Nov-21 10:14:11] [debug] [SeggerBackend] - ---just_read_access_port_register
[2024-Nov-21 10:14:11] [debug] [SeggerBackend] - ---just_select_access_port_register
[2024-Nov-21 10:14:11] [trace] [  JLink] - JLINK_CORESIGHT_ReadAPDPReg(AP reg 0x00)  
[2024-Nov-21 10:14:11] [trace] [  JLink] - Value=0x03800052
[2024-Nov-21 10:14:11] [trace] [  JLink] - - 0.254ms returns 0  
[2024-Nov-21 10:14:11] [trace] [  JLink] - JLINK_HasError()  
[2024-Nov-21 10:14:11] [debug] [SeggerBackend] - ---just_write_access_port_register
[2024-Nov-21 10:14:11] [debug] [SeggerBackend] - ---just_select_access_port_register
[2024-Nov-21 10:14:11] [trace] [  JLink] - JLINK_CORESIGHT_WriteAPDPReg(AP reg 0x00, 0x03800052)  
[2024-Nov-21 10:14:11] [trace] [  JLink] - - 0.339ms returns 0  
[2024-Nov-21 10:14:11] [trace] [  JLink] - JLINK_HasError()  
[2024-Nov-21 10:14:11] [debug] [SeggerBackend] - ---just_write_access_port_register
[2024-Nov-21 10:14:11] [debug] [SeggerBackend] - ---just_select_access_port_register
[2024-Nov-21 10:14:11] [trace] [  JLink] - JLINK_CORESIGHT_WriteAPDPReg(AP reg 0x01, 0x50003A04)  
[2024-Nov-21 10:14:11] [trace] [  JLink] - - 0.235ms returns 0  
[2024-Nov-21 10:14:11] [trace] [  JLink] - JLINK_HasError()  
[2024-Nov-21 10:14:11] [debug] [SeggerBackend] - ---just_read_access_port_register
[2024-Nov-21 10:14:11] [debug] [SeggerBackend] - ---just_select_access_port_register
[2024-Nov-21 10:14:11] [trace] [  JLink] - JLINK_CORESIGHT_ReadAPDPReg(AP reg 0x03)  
[2024-Nov-21 10:14:11] [trace] [  JLink] - Value=0x80000012
[2024-Nov-21 10:14:11] [trace] [  JLink] - - 0.273ms returns 0  
[2024-Nov-21 10:14:11] [trace] [  JLink] - JLINK_HasError()  
[2024-Nov-21 10:14:11] [debug] [SeggerBackend] - ---just_read_access_port_register
[2024-Nov-21 10:14:11] [debug] [SeggerBackend] - ---just_select_access_port_register
[2024-Nov-21 10:14:11] [debug] [SeggerBackend] - Select AP 0, DP Bank 0, AP Bank 15
[2024-Nov-21 10:14:11] [trace] [  JLink] - JLINK_CORESIGHT_WriteAPDPReg(DP reg 0x02, 0x000000F0)  
[2024-Nov-21 10:14:11] [trace] [  JLink] - - 0.229ms returns 0  
[2024-Nov-21 10:14:11] [trace] [  JLink] - JLINK_HasError()  
[2024-Nov-21 10:14:11] [trace] [  JLink] - JLINK_CORESIGHT_ReadAPDPReg(AP reg 0x03)  
[2024-Nov-21 10:14:11] [trace] [  JLink] - Value=0x84770001
[2024-Nov-21 10:14:11] [trace] [  JLink] - - 0.261ms returns 0  
[2024-Nov-21 10:14:11] [trace] [  JLink] - JLINK_HasError()  
[2024-Nov-21 10:14:11] [debug] [  nRF53] - Peripheral at address 0x50081000 has secure properties Selectable Secure
[2024-Nov-21 10:14:11] [debug] [SeggerBackend] - write_u32
[2024-Nov-21 10:14:11] [debug] [SeggerBackend] - ---just_connect_to_device
[2024-Nov-21 10:14:11] [debug] [SeggerBackend] - is_connected_to_device
[2024-Nov-21 10:14:11] [debug] [SeggerBackend] - ---just_write_u32
[2024-Nov-21 10:14:11] [debug] [SeggerBackend] - ---just_write_debug_port_register
[2024-Nov-21 10:14:11] [debug] [SeggerBackend] - ---just_select_debug_port_register
[2024-Nov-21 10:14:11] [debug] [SeggerBackend] - Select AP 255, DP Bank 0, AP Bank 255
[2024-Nov-21 10:14:11] [trace] [  JLink] - JLINK_CORESIGHT_WriteAPDPReg(DP reg 0x02, 0x00000000)  
[2024-Nov-21 10:14:11] [trace] [  JLink] - - 0.223ms returns 0  
[2024-Nov-21 10:14:11] [trace] [  JLink] - JLINK_HasError()  
[2024-Nov-21 10:14:11] [trace] [  JLink] - JLINK_CORESIGHT_WriteAPDPReg(DP reg 0x02, 0x00000000)  
[2024-Nov-21 10:14:11] [trace] [  JLink] - - 0.478ms returns 0  
[2024-Nov-21 10:14:11] [trace] [  JLink] - JLINK_HasError()  
[2024-Nov-21 10:14:11] [trace] [  JLink] - JLINK_WriteU32_64(0x50081624, 0xFFFFFFFF)  
[2024-Nov-21 10:14:11] [trace] [  JLink] - CPU_WriteMem(4 bytes @ 0x50081624)
[2024-Nov-21 10:14:11] [trace] [ Client] - Command recover executed for 1220 milliseconds with result 0
[2024-Nov-21 10:14:11] [debug] [ Client] - read_device_info
[2024-Nov-21 10:14:11] [trace] [  JLink] - - 0.355ms returns 0 (0x00000000)  
[2024-Nov-21 10:14:11] [trace] [ Client] - Command read_device_info executed for 5 milliseconds with result 0
[2024-Nov-21 10:14:11] [debug] [ Client] - write
[2024-Nov-21 10:14:11] [trace] [  JLink] - JLINK_HasError()  
[2024-Nov-21 10:14:11] [debug] [SeggerBackend] - is_secure_debug_available
[2024-Nov-21 10:14:11] [debug] [SeggerBackend] - read_access_port_register
[2024-Nov-21 10:14:11] [debug] [SeggerBackend] - ---just_read_access_port_register
[2024-Nov-21 10:14:11] [debug] [SeggerBackend] - ---just_select_access_port_register
[2024-Nov-21 10:14:11] [trace] [  JLink] - JLINK_CORESIGHT_ReadAPDPReg(AP reg 0x00)  
[2024-Nov-21 10:14:11] [trace] [  JLink] - Value=0x03800052
[2024-Nov-21 10:14:11] [trace] [  JLink] - - 0.254ms returns 0  
[2024-Nov-21 10:14:11] [trace] [  JLink] - JLINK_HasError()  
[2024-Nov-21 10:14:11] [debug] [  nRF53] - Just_get_secure_nonsecure_address
[2024-Nov-21 10:14:11] [debug] [  nRF53] - update_periph_secure_state
[2024-Nov-21 10:14:11] [debug] [SeggerBackend] - is_secure_debug_available
[2024-Nov-21 10:14:11] [debug] [SeggerBackend] - read_access_port_register
[2024-Nov-21 10:14:11] [debug] [SeggerBackend] - ---just_read_access_port_register
[2024-Nov-21 10:14:11] [debug] [SeggerBackend] - ---just_select_access_port_register
[2024-Nov-21 10:14:11] [trace] [  JLink] - JLINK_CORESIGHT_ReadAPDPReg(AP reg 0x00)  
[2024-Nov-21 10:14:11] [trace] [  JLink] - Value=0x03800052
[2024-Nov-21 10:14:11] [trace] [  JLink] - - 0.260ms returns 0  
[2024-Nov-21 10:14:11] [trace] [  JLink] - JLINK_HasError()  
[2024-Nov-21 10:14:11] [debug] [  nRF53] - Reading addr 0x50003A04: secure state of peripheral from SPU @0x50003000 (S) (slave index 129).
[2024-Nov-21 10:14:11] [debug] [SeggerBackend] - ahb_read_u32
[2024-Nov-21 10:14:11] [debug] [SeggerBackend] - ---just_read_access_port_register
[2024-Nov-21 10:14:11] [debug] [SeggerBackend] - ---just_select_access_port_register
[2024-Nov-21 10:14:11] [trace] [  JLink] - JLINK_CORESIGHT_ReadAPDPReg(AP reg 0x00)  
[2024-Nov-21 10:14:11] [trace] [  JLink] - Value=0x03800052
[2024-Nov-21 10:14:11] [trace] [  JLink] - - 0.350ms returns 0  
[2024-Nov-21 10:14:11] [trace] [  JLink] - JLINK_HasError()  
[2024-Nov-21 10:14:11] [debug] [SeggerBackend] - ---just_write_access_port_register
[2024-Nov-21 10:14:11] [debug] [SeggerBackend] - ---just_select_access_port_register
[2024-Nov-21 10:14:11] [trace] [  JLink] - JLINK_CORESIGHT_WriteAPDPReg(AP reg 0x00, 0x03800052)  
[2024-Nov-21 10:14:11] [trace] [  JLink] - - 0.249ms returns 0  
[2024-Nov-21 10:14:11] [trace] [  JLink] - JLINK_HasError()  
[2024-Nov-21 10:14:11] [debug] [SeggerBackend] - ---just_write_access_port_register
[2024-Nov-21 10:14:11] [debug] [SeggerBackend] - ---just_select_access_port_register
[2024-Nov-21 10:14:11] [trace] [  JLink] - JLINK_CORESIGHT_WriteAPDPReg(AP reg 0x01, 0x50003A04)  
[2024-Nov-21 10:14:11] [trace] [  JLink] - - 0.243ms returns 0  
[2024-Nov-21 10:14:11] [trace] [  JLink] - JLINK_HasError()  
[2024-Nov-21 10:14:11] [debug] [SeggerBackend] - ---just_read_access_port_register
[2024-Nov-21 10:14:11] [debug] [SeggerBackend] - ---just_select_access_port_register
[2024-Nov-21 10:14:11] [trace] [  JLink] - JLINK_CORESIGHT_ReadAPDPReg(AP reg 0x03)  
[2024-Nov-21 10:14:11] [trace] [  JLink] - Value=0x80000012
[2024-Nov-21 10:14:11] [trace] [  JLink] - - 0.464ms returns 0  
[2024-Nov-21 10:14:11] [trace] [  JLink] - JLINK_HasError()  
[2024-Nov-21 10:14:11] [debug] [SeggerBackend] - ---just_read_access_port_register
[2024-Nov-21 10:14:11] [debug] [SeggerBackend] - ---just_select_access_port_register
[2024-Nov-21 10:14:11] [debug] [SeggerBackend] - Select AP 0, DP Bank 0, AP Bank 15
[2024-Nov-21 10:14:11] [trace] [  JLink] - JLINK_CORESIGHT_WriteAPDPReg(DP reg 0x02, 0x000000F0)  
[2024-Nov-21 10:14:11] [trace] [  JLink] - - 0.227ms returns 0  
[2024-Nov-21 10:14:11] [trace] [  JLink] - JLINK_HasError()  
[2024-Nov-21 10:14:11] [trace] [  JLink] - JLINK_CORESIGHT_ReadAPDPReg(AP reg 0x03)  
[2024-Nov-21 10:14:11] [trace] [  JLink] - Value=0x84770001
[2024-Nov-21 10:14:11] [trace] [  JLink] - - 0.270ms returns 0  
[2024-Nov-21 10:14:11] [trace] [  JLink] - JLINK_HasError()  
[2024-Nov-21 10:14:11] [debug] [  nRF53] - Peripheral at address 0x50081000 has secure properties Selectable Secure
[2024-Nov-21 10:14:11] [debug] [SeggerBackend] - write_u32
[2024-Nov-21 10:14:11] [debug] [SeggerBackend] - ---just_connect_to_device
[2024-Nov-21 10:14:11] [debug] [SeggerBackend] - is_connected_to_device
[2024-Nov-21 10:14:11] [debug] [SeggerBackend] - ---just_write_u32
[2024-Nov-21 10:14:11] [debug] [SeggerBackend] - ---just_write_debug_port_register
[2024-Nov-21 10:14:11] [debug] [SeggerBackend] - ---just_select_debug_port_register
[2024-Nov-21 10:14:11] [debug] [SeggerBackend] - Select AP 255, DP Bank 0, AP Bank 255
[2024-Nov-21 10:14:11] [trace] [  JLink] - JLINK_CORESIGHT_WriteAPDPReg(DP reg 0x02, 0x00000000)  
[2024-Nov-21 10:14:11] [trace] [  JLink] - - 0.423ms returns 0  
[2024-Nov-21 10:14:11] [trace] [  JLink] - JLINK_HasError()  
[2024-Nov-21 10:14:11] [trace] [  JLink] - JLINK_CORESIGHT_WriteAPDPReg(DP reg 0x02, 0x00000000)  
[2024-Nov-21 10:14:11] [trace] [  JLink] - - 0.254ms returns 0  
[2024-Nov-21 10:14:11] [trace] [  JLink] - JLINK_HasError()  
[2024-Nov-21 10:14:11] [trace] [  JLink] - JLINK_WriteU32_64(0x50081634, 0xFFFFFFFF)  
[2024-Nov-21 10:14:11] [trace] [  JLink] - CPU_WriteMem(4 bytes @ 0x50081634)
[2024-Nov-21 10:14:11] [trace] [  JLink] - - 0.474ms returns 0 (0x00000000)  
[2024-Nov-21 10:14:11] [trace] [  JLink] - JLINK_HasError()  
[2024-Nov-21 10:14:11] [debug] [SeggerBackend] - is_secure_debug_available
[2024-Nov-21 10:14:11] [debug] [SeggerBackend] - read_access_port_register
[2024-Nov-21 10:14:11] [debug] [SeggerBackend] - ---just_read_access_port_register
[2024-Nov-21 10:14:11] [debug] [SeggerBackend] - ---just_select_access_port_register
[2024-Nov-21 10:14:11] [trace] [  JLink] - JLINK_CORESIGHT_ReadAPDPReg(AP reg 0x00)  
[2024-Nov-21 10:14:11] [trace] [  JLink] - Value=0x03800052
[2024-Nov-21 10:14:11] [trace] [  JLink] - - 0.289ms returns 0  
[2024-Nov-21 10:14:11] [trace] [  JLink] - JLINK_HasError()  
[2024-Nov-21 10:14:11] [debug] [  nRF53] - Just_get_secure_nonsecure_address
[2024-Nov-21 10:14:11] [debug] [  nRF53] - update_periph_secure_state
[2024-Nov-21 10:14:11] [debug] [SeggerBackend] - is_secure_debug_available
[2024-Nov-21 10:14:11] [debug] [SeggerBackend] - read_access_port_register
[2024-Nov-21 10:14:11] [debug] [SeggerBackend] - ---just_read_access_port_register
[2024-Nov-21 10:14:11] [debug] [SeggerBackend] - ---just_select_access_port_register
[2024-Nov-21 10:14:11] [trace] [  JLink] - JLINK_CORESIGHT_ReadAPDPReg(AP reg 0x00)  
[2024-Nov-21 10:14:11] [trace] [  JLink] - Value=0x03800052
[2024-Nov-21 10:14:11] [trace] [  JLink] - - 0.683ms returns 0  
[2024-Nov-21 10:14:11] [trace] [  JLink] - JLINK_HasError()  
[2024-Nov-21 10:14:11] [debug] [  nRF53] - Reading addr 0x50003A04: secure state of peripheral from SPU @0x50003000 (S) (slave index 129).
[2024-Nov-21 10:14:11] [debug] [SeggerBackend] - ahb_read_u32
[2024-Nov-21 10:14:11] [debug] [SeggerBackend] - ---just_read_access_port_register
[2024-Nov-21 10:14:11] [debug] [SeggerBackend] - ---just_select_access_port_register
[2024-Nov-21 10:14:11] [trace] [  JLink] - JLINK_CORESIGHT_ReadAPDPReg(AP reg 0x00)  
[2024-Nov-21 10:14:11] [trace] [  JLink] - Value=0x03800052
[2024-Nov-21 10:14:11] [trace] [  JLink] - - 0.310ms returns 0  
[2024-Nov-21 10:14:11] [trace] [  JLink] - JLINK_HasError()  
[2024-Nov-21 10:14:11] [debug] [SeggerBackend] - ---just_write_access_port_register
[2024-Nov-21 10:14:11] [debug] [SeggerBackend] - ---just_select_access_port_register
[2024-Nov-21 10:14:11] [trace] [  JLink] - JLINK_CORESIGHT_WriteAPDPReg(AP reg 0x00, 0x03800052)  
[2024-Nov-21 10:14:11] [trace] [  JLink] - - 0.309ms returns 0  
[2024-Nov-21 10:14:11] [trace] [  JLink] - JLINK_HasError()  
[2024-Nov-21 10:14:11] [debug] [SeggerBackend] - ---just_write_access_port_register
[2024-Nov-21 10:14:11] [debug] [SeggerBackend] - ---just_select_access_port_register
[2024-Nov-21 10:14:11] [trace] [  JLink] - JLINK_CORESIGHT_WriteAPDPReg(AP reg 0x01, 0x50003A04)  
[2024-Nov-21 10:14:11] [trace] [  JLink] - - 0.297ms returns 0  
[2024-Nov-21 10:14:11] [trace] [  JLink] - JLINK_HasError()  
[2024-Nov-21 10:14:11] [debug] [SeggerBackend] - ---just_read_access_port_register
[2024-Nov-21 10:14:11] [debug] [SeggerBackend] - ---just_select_access_port_register
[2024-Nov-21 10:14:11] [trace] [  JLink] - JLINK_CORESIGHT_ReadAPDPReg(AP reg 0x03)  
[2024-Nov-21 10:14:11] [trace] [  JLink] - Value=0x80000012
[2024-Nov-21 10:14:11] [trace] [  JLink] - - 0.306ms returns 0  
[2024-Nov-21 10:14:11] [trace] [  JLink] - JLINK_HasError()  
[2024-Nov-21 10:14:11] [debug] [SeggerBackend] - ---just_read_access_port_register
[2024-Nov-21 10:14:11] [debug] [SeggerBackend] - ---just_select_access_port_register
[2024-Nov-21 10:14:11] [debug] [SeggerBackend] - Select AP 0, DP Bank 0, AP Bank 15
[2024-Nov-21 10:14:11] [trace] [  JLink] - JLINK_CORESIGHT_WriteAPDPReg(DP reg 0x02, 0x000000F0)  
[2024-Nov-21 10:14:11] [trace] [  JLink] - - 0.264ms returns 0  
[2024-Nov-21 10:14:11] [trace] [  JLink] - JLINK_HasError()  
[2024-Nov-21 10:14:11] [trace] [  JLink] - JLINK_CORESIGHT_ReadAPDPReg(AP reg 0x03)  
[2024-Nov-21 10:14:11] [trace] [  JLink] - Value=0x84770001
[2024-Nov-21 10:14:11] [trace] [  JLink] - - 0.290ms returns 0  
[2024-Nov-21 10:14:11] [trace] [  JLink] - JLINK_HasError()  
[2024-Nov-21 10:14:11] [debug] [  nRF53] - Peripheral at address 0x50081000 has secure properties Selectable Secure
[2024-Nov-21 10:14:11] [debug] [SeggerBackend] - write_u32
[2024-Nov-21 10:14:11] [debug] [SeggerBackend] - ---just_connect_to_device
[2024-Nov-21 10:14:11] [debug] [SeggerBackend] - is_connected_to_device
[2024-Nov-21 10:14:11] [debug] [SeggerBackend] - ---just_write_u32
[2024-Nov-21 10:14:11] [debug] [SeggerBackend] - ---just_write_debug_port_register
[2024-Nov-21 10:14:11] [debug] [SeggerBackend] - ---just_select_debug_port_register
[2024-Nov-21 10:14:11] [debug] [SeggerBackend] - Select AP 255, DP Bank 0, AP Bank 255
[2024-Nov-21 10:14:11] [trace] [  JLink] - JLINK_CORESIGHT_WriteAPDPReg(DP reg 0x02, 0x00000000)  
[2024-Nov-21 10:14:11] [trace] [  JLink] - - 0.272ms returns 0  
[2024-Nov-21 10:14:11] [trace] [  JLink] - JLINK_HasError()  
[2024-Nov-21 10:14:11] [trace] [  JLink] - JLINK_CORESIGHT_WriteAPDPReg(DP reg 0x02, 0x00000000)  
[2024-Nov-21 10:14:11] [trace] [  JLink] - - 0.271ms returns 0  
[2024-Nov-21 10:14:11] [trace] [  JLink] - JLINK_HasError()  
[2024-Nov-21 10:14:11] [trace] [  JLink] - JLINK_WriteU32_64(0x50081644, 0xFFFFFFFF)  
[2024-Nov-21 10:14:11] [trace] [  JLink] - CPU_WriteMem(4 bytes @ 0x50081644)
[2024-Nov-21 10:14:11] [trace] [  JLink] - - 0.944ms returns 0 (0x00000000)  
[2024-Nov-21 10:14:11] [trace] [  JLink] - JLINK_HasError()  
[2024-Nov-21 10:14:11] [debug] [SeggerBackend] - is_secure_debug_available
[2024-Nov-21 10:14:11] [debug] [SeggerBackend] - read_access_port_register
[2024-Nov-21 10:14:11] [debug] [SeggerBackend] - ---just_read_access_port_register
[2024-Nov-21 10:14:11] [debug] [SeggerBackend] - ---just_select_access_port_register
[2024-Nov-21 10:14:11] [trace] [  JLink] - JLINK_CORESIGHT_ReadAPDPReg(AP reg 0x00)  
[2024-Nov-21 10:14:11] [trace] [  JLink] - Value=0x03800052
[2024-Nov-21 10:14:11] [trace] [  JLink] - - 0.310ms returns 0  
[2024-Nov-21 10:14:11] [trace] [  JLink] - JLINK_HasError()  
[2024-Nov-21 10:14:11] [debug] [  nRF53] - Just_get_secure_nonsecure_address
[2024-Nov-21 10:14:11] [debug] [  nRF53] - update_periph_secure_state
[2024-Nov-21 10:14:11] [debug] [SeggerBackend] - is_secure_debug_available
[2024-Nov-21 10:14:11] [debug] [SeggerBackend] - read_access_port_register
[2024-Nov-21 10:14:11] [debug] [SeggerBackend] - ---just_read_access_port_register
[2024-Nov-21 10:14:11] [debug] [SeggerBackend] - ---just_select_access_port_register
[2024-Nov-21 10:14:11] [trace] [  JLink] - JLINK_CORESIGHT_ReadAPDPReg(AP reg 0x00)  
[2024-Nov-21 10:14:11] [trace] [  JLink] - Value=0x03800052
[2024-Nov-21 10:14:11] [trace] [  JLink] - - 0.418ms returns 0  
[2024-Nov-21 10:14:11] [trace] [  JLink] - JLINK_HasError()  
[2024-Nov-21 10:14:11] [debug] [  nRF53] - Reading addr 0x50003A04: secure state of peripheral from SPU @0x50003000 (S) (slave index 129).
[2024-Nov-21 10:14:11] [debug] [SeggerBackend] - ahb_read_u32
[2024-Nov-21 10:14:11] [debug] [SeggerBackend] - ---just_read_access_port_register
[2024-Nov-21 10:14:11] [debug] [SeggerBackend] - ---just_select_access_port_register
[2024-Nov-21 10:14:11] [trace] [  JLink] - JLINK_CORESIGHT_ReadAPDPReg(AP reg 0x00)  
[2024-Nov-21 10:14:11] [trace] [  JLink] - Value=0x03800052
[2024-Nov-21 10:14:11] [trace] [  JLink] - - 1.305ms returns 0  
[2024-Nov-21 10:14:11] [trace] [  JLink] - JLINK_HasError()  
[2024-Nov-21 10:14:11] [debug] [SeggerBackend] - ---just_write_access_port_register
[2024-Nov-21 10:14:11] [debug] [SeggerBackend] - ---just_select_access_port_register
[2024-Nov-21 10:14:11] [trace] [  JLink] - JLINK_CORESIGHT_WriteAPDPReg(AP reg 0x00, 0x03800052)  
[2024-Nov-21 10:14:11] [trace] [  JLink] - - 1.972ms returns 0  
[2024-Nov-21 10:14:11] [trace] [  JLink] - JLINK_HasError()  
[2024-Nov-21 10:14:11] [debug] [SeggerBackend] - ---just_write_access_port_register
[2024-Nov-21 10:14:11] [debug] [SeggerBackend] - ---just_select_access_port_register
[2024-Nov-21 10:14:11] [trace] [  JLink] - JLINK_CORESIGHT_WriteAPDPReg(AP reg 0x01, 0x50003A04)  
[2024-Nov-21 10:14:11] [trace] [  JLink] - - 0.462ms returns 0  
[2024-Nov-21 10:14:11] [trace] [  JLink] - JLINK_HasError()  
[2024-Nov-21 10:14:11] [debug] [SeggerBackend] - ---just_read_access_port_register
[2024-Nov-21 10:14:11] [debug] [SeggerBackend] - ---just_select_access_port_register
[2024-Nov-21 10:14:11] [trace] [  JLink] - JLINK_CORESIGHT_ReadAPDPReg(AP reg 0x03)  
[2024-Nov-21 10:14:11] [trace] [  JLink] - Value=0x80000012
[2024-Nov-21 10:14:11] [trace] [  JLink] - - 0.258ms returns 0  
[2024-Nov-21 10:14:11] [trace] [  JLink] - JLINK_HasError()  
[2024-Nov-21 10:14:11] [debug] [SeggerBackend] - ---just_read_access_port_register
[2024-Nov-21 10:14:11] [debug] [SeggerBackend] - ---just_select_access_port_register
[2024-Nov-21 10:14:11] [debug] [SeggerBackend] - Select AP 0, DP Bank 0, AP Bank 15
[2024-Nov-21 10:14:11] [trace] [  JLink] - JLINK_CORESIGHT_WriteAPDPReg(DP reg 0x02, 0x000000F0)  
[2024-Nov-21 10:14:11] [trace] [  JLink] - - 0.230ms returns 0  
[2024-Nov-21 10:14:11] [trace] [  JLink] - JLINK_HasError()  
[2024-Nov-21 10:14:11] [trace] [  JLink] - JLINK_CORESIGHT_ReadAPDPReg(AP reg 0x03)  
[2024-Nov-21 10:14:11] [trace] [  JLink] - Value=0x84770001
[2024-Nov-21 10:14:11] [trace] [  JLink] - - 0.261ms returns 0  
[2024-Nov-21 10:14:11] [trace] [  JLink] - JLINK_HasError()  
[2024-Nov-21 10:14:11] [debug] [  nRF53] - Peripheral at address 0x50081000 has secure properties Selectable Secure
[2024-Nov-21 10:14:11] [debug] [SeggerBackend] - write_u32
[2024-Nov-21 10:14:11] [debug] [SeggerBackend] - ---just_connect_to_device
[2024-Nov-21 10:14:11] [debug] [SeggerBackend] - is_connected_to_device
[2024-Nov-21 10:14:11] [debug] [SeggerBackend] - ---just_write_u32
[2024-Nov-21 10:14:11] [debug] [SeggerBackend] - ---just_write_debug_port_register
[2024-Nov-21 10:14:11] [debug] [SeggerBackend] - ---just_select_debug_port_register
[2024-Nov-21 10:14:11] [debug] [SeggerBackend] - Select AP 255, DP Bank 0, AP Bank 255
[2024-Nov-21 10:14:11] [trace] [  JLink] - JLINK_CORESIGHT_WriteAPDPReg(DP reg 0x02, 0x00000000)  
[2024-Nov-21 10:14:11] [trace] [  JLink] - - 0.287ms returns 0  
[2024-Nov-21 10:14:11] [trace] [  JLink] - JLINK_HasError()  
[2024-Nov-21 10:14:11] [trace] [  JLink] - JLINK_CORESIGHT_WriteAPDPReg(DP reg 0x02, 0x00000000)  
[2024-Nov-21 10:14:11] [trace] [  JLink] - - 0.219ms returns 0  
[2024-Nov-21 10:14:11] [trace] [  JLink] - JLINK_HasError()  
[2024-Nov-21 10:14:11] [trace] [  JLink] - JLINK_WriteU32_64(0x50081654, 0xFFFFFFFF)  
[2024-Nov-21 10:14:11] [trace] [  JLink] - CPU_WriteMem(4 bytes @ 0x50081654)
[2024-Nov-21 10:14:11] [trace] [  JLink] - - 0.606ms returns 0 (0x00000000)  
[2024-Nov-21 10:14:11] [trace] [  JLink] - JLINK_HasError()  
[2024-Nov-21 10:14:11] [debug] [SeggerBackend] - is_secure_debug_available
[2024-Nov-21 10:14:11] [debug] [SeggerBackend] - read_access_port_register
[2024-Nov-21 10:14:11] [debug] [SeggerBackend] - ---just_read_access_port_register
[2024-Nov-21 10:14:11] [debug] [SeggerBackend] - ---just_select_access_port_register
[2024-Nov-21 10:14:11] [trace] [  JLink] - JLINK_CORESIGHT_ReadAPDPReg(AP reg 0x00)  
[2024-Nov-21 10:14:11] [trace] [  JLink] - Value=0x03800052
[2024-Nov-21 10:14:11] [trace] [  JLink] - - 2.225ms returns 0  
[2024-Nov-21 10:14:11] [trace] [  JLink] - JLINK_HasError()  
[2024-Nov-21 10:14:11] [debug] [  nRF53] - Just_get_secure_nonsecure_address
[2024-Nov-21 10:14:11] [debug] [  nRF53] - update_periph_secure_state
[2024-Nov-21 10:14:11] [debug] [SeggerBackend] - is_secure_debug_available
[2024-Nov-21 10:14:11] [debug] [SeggerBackend] - read_access_port_register
[2024-Nov-21 10:14:11] [debug] [SeggerBackend] - ---just_read_access_port_register
[2024-Nov-21 10:14:11] [debug] [SeggerBackend] - ---just_select_access_port_register
[2024-Nov-21 10:14:11] [trace] [  JLink] - JLINK_CORESIGHT_ReadAPDPReg(AP reg 0x00)  
[2024-Nov-21 10:14:11] [trace] [  JLink] - Value=0x03800052
[2024-Nov-21 10:14:11] [trace] [  JLink] - - 0.373ms returns 0  
[2024-Nov-21 10:14:11] [trace] [  JLink] - JLINK_HasError()  
[2024-Nov-21 10:14:11] [debug] [  nRF53] - Reading addr 0x50003A04: secure state of peripheral from SPU @0x50003000 (S) (slave index 129).
[2024-Nov-21 10:14:11] [debug] [SeggerBackend] - ahb_read_u32
[2024-Nov-21 10:14:11] [debug] [SeggerBackend] - ---just_read_access_port_register
[2024-Nov-21 10:14:11] [debug] [SeggerBackend] - ---just_select_access_port_register
[2024-Nov-21 10:14:11] [trace] [  JLink] - JLINK_CORESIGHT_ReadAPDPReg(AP reg 0x00)  
[2024-Nov-21 10:14:11] [trace] [  JLink] - Value=0x03800052
[2024-Nov-21 10:14:11] [trace] [  JLink] - - 0.449ms returns 0  
[2024-Nov-21 10:14:11] [trace] [  JLink] - JLINK_HasError()  
[2024-Nov-21 10:14:11] [debug] [SeggerBackend] - ---just_write_access_port_register
[2024-Nov-21 10:14:11] [debug] [SeggerBackend] - ---just_select_access_port_register
[2024-Nov-21 10:14:11] [trace] [  JLink] - JLINK_CORESIGHT_WriteAPDPReg(AP reg 0x00, 0x03800052)  
[2024-Nov-21 10:14:11] [trace] [  JLink] - - 0.228ms returns 0  
[2024-Nov-21 10:14:11] [trace] [  JLink] - JLINK_HasError()  
[2024-Nov-21 10:14:11] [debug] [SeggerBackend] - ---just_write_access_port_register
[2024-Nov-21 10:14:11] [debug] [SeggerBackend] - ---just_select_access_port_register
[2024-Nov-21 10:14:11] [trace] [  JLink] - JLINK_CORESIGHT_WriteAPDPReg(AP reg 0x01, 0x50003A04)  
[2024-Nov-21 10:14:11] [trace] [  JLink] - - 0.206ms returns 0  
[2024-Nov-21 10:14:11] [trace] [  JLink] - JLINK_HasError()  
[2024-Nov-21 10:14:11] [debug] [SeggerBackend] - ---just_read_access_port_register
[2024-Nov-21 10:14:11] [debug] [SeggerBackend] - ---just_select_access_port_register
[2024-Nov-21 10:14:11] [trace] [  JLink] - JLINK_CORESIGHT_ReadAPDPReg(AP reg 0x03)  
[2024-Nov-21 10:14:11] [trace] [  JLink] - Value=0x80000012
[2024-Nov-21 10:14:11] [trace] [  JLink] - - 0.424ms returns 0  
[2024-Nov-21 10:14:11] [trace] [  JLink] - JLINK_HasError()  
[2024-Nov-21 10:14:11] [debug] [SeggerBackend] - ---just_read_access_port_register
[2024-Nov-21 10:14:11] [debug] [SeggerBackend] - ---just_select_access_port_register
[2024-Nov-21 10:14:11] [debug] [SeggerBackend] - Select AP 0, DP Bank 0, AP Bank 15
[2024-Nov-21 10:14:11] [trace] [  JLink] - JLINK_CORESIGHT_WriteAPDPReg(DP reg 0x02, 0x000000F0)  
[2024-Nov-21 10:14:11] [trace] [  JLink] - - 0.235ms returns 0  
[2024-Nov-21 10:14:11] [trace] [  JLink] - JLINK_HasError()  
[2024-Nov-21 10:14:11] [trace] [  JLink] - JLINK_CORESIGHT_ReadAPDPReg(AP reg 0x03)  
[2024-Nov-21 10:14:11] [trace] [  JLink] - Value=0x84770001
[2024-Nov-21 10:14:11] [trace] [  JLink] - - 0.279ms returns 0  
[2024-Nov-21 10:14:11] [trace] [  JLink] - JLINK_HasError()  
[2024-Nov-21 10:14:11] [debug] [  nRF53] - Peripheral at address 0x50081000 has secure properties Selectable Secure
[2024-Nov-21 10:14:11] [debug] [SeggerBackend] - write_u32
[2024-Nov-21 10:14:11] [debug] [SeggerBackend] - ---just_connect_to_device
[2024-Nov-21 10:14:11] [debug] [SeggerBackend] - is_connected_to_device
[2024-Nov-21 10:14:11] [debug] [SeggerBackend] - ---just_write_u32
[2024-Nov-21 10:14:11] [debug] [SeggerBackend] - ---just_write_debug_port_register
[2024-Nov-21 10:14:11] [debug] [SeggerBackend] - ---just_select_debug_port_register
[2024-Nov-21 10:14:11] [debug] [SeggerBackend] - Select AP 255, DP Bank 0, AP Bank 255
[2024-Nov-21 10:14:11] [trace] [  JLink] - JLINK_CORESIGHT_WriteAPDPReg(DP reg 0x02, 0x00000000)  
[2024-Nov-21 10:14:11] [trace] [  JLink] - - 0.259ms returns 0  
[2024-Nov-21 10:14:11] [trace] [  JLink] - JLINK_HasError()  
[2024-Nov-21 10:14:11] [trace] [  JLink] - JLINK_CORESIGHT_WriteAPDPReg(DP reg 0x02, 0x00000000)  
[2024-Nov-21 10:14:11] [trace] [  JLink] - - 0.239ms returns 0  
[2024-Nov-21 10:14:11] [trace] [  JLink] - JLINK_HasError()  
[2024-Nov-21 10:14:11] [trace] [  JLink] - JLINK_WriteU32_64(0x50081664, 0xFFFFFFFF)  
[2024-Nov-21 10:14:11] [trace] [  JLink] - CPU_WriteMem(4 bytes @ 0x50081664)
[2024-Nov-21 10:14:11] [trace] [  JLink] - - 0.416ms returns 0 (0x00000000)  
[2024-Nov-21 10:14:11] [trace] [  JLink] - JLINK_HasError()  
[2024-Nov-21 10:14:11] [debug] [SeggerBackend] - is_secure_debug_available
[2024-Nov-21 10:14:11] [debug] [SeggerBackend] - read_access_port_register
[2024-Nov-21 10:14:11] [debug] [SeggerBackend] - ---just_read_access_port_register
[2024-Nov-21 10:14:11] [debug] [SeggerBackend] - ---just_select_access_port_register
[2024-Nov-21 10:14:11] [trace] [  JLink] - JLINK_CORESIGHT_ReadAPDPReg(AP reg 0x00)  
[2024-Nov-21 10:14:11] [trace] [  JLink] - Value=0x03800052
[2024-Nov-21 10:14:11] [trace] [  JLink] - - 0.587ms returns 0  
[2024-Nov-21 10:14:11] [trace] [  JLink] - JLINK_HasError()  
[2024-Nov-21 10:14:11] [debug] [  nRF53] - Just_get_secure_nonsecure_address
[2024-Nov-21 10:14:11] [debug] [  nRF53] - update_periph_secure_state
[2024-Nov-21 10:14:11] [debug] [SeggerBackend] - is_secure_debug_available
[2024-Nov-21 10:14:11] [debug] [SeggerBackend] - read_access_port_register
[2024-Nov-21 10:14:11] [debug] [SeggerBackend] - ---just_read_access_port_register
[2024-Nov-21 10:14:11] [debug] [SeggerBackend] - ---just_select_access_port_register
[2024-Nov-21 10:14:11] [trace] [  JLink] - JLINK_CORESIGHT_ReadAPDPReg(AP reg 0x00)  
[2024-Nov-21 10:14:11] [trace] [  JLink] - Value=0x03800052
[2024-Nov-21 10:14:11] [trace] [  JLink] - - 0.283ms returns 0  
[2024-Nov-21 10:14:11] [trace] [  JLink] - JLINK_HasError()  
[2024-Nov-21 10:14:11] [debug] [  nRF53] - Reading addr 0x50003A04: secure state of peripheral from SPU @0x50003000 (S) (slave index 129).
[2024-Nov-21 10:14:11] [debug] [SeggerBackend] - ahb_read_u32
[2024-Nov-21 10:14:11] [debug] [SeggerBackend] - ---just_read_access_port_register
[2024-Nov-21 10:14:11] [debug] [SeggerBackend] - ---just_select_access_port_register
[2024-Nov-21 10:14:11] [trace] [  JLink] - JLINK_CORESIGHT_ReadAPDPReg(AP reg 0x00)  
[2024-Nov-21 10:14:11] [trace] [  JLink] - Value=0x03800052
[2024-Nov-21 10:14:11] [trace] [  JLink] - - 0.278ms returns 0  
[2024-Nov-21 10:14:11] [trace] [  JLink] - JLINK_HasError()  
[2024-Nov-21 10:14:11] [debug] [SeggerBackend] - ---just_write_access_port_register
[2024-Nov-21 10:14:11] [debug] [SeggerBackend] - ---just_select_access_port_register
[2024-Nov-21 10:14:11] [trace] [  JLink] - JLINK_CORESIGHT_WriteAPDPReg(AP reg 0x00, 0x03800052)  
[2024-Nov-21 10:14:11] [trace] [  JLink] - - 0.331ms returns 0  
[2024-Nov-21 10:14:11] [trace] [  JLink] - JLINK_HasError()  
[2024-Nov-21 10:14:11] [debug] [SeggerBackend] - ---just_write_access_port_register
[2024-Nov-21 10:14:11] [debug] [SeggerBackend] - ---just_select_access_port_register
[2024-Nov-21 10:14:11] [trace] [  JLink] - JLINK_CORESIGHT_WriteAPDPReg(AP reg 0x01, 0x50003A04)  
[2024-Nov-21 10:14:11] [trace] [  JLink] - - 0.243ms returns 0  
[2024-Nov-21 10:14:11] [trace] [  JLink] - JLINK_HasError()  
[2024-Nov-21 10:14:11] [debug] [SeggerBackend] - ---just_read_access_port_register
[2024-Nov-21 10:14:11] [debug] [SeggerBackend] - ---just_select_access_port_register
[2024-Nov-21 10:14:11] [trace] [  JLink] - JLINK_CORESIGHT_ReadAPDPReg(AP reg 0x03)  
[2024-Nov-21 10:14:11] [trace] [  JLink] - Value=0x80000012
[2024-Nov-21 10:14:11] [trace] [  JLink] - - 0.274ms returns 0  
[2024-Nov-21 10:14:11] [trace] [  JLink] - JLINK_HasError()  
[2024-Nov-21 10:14:11] [debug] [SeggerBackend] - ---just_read_access_port_register
[2024-Nov-21 10:14:11] [debug] [SeggerBackend] - ---just_select_access_port_register
[2024-Nov-21 10:14:11] [debug] [SeggerBackend] - Select AP 0, DP Bank 0, AP Bank 15
[2024-Nov-21 10:14:11] [trace] [  JLink] - JLINK_CORESIGHT_WriteAPDPReg(DP reg 0x02, 0x000000F0)  
[2024-Nov-21 10:14:11] [trace] [  JLink] - - 0.431ms returns 0  
[2024-Nov-21 10:14:11] [trace] [  JLink] - JLINK_HasError()  
[2024-Nov-21 10:14:11] [trace] [  JLink] - JLINK_CORESIGHT_ReadAPDPReg(AP reg 0x03)  
[2024-Nov-21 10:14:11] [trace] [  JLink] - Value=0x84770001
[2024-Nov-21 10:14:11] [trace] [  JLink] - - 0.271ms returns 0  
[2024-Nov-21 10:14:11] [trace] [  JLink] - JLINK_HasError()  
[2024-Nov-21 10:14:11] [debug] [  nRF53] - Peripheral at address 0x50081000 has secure properties Selectable Secure
[2024-Nov-21 10:14:11] [debug] [SeggerBackend] - write_u32
[2024-Nov-21 10:14:11] [debug] [SeggerBackend] - ---just_connect_to_device
[2024-Nov-21 10:14:11] [debug] [SeggerBackend] - is_connected_to_device
[2024-Nov-21 10:14:11] [debug] [SeggerBackend] - ---just_write_u32
[2024-Nov-21 10:14:11] [debug] [SeggerBackend] - ---just_write_debug_port_register
[2024-Nov-21 10:14:11] [debug] [SeggerBackend] - ---just_select_debug_port_register
[2024-Nov-21 10:14:11] [debug] [SeggerBackend] - Select AP 255, DP Bank 0, AP Bank 255
[2024-Nov-21 10:14:11] [trace] [  JLink] - JLINK_CORESIGHT_WriteAPDPReg(DP reg 0x02, 0x00000000)  
[2024-Nov-21 10:14:11] [trace] [  JLink] - - 0.241ms returns 0  
[2024-Nov-21 10:14:11] [trace] [  JLink] - JLINK_HasError()  
[2024-Nov-21 10:14:11] [trace] [  JLink] - JLINK_CORESIGHT_WriteAPDPReg(DP reg 0x02, 0x00000000)  
[2024-Nov-21 10:14:11] [trace] [  JLink] - - 0.420ms returns 0  
[2024-Nov-21 10:14:11] [trace] [  JLink] - JLINK_HasError()  
[2024-Nov-21 10:14:11] [trace] [  JLink] - JLINK_WriteU32_64(0x50081674, 0xFFFFFFFF)  
[2024-Nov-21 10:14:11] [trace] [  JLink] - CPU_WriteMem(4 bytes @ 0x50081674)
[2024-Nov-21 10:14:11] [trace] [  JLink] - - 0.382ms returns 0 (0x00000000)  
[2024-Nov-21 10:14:11] [trace] [  JLink] - JLINK_HasError()  
[2024-Nov-21 10:14:11] [debug] [  nRF53] - Just_clear_resetreas
[2024-Nov-21 10:14:11] [debug] [SeggerBackend] - is_secure_debug_available
[2024-Nov-21 10:14:11] [debug] [SeggerBackend] - read_access_port_register
[2024-Nov-21 10:14:11] [debug] [SeggerBackend] - ---just_read_access_port_register
[2024-Nov-21 10:14:11] [debug] [SeggerBackend] - ---just_select_access_port_register
[2024-Nov-21 10:14:11] [trace] [  JLink] - JLINK_CORESIGHT_ReadAPDPReg(AP reg 0x00)  
[2024-Nov-21 10:14:11] [trace] [  JLink] - Value=0x03800052
[2024-Nov-21 10:14:11] [trace] [  JLink] - - 0.270ms returns 0  
[2024-Nov-21 10:14:11] [trace] [  JLink] - JLINK_HasError()  
[2024-Nov-21 10:14:11] [debug] [  nRF53] - Just_get_secure_nonsecure_address
[2024-Nov-21 10:14:11] [debug] [  nRF53] - update_periph_secure_state
[2024-Nov-21 10:14:11] [debug] [SeggerBackend] - is_secure_debug_available
[2024-Nov-21 10:14:11] [debug] [SeggerBackend] - read_access_port_register
[2024-Nov-21 10:14:11] [debug] [SeggerBackend] - ---just_read_access_port_register
[2024-Nov-21 10:14:11] [debug] [SeggerBackend] - ---just_select_access_port_register
[2024-Nov-21 10:14:11] [trace] [  JLink] - JLINK_CORESIGHT_ReadAPDPReg(AP reg 0x00)  
[2024-Nov-21 10:14:11] [trace] [  JLink] - Value=0x03800052
[2024-Nov-21 10:14:11] [trace] [  JLink] - - 0.342ms returns 0  
[2024-Nov-21 10:14:11] [trace] [  JLink] - JLINK_HasError()  
[2024-Nov-21 10:14:11] [debug] [  nRF53] - Reading addr 0x50003814: secure state of peripheral from SPU @0x50003000 (S) (slave index 5).
[2024-Nov-21 10:14:11] [debug] [SeggerBackend] - ahb_read_u32
[2024-Nov-21 10:14:11] [debug] [SeggerBackend] - ---just_read_access_port_register
[2024-Nov-21 10:14:11] [debug] [SeggerBackend] - ---just_select_access_port_register
[2024-Nov-21 10:14:11] [trace] [  JLink] - JLINK_CORESIGHT_ReadAPDPReg(AP reg 0x00)  
[2024-Nov-21 10:14:11] [trace] [  JLink] - Value=0x03800052
[2024-Nov-21 10:14:11] [trace] [  JLink] - - 0.270ms returns 0  
[2024-Nov-21 10:14:11] [trace] [  JLink] - JLINK_HasError()  
[2024-Nov-21 10:14:11] [debug] [SeggerBackend] - ---just_write_access_port_register
[2024-Nov-21 10:14:11] [debug] [SeggerBackend] - ---just_select_access_port_register
[2024-Nov-21 10:14:11] [trace] [  JLink] - JLINK_CORESIGHT_WriteAPDPReg(AP reg 0x00, 0x03800052)  
[2024-Nov-21 10:14:11] [trace] [  JLink] - - 1.664ms returns 0  
[2024-Nov-21 10:14:11] [trace] [  JLink] - JLINK_HasError()  
[2024-Nov-21 10:14:11] [debug] [SeggerBackend] - ---just_write_access_port_register
[2024-Nov-21 10:14:11] [debug] [SeggerBackend] - ---just_select_access_port_register
[2024-Nov-21 10:14:11] [trace] [  JLink] - JLINK_CORESIGHT_WriteAPDPReg(AP reg 0x01, 0x50003814)  
[2024-Nov-21 10:14:11] [trace] [  JLink] - - 0.390ms returns 0  
[2024-Nov-21 10:14:11] [trace] [  JLink] - JLINK_HasError()  
[2024-Nov-21 10:14:11] [debug] [SeggerBackend] - ---just_read_access_port_register
[2024-Nov-21 10:14:11] [debug] [SeggerBackend] - ---just_select_access_port_register
[2024-Nov-21 10:14:11] [trace] [  JLink] - JLINK_CORESIGHT_ReadAPDPReg(AP reg 0x03)  
[2024-Nov-21 10:14:11] [trace] [  JLink] - Value=0x80000012
[2024-Nov-21 10:14:11] [trace] [  JLink] - - 0.313ms returns 0  
[2024-Nov-21 10:14:11] [trace] [  JLink] - JLINK_HasError()  
[2024-Nov-21 10:14:11] [debug] [SeggerBackend] - ---just_read_access_port_register
[2024-Nov-21 10:14:11] [debug] [SeggerBackend] - ---just_select_access_port_register
[2024-Nov-21 10:14:11] [debug] [SeggerBackend] - Select AP 0, DP Bank 0, AP Bank 15
[2024-Nov-21 10:14:11] [trace] [  JLink] - JLINK_CORESIGHT_WriteAPDPReg(DP reg 0x02, 0x000000F0)  
[2024-Nov-21 10:14:11] [trace] [  JLink] - - 0.245ms returns 0  
[2024-Nov-21 10:14:11] [trace] [ Client] - Command write executed for 61 milliseconds with result 0
[2024-Nov-21 10:14:11] [trace] [  JLink] - JLINK_HasError()  
[2024-Nov-21 10:14:11] [trace] [  JLink] - JLINK_CORESIGHT_ReadAPDPReg(AP reg 0x03)  
[2024-Nov-21 10:14:11] [trace] [  JLink] - Value=0x84770001
[2024-Nov-21 10:14:11] [trace] [  JLink] - - 0.300ms returns 0  
[2024-Nov-21 10:14:11] [trace] [  JLink] - JLINK_HasError()  
[2024-Nov-21 10:14:11] [debug] [  nRF53] - Peripheral at address 0x50005400 has secure properties Selectable Secure
[2024-Nov-21 10:14:11] [debug] [SeggerBackend] - write_u32
[2024-Nov-21 10:14:11] [debug] [SeggerBackend] - ---just_connect_to_device
[2024-Nov-21 10:14:11] [debug] [SeggerBackend] - is_connected_to_device
[2024-Nov-21 10:14:11] [debug] [SeggerBackend] - ---just_write_u32
[2024-Nov-21 10:14:11] [debug] [SeggerBackend] - ---just_write_debug_port_register
[2024-Nov-21 10:14:11] [debug] [SeggerBackend] - ---just_select_debug_port_register
[2024-Nov-21 10:14:11] [debug] [SeggerBackend] - Select AP 255, DP Bank 0, AP Bank 255
[2024-Nov-21 10:14:11] [trace] [  JLink] - JLINK_CORESIGHT_WriteAPDPReg(DP reg 0x02, 0x00000000)  
[2024-Nov-21 10:14:11] [trace] [  JLink] - - 0.942ms returns 0  
[2024-Nov-21 10:14:11] [trace] [  JLink] - JLINK_HasError()  
[2024-Nov-21 10:14:11] [trace] [  JLink] - JLINK_CORESIGHT_WriteAPDPReg(DP reg 0x02, 0x00000000)  
[2024-Nov-21 10:14:11] [trace] [  JLink] - - 0.251ms returns 0  
[2024-Nov-21 10:14:11] [trace] [  JLink] - JLINK_HasError()  
[2024-Nov-21 10:14:11] [trace] [  JLink] - JLINK_WriteU32_64(0x50005400, 0xFFFFFFFF)  
[2024-Nov-21 10:14:11] [trace] [  JLink] - CPU_WriteMem(4 bytes @ 0x50005400)
[2024-Nov-21 10:14:11] [trace] [  JLink] - - 0.462ms returns 0 (0x00000000)  
[2024-Nov-21 10:14:11] [trace] [  JLink] - JLINK_HasError()  
[2024-Nov-21 10:14:11] [trace] [  JLink] - - 0.006ms  
[2024-Nov-21 10:14:11] [trace] [ Worker] - Command recover executed for 1213 milliseconds with result 0
[2024-Nov-21 10:14:11] [debug] [  nRF53] - read_device_info
[2024-Nov-21 10:14:11] [debug] [SeggerBackend] - is_connected_to_emu
[2024-Nov-21 10:14:11] [trace] [  JLink] - JLINK_IsOpen()  
[2024-Nov-21 10:14:11] [trace] [  JLink] - - 0.009ms returns 0x01  
[2024-Nov-21 10:14:11] [trace] [  JLink] - JLINK_HasError()  
[2024-Nov-21 10:14:11] [trace] [  JLink] - JLINK_Lock()  
[2024-Nov-21 10:14:11] [debug] [  nRF53] - Just_read_device_version
[2024-Nov-21 10:14:11] [debug] [SeggerBackend] - read_access_port_register
[2024-Nov-21 10:14:11] [debug] [SeggerBackend] - ---just_read_access_port_register
[2024-Nov-21 10:14:11] [debug] [SeggerBackend] - ---just_is_debug_region_powered
[2024-Nov-21 10:14:11] [debug] [SeggerBackend] - ---just_read_debug_port_register
[2024-Nov-21 10:14:11] [debug] [SeggerBackend] - ---just_select_debug_port_register
[2024-Nov-21 10:14:11] [debug] [SeggerBackend] - Select AP 255, DP Bank 0, AP Bank 255
[2024-Nov-21 10:14:11] [trace] [  JLink] - JLINK_CORESIGHT_WriteAPDPReg(DP reg 0x02, 0x00000000)  
[2024-Nov-21 10:14:11] [trace] [  JLink] - - 1.996ms returns 0  
[2024-Nov-21 10:14:11] [trace] [  JLink] - JLINK_HasError()  
[2024-Nov-21 10:14:11] [trace] [  JLink] - JLINK_CORESIGHT_ReadAPDPReg(DP reg 0x01)  
[2024-Nov-21 10:14:11] [trace] [  JLink] - Value=0xF0000040
[2024-Nov-21 10:14:11] [trace] [  JLink] - - 0.315ms returns 0  
[2024-Nov-21 10:14:11] [trace] [  JLink] - JLINK_HasError()  
[2024-Nov-21 10:14:11] [debug] [SeggerBackend] - ---just_select_access_port_register
[2024-Nov-21 10:14:11] [debug] [SeggerBackend] - Select AP 2, DP Bank 0, AP Bank 3
[2024-Nov-21 10:14:11] [trace] [  JLink] - JLINK_CORESIGHT_WriteAPDPReg(DP reg 0x02, 0x02000030)  
[2024-Nov-21 10:14:11] [trace] [  JLink] - - 0.344ms returns 0  
[2024-Nov-21 10:14:11] [trace] [  JLink] - JLINK_HasError()  
[2024-Nov-21 10:14:11] [trace] [  JLink] - JLINK_CORESIGHT_ReadAPDPReg(AP reg 0x00)  
[2024-Nov-21 10:14:11] [trace] [  JLink] - Value=0x00000007
[2024-Nov-21 10:14:11] [trace] [  JLink] - - 0.277ms returns 0  
[2024-Nov-21 10:14:11] [trace] [  JLink] - JLINK_HasError()  
[2024-Nov-21 10:14:11] [debug] [SeggerBackend] - read_access_port_register
[2024-Nov-21 10:14:11] [debug] [SeggerBackend] - ---just_read_access_port_register
[2024-Nov-21 10:14:11] [debug] [SeggerBackend] - ---just_select_access_port_register
[2024-Nov-21 10:14:11] [trace] [  JLink] - JLINK_CORESIGHT_ReadAPDPReg(AP reg 0x01)  
[2024-Nov-21 10:14:11] [trace] [  JLink] - Value=0x00000005
[2024-Nov-21 10:14:11] [trace] [  JLink] - - 0.244ms returns 0  
[2024-Nov-21 10:14:11] [trace] [  JLink] - JLINK_HasError()  
[2024-Nov-21 10:14:11] [debug] [  nRF53] - Just_decode_device_version
[2024-Nov-21 10:14:11] [debug] [  nRF53] - Device identified as NRF5340_xxAA_REV1
[2024-Nov-21 10:14:11] [trace] [  JLink] - - 0.008ms  
[2024-Nov-21 10:14:11] [trace] [ Worker] - Command read_device_info executed for 3 milliseconds with result 0
[2024-Nov-21 10:14:11] [debug] [  nRF53] - write
[2024-Nov-21 10:14:11] [debug] [SeggerBackend] - is_connected_to_emu
[2024-Nov-21 10:14:11] [trace] [  JLink] - JLINK_IsOpen()  
[2024-Nov-21 10:14:11] [trace] [  JLink] - - 0.007ms returns 0x01  
[2024-Nov-21 10:14:11] [trace] [  JLink] - JLINK_HasError()  
[2024-Nov-21 10:14:11] [trace] [  JLink] - JLINK_Lock()  
[2024-Nov-21 10:14:11] [debug] [  nRF53] - Just_write
[2024-Nov-21 10:14:11] [debug] [SeggerBackend] - write
[2024-Nov-21 10:14:11] [debug] [SeggerBackend] - ---just_connect_to_device
[2024-Nov-21 10:14:11] [debug] [SeggerBackend] - is_connected_to_device
[2024-Nov-21 10:14:11] [trace] [  JLink] - JLINK_IsConnected()  
[2024-Nov-21 10:14:11] [trace] [  JLink] - - 0.002ms returns TRUE  
[2024-Nov-21 10:14:11] [trace] [  JLink] - JLINK_HasError()  
[2024-Nov-21 10:14:11] [debug] [SeggerBackend] - ---just_is_debug_region_powered
[2024-Nov-21 10:14:11] [debug] [SeggerBackend] - ---just_read_debug_port_register
[2024-Nov-21 10:14:11] [debug] [SeggerBackend] - ---just_select_debug_port_register
[2024-Nov-21 10:14:11] [debug] [SeggerBackend] - Select AP 255, DP Bank 0, AP Bank 255
[2024-Nov-21 10:14:11] [trace] [  JLink] - JLINK_CORESIGHT_WriteAPDPReg(DP reg 0x02, 0x00000000)  
[2024-Nov-21 10:14:11] [trace] [  JLink] - - 0.275ms returns 0  
[2024-Nov-21 10:14:11] [trace] [  JLink] - JLINK_HasError()  
[2024-Nov-21 10:14:11] [trace] [  JLink] - JLINK_CORESIGHT_ReadAPDPReg(DP reg 0x01)  
[2024-Nov-21 10:14:11] [trace] [  JLink] - Value=0xF0000040
[2024-Nov-21 10:14:11] [trace] [  JLink] - - 0.210ms returns 0  
[2024-Nov-21 10:14:11] [trace] [  JLink] - JLINK_HasError()  
[2024-Nov-21 10:14:11] [debug] [SeggerBackend] - ---just_halt
[2024-Nov-21 10:14:11] [trace] [  JLink] - JLINK_Halt()  
[2024-Nov-21 10:14:11] [trace] [  JLink] - - 0.003ms returns 0x00  
[2024-Nov-21 10:14:11] [trace] [  JLink] - JLINK_HasError()  
[2024-Nov-21 10:14:11] [debug] [SeggerBackend] - ---just_write
[2024-Nov-21 10:14:11] [debug] [  nRF53] - Just_nvmc_config_control
[2024-Nov-21 10:14:11] [debug] [SeggerBackend] - is_secure_debug_available
[2024-Nov-21 10:14:11] [debug] [SeggerBackend] - read_access_port_register
[2024-Nov-21 10:14:11] [debug] [SeggerBackend] - ---just_read_access_port_register
[2024-Nov-21 10:14:11] [debug] [SeggerBackend] - ---just_select_access_port_register
[2024-Nov-21 10:14:11] [debug] [SeggerBackend] - Select AP 0, DP Bank 255, AP Bank 0
[2024-Nov-21 10:14:11] [trace] [  JLink] - JLINK_CORESIGHT_WriteAPDPReg(DP reg 0x02, 0x00000000)  
[2024-Nov-21 10:14:11] [trace] [  JLink] - - 0.199ms returns 0  
[2024-Nov-21 10:14:11] [trace] [  JLink] - JLINK_HasError()  
[2024-Nov-21 10:14:11] [trace] [  JLink] - JLINK_CORESIGHT_ReadAPDPReg(AP reg 0x00)  
[2024-Nov-21 10:14:11] [trace] [  JLink] - Value=0x03800052
[2024-Nov-21 10:14:11] [trace] [  JLink] - - 0.364ms returns 0  
[2024-Nov-21 10:14:11] [trace] [  JLink] - JLINK_HasError()  
[2024-Nov-21 10:14:11] [debug] [  nRF53] - Just_get_secure_nonsecure_address
[2024-Nov-21 10:14:11] [debug] [  nRF53] - update_periph_secure_state
[2024-Nov-21 10:14:11] [debug] [SeggerBackend] - is_secure_debug_available
[2024-Nov-21 10:14:11] [debug] [SeggerBackend] - read_access_port_register
[2024-Nov-21 10:14:11] [debug] [SeggerBackend] - ---just_read_access_port_register
[2024-Nov-21 10:14:11] [debug] [SeggerBackend] - ---just_select_access_port_register
[2024-Nov-21 10:14:11] [trace] [  JLink] - JLINK_CORESIGHT_ReadAPDPReg(AP reg 0x00)  
[2024-Nov-21 10:14:11] [trace] [  JLink] - Value=0x03800052
[2024-Nov-21 10:14:11] [trace] [  JLink] - - 0.211ms returns 0  
[2024-Nov-21 10:14:11] [trace] [  JLink] - JLINK_HasError()  
[2024-Nov-21 10:14:11] [debug] [  nRF53] - Reading addr 0x500038E4: secure state of peripheral from SPU @0x50003000 (S) (slave index 57).
[2024-Nov-21 10:14:11] [debug] [SeggerBackend] - ahb_read_u32
[2024-Nov-21 10:14:11] [debug] [SeggerBackend] - ---just_read_access_port_register
[2024-Nov-21 10:14:11] [debug] [SeggerBackend] - ---just_select_access_port_register
[2024-Nov-21 10:14:11] [trace] [  JLink] - JLINK_CORESIGHT_ReadAPDPReg(AP reg 0x00)  
[2024-Nov-21 10:14:11] [trace] [  JLink] - Value=0x03800052
[2024-Nov-21 10:14:11] [trace] [  JLink] - - 0.212ms returns 0  
[2024-Nov-21 10:14:11] [trace] [  JLink] - JLINK_HasError()  
[2024-Nov-21 10:14:11] [debug] [SeggerBackend] - ---just_write_access_port_register
[2024-Nov-21 10:14:11] [debug] [SeggerBackend] - ---just_select_access_port_register
[2024-Nov-21 10:14:11] [trace] [  JLink] - JLINK_CORESIGHT_WriteAPDPReg(AP reg 0x00, 0x03800052)  
[2024-Nov-21 10:14:11] [trace] [  JLink] - - 0.188ms returns 0  
[2024-Nov-21 10:14:11] [trace] [  JLink] - JLINK_HasError()  
[2024-Nov-21 10:14:11] [debug] [SeggerBackend] - ---just_write_access_port_register
[2024-Nov-21 10:14:11] [debug] [SeggerBackend] - ---just_select_access_port_register
[2024-Nov-21 10:14:11] [trace] [  JLink] - JLINK_CORESIGHT_WriteAPDPReg(AP reg 0x01, 0x500038E4)  
[2024-Nov-21 10:14:11] [trace] [  JLink] - - 0.324ms returns 0  
[2024-Nov-21 10:14:11] [trace] [  JLink] - JLINK_HasError()  
[2024-Nov-21 10:14:11] [debug] [SeggerBackend] - ---just_read_access_port_register
[2024-Nov-21 10:14:11] [debug] [SeggerBackend] - ---just_select_access_port_register
[2024-Nov-21 10:14:11] [trace] [  JLink] - JLINK_CORESIGHT_ReadAPDPReg(AP reg 0x03)  
[2024-Nov-21 10:14:11] [trace] [  JLink] - Value=0x80000013
[2024-Nov-21 10:14:11] [trace] [  JLink] - - 0.250ms returns 0  
[2024-Nov-21 10:14:11] [trace] [  JLink] - JLINK_HasError()  
[2024-Nov-21 10:14:11] [debug] [SeggerBackend] - ---just_read_access_port_register
[2024-Nov-21 10:14:11] [debug] [SeggerBackend] - ---just_select_access_port_register
[2024-Nov-21 10:14:11] [debug] [SeggerBackend] - Select AP 0, DP Bank 0, AP Bank 15
[2024-Nov-21 10:14:11] [trace] [  JLink] - JLINK_CORESIGHT_WriteAPDPReg(DP reg 0x02, 0x000000F0)  
[2024-Nov-21 10:14:11] [trace] [  JLink] - - 0.248ms returns 0  
[2024-Nov-21 10:14:11] [trace] [  JLink] - JLINK_HasError()  
[2024-Nov-21 10:14:11] [trace] [  JLink] - JLINK_CORESIGHT_ReadAPDPReg(AP reg 0x03)  
[2024-Nov-21 10:14:11] [trace] [  JLink] - Value=0x84770001
[2024-Nov-21 10:14:11] [trace] [  JLink] - - 0.244ms returns 0  
[2024-Nov-21 10:14:11] [trace] [  JLink] - JLINK_HasError()  
[2024-Nov-21 10:14:11] [debug] [  nRF53] - Peripheral at address 0x50039584 has secure properties Fixed Secure, (split)
[2024-Nov-21 10:14:11] [debug] [  nRF53] - Just_get_secure_nonsecure_address
[2024-Nov-21 10:14:11] [debug] [  nRF53] - update_periph_secure_state
[2024-Nov-21 10:14:11] [debug] [SeggerBackend] - is_secure_debug_available
[2024-Nov-21 10:14:11] [debug] [SeggerBackend] - read_access_port_register
[2024-Nov-21 10:14:11] [debug] [SeggerBackend] - ---just_read_access_port_register
[2024-Nov-21 10:14:11] [debug] [SeggerBackend] - ---just_select_access_port_register
[2024-Nov-21 10:14:11] [debug] [SeggerBackend] - Select AP 0, DP Bank 0, AP Bank 0
[2024-Nov-21 10:14:11] [trace] [  JLink] - JLINK_CORESIGHT_WriteAPDPReg(DP reg 0x02, 0x00000000)  
[2024-Nov-21 10:14:11] [trace] [  JLink] - - 0.287ms returns 0  
[2024-Nov-21 10:14:11] [trace] [  JLink] - JLINK_HasError()  
[2024-Nov-21 10:14:11] [trace] [  JLink] - JLINK_CORESIGHT_ReadAPDPReg(AP reg 0x00)  
[2024-Nov-21 10:14:11] [trace] [  JLink] - Value=0x03800052
[2024-Nov-21 10:14:11] [trace] [  JLink] - - 0.219ms returns 0  
[2024-Nov-21 10:14:11] [trace] [  JLink] - JLINK_HasError()  
[2024-Nov-21 10:14:11] [debug] [  nRF53] - Reading addr 0x500038E4: secure state of peripheral from SPU @0x50003000 (S) (slave index 57).
[2024-Nov-21 10:14:11] [debug] [SeggerBackend] - ahb_read_u32
[2024-Nov-21 10:14:11] [debug] [SeggerBackend] - ---just_read_access_port_register
[2024-Nov-21 10:14:11] [debug] [SeggerBackend] - ---just_select_access_port_register
[2024-Nov-21 10:14:11] [trace] [  JLink] - JLINK_CORESIGHT_ReadAPDPReg(AP reg 0x00)  
[2024-Nov-21 10:14:11] [trace] [  JLink] - Value=0x03800052
[2024-Nov-21 10:14:11] [trace] [  JLink] - - 0.206ms returns 0  
[2024-Nov-21 10:14:11] [trace] [  JLink] - JLINK_HasError()  
[2024-Nov-21 10:14:11] [debug] [SeggerBackend] - ---just_write_access_port_register
[2024-Nov-21 10:14:11] [debug] [SeggerBackend] - ---just_select_access_port_register
[2024-Nov-21 10:14:11] [trace] [  JLink] - JLINK_CORESIGHT_WriteAPDPReg(AP reg 0x00, 0x03800052)  
[2024-Nov-21 10:14:11] [trace] [  JLink] - - 0.253ms returns 0  
[2024-Nov-21 10:14:11] [trace] [  JLink] - JLINK_HasError()  
[2024-Nov-21 10:14:11] [debug] [SeggerBackend] - ---just_write_access_port_register
[2024-Nov-21 10:14:11] [debug] [SeggerBackend] - ---just_select_access_port_register
[2024-Nov-21 10:14:11] [trace] [  JLink] - JLINK_CORESIGHT_WriteAPDPReg(AP reg 0x01, 0x500038E4)  
[2024-Nov-21 10:14:11] [trace] [  JLink] - - 0.228ms returns 0  
[2024-Nov-21 10:14:11] [trace] [  JLink] - JLINK_HasError()  
[2024-Nov-21 10:14:11] [debug] [SeggerBackend] - ---just_read_access_port_register
[2024-Nov-21 10:14:11] [debug] [SeggerBackend] - ---just_select_access_port_register
[2024-Nov-21 10:14:11] [trace] [  JLink] - JLINK_CORESIGHT_ReadAPDPReg(AP reg 0x03)  
[2024-Nov-21 10:14:11] [trace] [  JLink] - Value=0x80000013
[2024-Nov-21 10:14:11] [trace] [  JLink] - - 0.245ms returns 0  
[2024-Nov-21 10:14:11] [trace] [  JLink] - JLINK_HasError()  
[2024-Nov-21 10:14:11] [debug] [SeggerBackend] - ---just_read_access_port_register
[2024-Nov-21 10:14:11] [debug] [SeggerBackend] - ---just_select_access_port_register
[2024-Nov-21 10:14:11] [debug] [SeggerBackend] - Select AP 0, DP Bank 0, AP Bank 15
[2024-Nov-21 10:14:11] [trace] [  JLink] - JLINK_CORESIGHT_WriteAPDPReg(DP reg 0x02, 0x000000F0)  
[2024-Nov-21 10:14:11] [trace] [  JLink] - - 0.214ms returns 0  
[2024-Nov-21 10:14:11] [trace] [  JLink] - JLINK_HasError()  
[2024-Nov-21 10:14:11] [trace] [  JLink] - JLINK_CORESIGHT_ReadAPDPReg(AP reg 0x03)  
[2024-Nov-21 10:14:11] [trace] [  JLink] - Value=0x84770001
[2024-Nov-21 10:14:11] [trace] [  JLink] - - 0.261ms returns 0  
[2024-Nov-21 10:14:11] [trace] [  JLink] - JLINK_HasError()  
[2024-Nov-21 10:14:11] [debug] [  nRF53] - Peripheral at address 0x50039504 has secure properties Fixed Secure, (split)
[2024-Nov-21 10:14:11] [debug] [SeggerBackend] - write_u32
[2024-Nov-21 10:14:11] [debug] [SeggerBackend] - ---just_connect_to_device
[2024-Nov-21 10:14:11] [debug] [SeggerBackend] - is_connected_to_device
[2024-Nov-21 10:14:11] [debug] [SeggerBackend] - ---just_write_u32
[2024-Nov-21 10:14:11] [debug] [SeggerBackend] - ---just_write_debug_port_register
[2024-Nov-21 10:14:11] [debug] [SeggerBackend] - ---just_select_debug_port_register
[2024-Nov-21 10:14:11] [debug] [SeggerBackend] - Select AP 255, DP Bank 0, AP Bank 255
[2024-Nov-21 10:14:11] [trace] [  JLink] - JLINK_CORESIGHT_WriteAPDPReg(DP reg 0x02, 0x00000000)  
[2024-Nov-21 10:14:11] [trace] [  JLink] - - 0.321ms returns 0  
[2024-Nov-21 10:14:11] [trace] [  JLink] - JLINK_HasError()  
[2024-Nov-21 10:14:11] [trace] [  JLink] - JLINK_CORESIGHT_WriteAPDPReg(DP reg 0x02, 0x00000000)  
[2024-Nov-21 10:14:11] [trace] [  JLink] - - 0.455ms returns 0  
[2024-Nov-21 10:14:11] [trace] [  JLink] - JLINK_HasError()  
[2024-Nov-21 10:14:11] [trace] [  JLink] - JLINK_WriteU32_64(0x50039584, 0x00000001)  
[2024-Nov-21 10:14:11] [trace] [  JLink] - CPU_WriteMem(4 bytes @ 0x50039584)
[2024-Nov-21 10:14:11] [trace] [  JLink] - - 0.538ms returns 0 (0x00000000)  
[2024-Nov-21 10:14:11] [trace] [  JLink] - JLINK_HasError()  
[2024-Nov-21 10:14:11] [debug] [SeggerBackend] - write_u32
[2024-Nov-21 10:14:11] [debug] [SeggerBackend] - ---just_connect_to_device
[2024-Nov-21 10:14:11] [debug] [SeggerBackend] - is_connected_to_device
[2024-Nov-21 10:14:11] [debug] [SeggerBackend] - ---just_write_u32
[2024-Nov-21 10:14:11] [debug] [SeggerBackend] - ---just_write_debug_port_register
[2024-Nov-21 10:14:11] [debug] [SeggerBackend] - ---just_select_debug_port_register
[2024-Nov-21 10:14:11] [debug] [SeggerBackend] - Select AP 255, DP Bank 0, AP Bank 255
[2024-Nov-21 10:14:11] [trace] [  JLink] - JLINK_CORESIGHT_WriteAPDPReg(DP reg 0x02, 0x00000000)  
[2024-Nov-21 10:14:11] [trace] [  JLink] - - 0.201ms returns 0  
[2024-Nov-21 10:14:11] [trace] [  JLink] - JLINK_HasError()  
[2024-Nov-21 10:14:11] [trace] [  JLink] - JLINK_CORESIGHT_WriteAPDPReg(DP reg 0x02, 0x00000000)  
[2024-Nov-21 10:14:11] [trace] [  JLink] - - 0.203ms returns 0  
[2024-Nov-21 10:14:11] [trace] [  JLink] - JLINK_HasError()  
[2024-Nov-21 10:14:11] [trace] [  JLink] - JLINK_WriteU32_64(0x50039504, 0x00000001)  
[2024-Nov-21 10:14:11] [trace] [  JLink] - CPU_WriteMem(4 bytes @ 0x50039504)
[2024-Nov-21 10:14:11] [trace] [  JLink] - - 0.327ms returns 0 (0x00000000)  
[2024-Nov-21 10:14:11] [trace] [  JLink] - JLINK_HasError()  
[2024-Nov-21 10:14:11] [debug] [  nRF53] - Just_nvmc_wait_for_ready
[2024-Nov-21 10:14:11] [debug] [SeggerBackend] - is_secure_debug_available
[2024-Nov-21 10:14:11] [debug] [SeggerBackend] - read_access_port_register
[2024-Nov-21 10:14:11] [debug] [SeggerBackend] - ---just_read_access_port_register
[2024-Nov-21 10:14:11] [debug] [SeggerBackend] - ---just_select_access_port_register
[2024-Nov-21 10:14:11] [trace] [  JLink] - JLINK_CORESIGHT_ReadAPDPReg(AP reg 0x00)  
[2024-Nov-21 10:14:11] [trace] [  JLink] - Value=0x03800052
[2024-Nov-21 10:14:11] [trace] [  JLink] - - 0.319ms returns 0  
[2024-Nov-21 10:14:11] [trace] [  JLink] - JLINK_HasError()  
[2024-Nov-21 10:14:11] [debug] [  nRF53] - Just_get_secure_nonsecure_address
[2024-Nov-21 10:14:11] [debug] [  nRF53] - update_periph_secure_state
[2024-Nov-21 10:14:11] [debug] [SeggerBackend] - is_secure_debug_available
[2024-Nov-21 10:14:11] [debug] [SeggerBackend] - read_access_port_register
[2024-Nov-21 10:14:11] [debug] [SeggerBackend] - ---just_read_access_port_register
[2024-Nov-21 10:14:11] [debug] [SeggerBackend] - ---just_select_access_port_register
[2024-Nov-21 10:14:11] [trace] [  JLink] - JLINK_CORESIGHT_ReadAPDPReg(AP reg 0x00)  
[2024-Nov-21 10:14:11] [trace] [  JLink] - Value=0x03800052
[2024-Nov-21 10:14:11] [trace] [  JLink] - - 1.326ms returns 0  
[2024-Nov-21 10:14:11] [trace] [  JLink] - JLINK_HasError()  
[2024-Nov-21 10:14:11] [debug] [  nRF53] - Reading addr 0x500038E4: secure state of peripheral from SPU @0x50003000 (S) (slave index 57).
[2024-Nov-21 10:14:11] [debug] [SeggerBackend] - ahb_read_u32
[2024-Nov-21 10:14:11] [debug] [SeggerBackend] - ---just_read_access_port_register
[2024-Nov-21 10:14:11] [debug] [SeggerBackend] - ---just_select_access_port_register
[2024-Nov-21 10:14:11] [trace] [  JLink] - JLINK_CORESIGHT_ReadAPDPReg(AP reg 0x00)  
[2024-Nov-21 10:14:11] [trace] [  JLink] - Value=0x03800052
[2024-Nov-21 10:14:11] [trace] [  JLink] - - 0.407ms returns 0  
[2024-Nov-21 10:14:11] [trace] [  JLink] - JLINK_HasError()  
[2024-Nov-21 10:14:11] [debug] [SeggerBackend] - ---just_write_access_port_register
[2024-Nov-21 10:14:11] [debug] [SeggerBackend] - ---just_select_access_port_register
[2024-Nov-21 10:14:11] [trace] [  JLink] - JLINK_CORESIGHT_WriteAPDPReg(AP reg 0x00, 0x03800052)  
[2024-Nov-21 10:14:11] [trace] [  JLink] - - 0.202ms returns 0  
[2024-Nov-21 10:14:11] [trace] [  JLink] - JLINK_HasError()  
[2024-Nov-21 10:14:11] [debug] [SeggerBackend] - ---just_write_access_port_register
[2024-Nov-21 10:14:11] [debug] [SeggerBackend] - ---just_select_access_port_register
[2024-Nov-21 10:14:11] [trace] [  JLink] - JLINK_CORESIGHT_WriteAPDPReg(AP reg 0x01, 0x500038E4)  
[2024-Nov-21 10:14:11] [trace] [  JLink] - - 0.198ms returns 0  
[2024-Nov-21 10:14:11] [trace] [  JLink] - JLINK_HasError()  
[2024-Nov-21 10:14:11] [debug] [SeggerBackend] - ---just_read_access_port_register
[2024-Nov-21 10:14:11] [debug] [SeggerBackend] - ---just_select_access_port_register
[2024-Nov-21 10:14:11] [trace] [  JLink] - JLINK_CORESIGHT_ReadAPDPReg(AP reg 0x03)  
[2024-Nov-21 10:14:11] [trace] [  JLink] - Value=0x80000013
[2024-Nov-21 10:14:11] [trace] [  JLink] - - 0.299ms returns 0  
[2024-Nov-21 10:14:11] [trace] [  JLink] - JLINK_HasError()  
[2024-Nov-21 10:14:11] [debug] [SeggerBackend] - ---just_read_access_port_register
[2024-Nov-21 10:14:11] [debug] [SeggerBackend] - ---just_select_access_port_register
[2024-Nov-21 10:14:11] [debug] [SeggerBackend] - Select AP 0, DP Bank 0, AP Bank 15
[2024-Nov-21 10:14:11] [trace] [  JLink] - JLINK_CORESIGHT_WriteAPDPReg(DP reg 0x02, 0x000000F0)  
[2024-Nov-21 10:14:11] [trace] [  JLink] - - 0.222ms returns 0  
[2024-Nov-21 10:14:11] [trace] [  JLink] - JLINK_HasError()  
[2024-Nov-21 10:14:11] [trace] [  JLink] - JLINK_CORESIGHT_ReadAPDPReg(AP reg 0x03)  
[2024-Nov-21 10:14:11] [trace] [  JLink] - Value=0x84770001
[2024-Nov-21 10:14:11] [trace] [  JLink] - - 0.228ms returns 0  
[2024-Nov-21 10:14:11] [trace] [  JLink] - JLINK_HasError()  
[2024-Nov-21 10:14:11] [debug] [  nRF53] - Peripheral at address 0x50039400 has secure properties Fixed Secure, (split)
[2024-Nov-21 10:14:11] [debug] [SeggerBackend] - read_u32
[2024-Nov-21 10:14:11] [debug] [SeggerBackend] - ---just_connect_to_device
[2024-Nov-21 10:14:11] [debug] [SeggerBackend] - is_connected_to_device
[2024-Nov-21 10:14:11] [debug] [SeggerBackend] - ---just_read_u32
[2024-Nov-21 10:14:11] [debug] [SeggerBackend] - ---just_invalidate_cache
[2024-Nov-21 10:14:11] [trace] [  JLink] - JLINK_ExecCommand("InvalidateCache", ...).   
[2024-Nov-21 10:14:11] [trace] [  JLink] - - 0.002ms returns 0x00  
[2024-Nov-21 10:14:11] [trace] [  JLink] - JLINK_HasError()  
[2024-Nov-21 10:14:11] [trace] [  JLink] - JLINK_ReadMemU32(0x50039400, 0x1 Items)  
[2024-Nov-21 10:14:11] [trace] [  JLink] - CPU_ReadMem(4 bytes @ 0x50039400)
[2024-Nov-21 10:14:11] [trace] [  JLink] - Data:  01 00 00 00
[2024-Nov-21 10:14:11] [trace] [  JLink] - - 0.337ms returns 1 (0x1)  
[2024-Nov-21 10:14:11] [trace] [  JLink] - JLINK_HasError()  
[2024-Nov-21 10:14:11] [trace] [  JLink] - JLINK_WriteMem(0x00000000, 0xEA4 Bytes, ...)  
[2024-Nov-21 10:14:11] [trace] [  JLink] - Data:  00 00 04 20 8D 07 00 00 B5 07 00 00 B7 07 00 00 ...
[2024-Nov-21 10:14:11] [trace] [  JLink] - CPU_WriteMem(3748 bytes @ 0x00000000)
[2024-Nov-21 10:14:11] [trace] [  JLink] - - 24.931ms returns 0xEA4  
[2024-Nov-21 10:14:11] [trace] [  JLink] - JLINK_HasError()  
[2024-Nov-21 10:14:11] [debug] [  nRF53] - Just_nvmc_wait_for_ready
[2024-Nov-21 10:14:11] [debug] [SeggerBackend] - is_secure_debug_available
[2024-Nov-21 10:14:11] [debug] [SeggerBackend] - read_access_port_register
[2024-Nov-21 10:14:11] [debug] [SeggerBackend] - ---just_read_access_port_register
[2024-Nov-21 10:14:11] [debug] [SeggerBackend] - ---just_select_access_port_register
[2024-Nov-21 10:14:11] [debug] [SeggerBackend] - Select AP 0, DP Bank 255, AP Bank 0
[2024-Nov-21 10:14:11] [trace] [  JLink] - JLINK_CORESIGHT_WriteAPDPReg(DP reg 0x02, 0x00000000)  
[2024-Nov-21 10:14:11] [trace] [  JLink] - - 0.274ms returns 0  
[2024-Nov-21 10:14:11] [trace] [  JLink] - JLINK_HasError()  
[2024-Nov-21 10:14:11] [trace] [  JLink] - JLINK_CORESIGHT_ReadAPDPReg(AP reg 0x00)  
[2024-Nov-21 10:14:11] [trace] [  JLink] - Value=0x03800052
[2024-Nov-21 10:14:11] [trace] [  JLink] - - 0.268ms returns 0  
[2024-Nov-21 10:14:11] [trace] [  JLink] - JLINK_HasError()  
[2024-Nov-21 10:14:11] [debug] [  nRF53] - Just_get_secure_nonsecure_address
[2024-Nov-21 10:14:11] [debug] [  nRF53] - update_periph_secure_state
[2024-Nov-21 10:14:11] [debug] [SeggerBackend] - is_secure_debug_available
[2024-Nov-21 10:14:11] [debug] [SeggerBackend] - read_access_port_register
[2024-Nov-21 10:14:11] [debug] [SeggerBackend] - ---just_read_access_port_register
[2024-Nov-21 10:14:11] [debug] [SeggerBackend] - ---just_select_access_port_register
[2024-Nov-21 10:14:11] [trace] [  JLink] - JLINK_CORESIGHT_ReadAPDPReg(AP reg 0x00)  
[2024-Nov-21 10:14:11] [trace] [  JLink] - Value=0x03800052
[2024-Nov-21 10:14:11] [trace] [  JLink] - - 0.715ms returns 0  
[2024-Nov-21 10:14:11] [trace] [  JLink] - JLINK_HasError()  
[2024-Nov-21 10:14:11] [debug] [  nRF53] - Reading addr 0x500038E4: secure state of peripheral from SPU @0x50003000 (S) (slave index 57).
[2024-Nov-21 10:14:11] [debug] [SeggerBackend] - ahb_read_u32
[2024-Nov-21 10:14:11] [debug] [SeggerBackend] - ---just_read_access_port_register
[2024-Nov-21 10:14:11] [debug] [SeggerBackend] - ---just_select_access_port_register
[2024-Nov-21 10:14:11] [trace] [  JLink] - JLINK_CORESIGHT_ReadAPDPReg(AP reg 0x00)  
[2024-Nov-21 10:14:11] [trace] [  JLink] - Value=0x03800052
[2024-Nov-21 10:14:11] [trace] [  JLink] - - 0.370ms returns 0  
[2024-Nov-21 10:14:11] [trace] [  JLink] - JLINK_HasError()  
[2024-Nov-21 10:14:11] [debug] [SeggerBackend] - ---just_write_access_port_register
[2024-Nov-21 10:14:11] [debug] [SeggerBackend] - ---just_select_access_port_register
[2024-Nov-21 10:14:11] [trace] [  JLink] - JLINK_CORESIGHT_WriteAPDPReg(AP reg 0x00, 0x03800052)  
[2024-Nov-21 10:14:11] [trace] [  JLink] - - 1.963ms returns 0  
[2024-Nov-21 10:14:11] [trace] [  JLink] - JLINK_HasError()  
[2024-Nov-21 10:14:11] [debug] [SeggerBackend] - ---just_write_access_port_register
[2024-Nov-21 10:14:11] [debug] [SeggerBackend] - ---just_select_access_port_register
[2024-Nov-21 10:14:11] [trace] [  JLink] - JLINK_CORESIGHT_WriteAPDPReg(AP reg 0x01, 0x500038E4)  
[2024-Nov-21 10:14:11] [trace] [  JLink] - - 0.294ms returns 0  
[2024-Nov-21 10:14:11] [trace] [  JLink] - JLINK_HasError()  
[2024-Nov-21 10:14:11] [debug] [SeggerBackend] - ---just_read_access_port_register
[2024-Nov-21 10:14:11] [debug] [SeggerBackend] - ---just_select_access_port_register
[2024-Nov-21 10:14:11] [trace] [  JLink] - JLINK_CORESIGHT_ReadAPDPReg(AP reg 0x03)  
[2024-Nov-21 10:14:11] [trace] [  JLink] - Value=0x80000013
[2024-Nov-21 10:14:11] [trace] [  JLink] - - 0.267ms returns 0  
[2024-Nov-21 10:14:11] [trace] [  JLink] - JLINK_HasError()  
[2024-Nov-21 10:14:11] [debug] [SeggerBackend] - ---just_read_access_port_register
[2024-Nov-21 10:14:11] [debug] [SeggerBackend] - ---just_select_access_port_register
[2024-Nov-21 10:14:11] [debug] [SeggerBackend] - Select AP 0, DP Bank 0, AP Bank 15
[2024-Nov-21 10:14:11] [trace] [  JLink] - JLINK_CORESIGHT_WriteAPDPReg(DP reg 0x02, 0x000000F0)  
[2024-Nov-21 10:14:11] [trace] [  JLink] - - 0.212ms returns 0  
[2024-Nov-21 10:14:11] [trace] [  JLink] - JLINK_HasError()  
[2024-Nov-21 10:14:11] [trace] [  JLink] - JLINK_CORESIGHT_ReadAPDPReg(AP reg 0x03)  
[2024-Nov-21 10:14:11] [trace] [  JLink] - Value=0x84770001
[2024-Nov-21 10:14:11] [trace] [  JLink] - - 0.261ms returns 0  
[2024-Nov-21 10:14:11] [trace] [  JLink] - JLINK_HasError()  
[2024-Nov-21 10:14:11] [debug] [  nRF53] - Peripheral at address 0x50039400 has secure properties Fixed Secure, (split)
[2024-Nov-21 10:14:11] [debug] [SeggerBackend] - read_u32
[2024-Nov-21 10:14:11] [debug] [SeggerBackend] - ---just_connect_to_device
[2024-Nov-21 10:14:11] [debug] [SeggerBackend] - is_connected_to_device
[2024-Nov-21 10:14:11] [debug] [SeggerBackend] - ---just_read_u32
[2024-Nov-21 10:14:11] [debug] [SeggerBackend] - ---just_invalidate_cache
[2024-Nov-21 10:14:11] [trace] [  JLink] - JLINK_ExecCommand("InvalidateCache", ...).   
[2024-Nov-21 10:14:11] [trace] [  JLink] - - 0.002ms returns 0x00  
[2024-Nov-21 10:14:11] [trace] [  JLink] - JLINK_HasError()  
[2024-Nov-21 10:14:11] [trace] [  JLink] - JLINK_ReadMemU32(0x50039400, 0x1 Items)  
[2024-Nov-21 10:14:11] [trace] [  JLink] - CPU_ReadMem(4 bytes @ 0x50039400)
[2024-Nov-21 10:14:11] [trace] [  JLink] - Data:  01 00 00 00
[2024-Nov-21 10:14:11] [trace] [  JLink] - - 0.775ms returns 1 (0x1)  
[2024-Nov-21 10:14:11] [trace] [  JLink] - JLINK_HasError()  
[2024-Nov-21 10:14:11] [debug] [  nRF53] - Just_nvmc_config_control
[2024-Nov-21 10:14:11] [debug] [SeggerBackend] - is_secure_debug_available
[2024-Nov-21 10:14:11] [debug] [SeggerBackend] - read_access_port_register
[2024-Nov-21 10:14:11] [debug] [SeggerBackend] - ---just_read_access_port_register
[2024-Nov-21 10:14:11] [debug] [SeggerBackend] - ---just_select_access_port_register
[2024-Nov-21 10:14:11] [debug] [SeggerBackend] - Select AP 0, DP Bank 255, AP Bank 0
[2024-Nov-21 10:14:11] [trace] [  JLink] - JLINK_CORESIGHT_WriteAPDPReg(DP reg 0x02, 0x00000000)  
[2024-Nov-21 10:14:11] [trace] [  JLink] - - 0.359ms returns 0  
[2024-Nov-21 10:14:11] [trace] [  JLink] - JLINK_HasError()  
[2024-Nov-21 10:14:11] [trace] [  JLink] - JLINK_CORESIGHT_ReadAPDPReg(AP reg 0x00)  
[2024-Nov-21 10:14:11] [trace] [  JLink] - Value=0x03800052
[2024-Nov-21 10:14:11] [trace] [  JLink] - - 0.247ms returns 0  
[2024-Nov-21 10:14:11] [trace] [  JLink] - JLINK_HasError()  
[2024-Nov-21 10:14:11] [debug] [  nRF53] - Just_get_secure_nonsecure_address
[2024-Nov-21 10:14:11] [debug] [  nRF53] - update_periph_secure_state
[2024-Nov-21 10:14:11] [debug] [SeggerBackend] - is_secure_debug_available
[2024-Nov-21 10:14:11] [debug] [SeggerBackend] - read_access_port_register
[2024-Nov-21 10:14:11] [debug] [SeggerBackend] - ---just_read_access_port_register
[2024-Nov-21 10:14:11] [debug] [SeggerBackend] - ---just_select_access_port_register
[2024-Nov-21 10:14:11] [trace] [  JLink] - JLINK_CORESIGHT_ReadAPDPReg(AP reg 0x00)  
[2024-Nov-21 10:14:11] [trace] [  JLink] - Value=0x03800052
[2024-Nov-21 10:14:11] [trace] [  JLink] - - 0.267ms returns 0  
[2024-Nov-21 10:14:11] [trace] [  JLink] - JLINK_HasError()  
[2024-Nov-21 10:14:11] [debug] [  nRF53] - Reading addr 0x500038E4: secure state of peripheral from SPU @0x50003000 (S) (slave index 57).
[2024-Nov-21 10:14:11] [debug] [SeggerBackend] - ahb_read_u32
[2024-Nov-21 10:14:11] [debug] [SeggerBackend] - ---just_read_access_port_register
[2024-Nov-21 10:14:11] [debug] [SeggerBackend] - ---just_select_access_port_register
[2024-Nov-21 10:14:11] [trace] [  JLink] - JLINK_CORESIGHT_ReadAPDPReg(AP reg 0x00)  
[2024-Nov-21 10:14:11] [trace] [  JLink] - Value=0x03800052
[2024-Nov-21 10:14:11] [trace] [  JLink] - - 0.349ms returns 0  
[2024-Nov-21 10:14:11] [trace] [  JLink] - JLINK_HasError()  
[2024-Nov-21 10:14:11] [debug] [SeggerBackend] - ---just_write_access_port_register
[2024-Nov-21 10:14:11] [debug] [SeggerBackend] - ---just_select_access_port_register
[2024-Nov-21 10:14:11] [trace] [  JLink] - JLINK_CORESIGHT_WriteAPDPReg(AP reg 0x00, 0x03800052)  
[2024-Nov-21 10:14:11] [trace] [  JLink] - - 0.242ms returns 0  
[2024-Nov-21 10:14:11] [trace] [  JLink] - JLINK_HasError()  
[2024-Nov-21 10:14:11] [debug] [SeggerBackend] - ---just_write_access_port_register
[2024-Nov-21 10:14:11] [debug] [SeggerBackend] - ---just_select_access_port_register
[2024-Nov-21 10:14:11] [trace] [  JLink] - JLINK_CORESIGHT_WriteAPDPReg(AP reg 0x01, 0x500038E4)  
[2024-Nov-21 10:14:11] [trace] [  JLink] - - 0.227ms returns 0  
[2024-Nov-21 10:14:11] [trace] [  JLink] - JLINK_HasError()  
[2024-Nov-21 10:14:11] [debug] [SeggerBackend] - ---just_read_access_port_register
[2024-Nov-21 10:14:11] [debug] [SeggerBackend] - ---just_select_access_port_register
[2024-Nov-21 10:14:11] [trace] [  JLink] - JLINK_CORESIGHT_ReadAPDPReg(AP reg 0x03)  
[2024-Nov-21 10:14:11] [trace] [  JLink] - Value=0x80000013
[2024-Nov-21 10:14:11] [trace] [  JLink] - - 0.360ms returns 0  
[2024-Nov-21 10:14:11] [trace] [  JLink] - JLINK_HasError()  
[2024-Nov-21 10:14:11] [debug] [SeggerBackend] - ---just_read_access_port_register
[2024-Nov-21 10:14:11] [debug] [SeggerBackend] - ---just_select_access_port_register
[2024-Nov-21 10:14:11] [debug] [SeggerBackend] - Select AP 0, DP Bank 0, AP Bank 15
[2024-Nov-21 10:14:11] [trace] [  JLink] - JLINK_CORESIGHT_WriteAPDPReg(DP reg 0x02, 0x000000F0)  
[2024-Nov-21 10:14:11] [trace] [  JLink] - - 0.214ms returns 0  
[2024-Nov-21 10:14:11] [trace] [  JLink] - JLINK_HasError()  
[2024-Nov-21 10:14:11] [trace] [  JLink] - JLINK_CORESIGHT_ReadAPDPReg(AP reg 0x03)  
[2024-Nov-21 10:14:11] [trace] [  JLink] - Value=0x84770001
[2024-Nov-21 10:14:11] [trace] [  JLink] - - 0.265ms returns 0  
[2024-Nov-21 10:14:11] [trace] [  JLink] - JLINK_HasError()  
[2024-Nov-21 10:14:11] [debug] [  nRF53] - Peripheral at address 0x50039584 has secure properties Fixed Secure, (split)
[2024-Nov-21 10:14:11] [debug] [  nRF53] - Just_get_secure_nonsecure_address
[2024-Nov-21 10:14:11] [debug] [  nRF53] - update_periph_secure_state
[2024-Nov-21 10:14:11] [debug] [SeggerBackend] - is_secure_debug_available
[2024-Nov-21 10:14:11] [debug] [SeggerBackend] - read_access_port_register
[2024-Nov-21 10:14:11] [debug] [SeggerBackend] - ---just_read_access_port_register
[2024-Nov-21 10:14:11] [debug] [SeggerBackend] - ---just_select_access_port_register
[2024-Nov-21 10:14:11] [debug] [SeggerBackend] - Select AP 0, DP Bank 0, AP Bank 0
[2024-Nov-21 10:14:11] [trace] [  JLink] - JLINK_CORESIGHT_WriteAPDPReg(DP reg 0x02, 0x00000000)  
[2024-Nov-21 10:14:11] [trace] [  JLink] - - 0.228ms returns 0  
[2024-Nov-21 10:14:11] [trace] [  JLink] - JLINK_HasError()  
[2024-Nov-21 10:14:11] [trace] [  JLink] - JLINK_CORESIGHT_ReadAPDPReg(AP reg 0x00)  
[2024-Nov-21 10:14:11] [trace] [  JLink] - Value=0x03800052
[2024-Nov-21 10:14:11] [trace] [  JLink] - - 0.426ms returns 0  
[2024-Nov-21 10:14:11] [trace] [  JLink] - JLINK_HasError()  
[2024-Nov-21 10:14:11] [debug] [  nRF53] - Reading addr 0x500038E4: secure state of peripheral from SPU @0x50003000 (S) (slave index 57).
[2024-Nov-21 10:14:11] [debug] [SeggerBackend] - ahb_read_u32
[2024-Nov-21 10:14:11] [debug] [SeggerBackend] - ---just_read_access_port_register
[2024-Nov-21 10:14:11] [debug] [SeggerBackend] - ---just_select_access_port_register
[2024-Nov-21 10:14:11] [trace] [  JLink] - JLINK_CORESIGHT_ReadAPDPReg(AP reg 0x00)  
[2024-Nov-21 10:14:11] [trace] [  JLink] - Value=0x03800052
[2024-Nov-21 10:14:11] [trace] [  JLink] - - 0.282ms returns 0  
[2024-Nov-21 10:14:11] [trace] [  JLink] - JLINK_HasError()  
[2024-Nov-21 10:14:11] [debug] [SeggerBackend] - ---just_write_access_port_register
[2024-Nov-21 10:14:11] [debug] [SeggerBackend] - ---just_select_access_port_register
[2024-Nov-21 10:14:11] [trace] [  JLink] - JLINK_CORESIGHT_WriteAPDPReg(AP reg 0x00, 0x03800052)  
[2024-Nov-21 10:14:11] [trace] [  JLink] - - 0.231ms returns 0  
[2024-Nov-21 10:14:11] [trace] [  JLink] - JLINK_HasError()  
[2024-Nov-21 10:14:11] [debug] [SeggerBackend] - ---just_write_access_port_register
[2024-Nov-21 10:14:11] [debug] [SeggerBackend] - ---just_select_access_port_register
[2024-Nov-21 10:14:11] [trace] [  JLink] - JLINK_CORESIGHT_WriteAPDPReg(AP reg 0x01, 0x500038E4)  
[2024-Nov-21 10:14:11] [trace] [  JLink] - - 0.251ms returns 0  
[2024-Nov-21 10:14:11] [trace] [  JLink] - JLINK_HasError()  
[2024-Nov-21 10:14:11] [debug] [SeggerBackend] - ---just_read_access_port_register
[2024-Nov-21 10:14:11] [debug] [SeggerBackend] - ---just_select_access_port_register
[2024-Nov-21 10:14:11] [trace] [  JLink] - JLINK_CORESIGHT_ReadAPDPReg(AP reg 0x03)  
[2024-Nov-21 10:14:11] [trace] [  JLink] - Value=0x80000013
[2024-Nov-21 10:14:11] [trace] [  JLink] - - 0.271ms returns 0  
[2024-Nov-21 10:14:11] [trace] [  JLink] - JLINK_HasError()  
[2024-Nov-21 10:14:11] [debug] [SeggerBackend] - ---just_read_access_port_register
[2024-Nov-21 10:14:11] [debug] [SeggerBackend] - ---just_select_access_port_register
[2024-Nov-21 10:14:11] [debug] [SeggerBackend] - Select AP 0, DP Bank 0, AP Bank 15
[2024-Nov-21 10:14:11] [trace] [  JLink] - JLINK_CORESIGHT_WriteAPDPReg(DP reg 0x02, 0x000000F0)  
[2024-Nov-21 10:14:11] [trace] [  JLink] - - 0.220ms returns 0  
[2024-Nov-21 10:14:11] [trace] [  JLink] - JLINK_HasError()  
[2024-Nov-21 10:14:11] [trace] [  JLink] - JLINK_CORESIGHT_ReadAPDPReg(AP reg 0x03)  
[2024-Nov-21 10:14:11] [trace] [  JLink] - Value=0x84770001
[2024-Nov-21 10:14:11] [trace] [  JLink] - - 0.315ms returns 0  
[2024-Nov-21 10:14:11] [trace] [  JLink] - JLINK_HasError()  
[2024-Nov-21 10:14:11] [debug] [  nRF53] - Peripheral at address 0x50039504 has secure properties Fixed Secure, (split)
[2024-Nov-21 10:14:11] [debug] [SeggerBackend] - write_u32
[2024-Nov-21 10:14:11] [debug] [SeggerBackend] - ---just_connect_to_device
[2024-Nov-21 10:14:11] [debug] [SeggerBackend] - is_connected_to_device
[2024-Nov-21 10:14:11] [debug] [SeggerBackend] - ---just_write_u32
[2024-Nov-21 10:14:11] [debug] [SeggerBackend] - ---just_write_debug_port_register
[2024-Nov-21 10:14:11] [debug] [SeggerBackend] - ---just_select_debug_port_register
[2024-Nov-21 10:14:11] [debug] [SeggerBackend] - Select AP 255, DP Bank 0, AP Bank 255
[2024-Nov-21 10:14:11] [trace] [  JLink] - JLINK_CORESIGHT_WriteAPDPReg(DP reg 0x02, 0x00000000)  
[2024-Nov-21 10:14:11] [trace] [  JLink] - - 0.339ms returns 0  
[2024-Nov-21 10:14:11] [trace] [  JLink] - JLINK_HasError()  
[2024-Nov-21 10:14:11] [trace] [  JLink] - JLINK_CORESIGHT_WriteAPDPReg(DP reg 0x02, 0x00000000)  
[2024-Nov-21 10:14:11] [trace] [  JLink] - - 0.227ms returns 0  
[2024-Nov-21 10:14:11] [trace] [  JLink] - JLINK_HasError()  
[2024-Nov-21 10:14:11] [trace] [  JLink] - JLINK_WriteU32_64(0x50039584, 0x00000000)  
[2024-Nov-21 10:14:11] [trace] [  JLink] - CPU_WriteMem(4 bytes @ 0x50039584)
[2024-Nov-21 10:14:11] [trace] [  JLink] - - 0.372ms returns 0 (0x00000000)  
[2024-Nov-21 10:14:11] [trace] [  JLink] - JLINK_HasError()  
[2024-Nov-21 10:14:11] [debug] [SeggerBackend] - write_u32
[2024-Nov-21 10:14:11] [debug] [SeggerBackend] - ---just_connect_to_device
[2024-Nov-21 10:14:11] [debug] [SeggerBackend] - is_connected_to_device
[2024-Nov-21 10:14:11] [debug] [SeggerBackend] - ---just_write_u32
[2024-Nov-21 10:14:11] [debug] [SeggerBackend] - ---just_write_debug_port_register
[2024-Nov-21 10:14:11] [debug] [SeggerBackend] - ---just_select_debug_port_register
[2024-Nov-21 10:14:11] [debug] [SeggerBackend] - Select AP 255, DP Bank 0, AP Bank 255
[2024-Nov-21 10:14:11] [trace] [  JLink] - JLINK_CORESIGHT_WriteAPDPReg(DP reg 0x02, 0x00000000)  
[2024-Nov-21 10:14:11] [trace] [  JLink] - - 0.365ms returns 0  
[2024-Nov-21 10:14:11] [trace] [  JLink] - JLINK_HasError()  
[2024-Nov-21 10:14:11] [trace] [  JLink] - JLINK_CORESIGHT_WriteAPDPReg(DP reg 0x02, 0x00000000)  
[2024-Nov-21 10:14:11] [trace] [  JLink] - - 0.217ms returns 0  
[2024-Nov-21 10:14:11] [trace] [  JLink] - JLINK_HasError()  
[2024-Nov-21 10:14:11] [trace] [  JLink] - JLINK_WriteU32_64(0x50039504, 0x00000000)  
[2024-Nov-21 10:14:11] [trace] [  JLink] - CPU_WriteMem(4 bytes @ 0x50039504)
[2024-Nov-21 10:14:11] [trace] [  JLink] - - 0.366ms returns 0 (0x00000000)  
[2024-Nov-21 10:14:11] [trace] [  JLink] - JLINK_HasError()  
[2024-Nov-21 10:14:11] [debug] [  nRF53] - Just_nvmc_wait_for_ready
[2024-Nov-21 10:14:11] [debug] [SeggerBackend] - is_secure_debug_available
[2024-Nov-21 10:14:11] [debug] [SeggerBackend] - read_access_port_register
[2024-Nov-21 10:14:11] [debug] [SeggerBackend] - ---just_read_access_port_register
[2024-Nov-21 10:14:11] [debug] [SeggerBackend] - ---just_select_access_port_register
[2024-Nov-21 10:14:11] [trace] [  JLink] - JLINK_CORESIGHT_ReadAPDPReg(AP reg 0x00)  
[2024-Nov-21 10:14:11] [trace] [  JLink] - Value=0x03800052
[2024-Nov-21 10:14:11] [trace] [  JLink] - - 0.388ms returns 0  
[2024-Nov-21 10:14:11] [trace] [  JLink] - JLINK_HasError()  
[2024-Nov-21 10:14:11] [debug] [  nRF53] - Just_get_secure_nonsecure_address
[2024-Nov-21 10:14:11] [debug] [  nRF53] - update_periph_secure_state
[2024-Nov-21 10:14:11] [debug] [SeggerBackend] - is_secure_debug_available
[2024-Nov-21 10:14:11] [debug] [SeggerBackend] - read_access_port_register
[2024-Nov-21 10:14:11] [debug] [SeggerBackend] - ---just_read_access_port_register
[2024-Nov-21 10:14:11] [debug] [SeggerBackend] - ---just_select_access_port_register
[2024-Nov-21 10:14:11] [trace] [  JLink] - JLINK_CORESIGHT_ReadAPDPReg(AP reg 0x00)  
[2024-Nov-21 10:14:11] [trace] [  JLink] - Value=0x03800052
[2024-Nov-21 10:14:11] [trace] [  JLink] - - 0.347ms returns 0  
[2024-Nov-21 10:14:11] [trace] [  JLink] - JLINK_HasError()  
[2024-Nov-21 10:14:11] [debug] [  nRF53] - Reading addr 0x500038E4: secure state of peripheral from SPU @0x50003000 (S) (slave index 57).
[2024-Nov-21 10:14:11] [debug] [SeggerBackend] - ahb_read_u32
[2024-Nov-21 10:14:11] [debug] [SeggerBackend] - ---just_read_access_port_register
[2024-Nov-21 10:14:11] [debug] [SeggerBackend] - ---just_select_access_port_register
[2024-Nov-21 10:14:11] [trace] [  JLink] - JLINK_CORESIGHT_ReadAPDPReg(AP reg 0x00)  
[2024-Nov-21 10:14:11] [trace] [  JLink] - Value=0x03800052
[2024-Nov-21 10:14:11] [trace] [  JLink] - - 1.110ms returns 0  
[2024-Nov-21 10:14:11] [trace] [  JLink] - JLINK_HasError()  
[2024-Nov-21 10:14:11] [debug] [SeggerBackend] - ---just_write_access_port_register
[2024-Nov-21 10:14:11] [debug] [SeggerBackend] - ---just_select_access_port_register
[2024-Nov-21 10:14:11] [trace] [  JLink] - JLINK_CORESIGHT_WriteAPDPReg(AP reg 0x00, 0x03800052)  
[2024-Nov-21 10:14:11] [trace] [  JLink] - - 0.440ms returns 0  
[2024-Nov-21 10:14:11] [trace] [  JLink] - JLINK_HasError()  
[2024-Nov-21 10:14:11] [debug] [SeggerBackend] - ---just_write_access_port_register
[2024-Nov-21 10:14:11] [debug] [SeggerBackend] - ---just_select_access_port_register
[2024-Nov-21 10:14:11] [trace] [  JLink] - JLINK_CORESIGHT_WriteAPDPReg(AP reg 0x01, 0x500038E4)  
[2024-Nov-21 10:14:11] [trace] [  JLink] - - 0.224ms returns 0  
[2024-Nov-21 10:14:11] [trace] [  JLink] - JLINK_HasError()  
[2024-Nov-21 10:14:11] [debug] [SeggerBackend] - ---just_read_access_port_register
[2024-Nov-21 10:14:11] [debug] [SeggerBackend] - ---just_select_access_port_register
[2024-Nov-21 10:14:11] [trace] [  JLink] - JLINK_CORESIGHT_ReadAPDPReg(AP reg 0x03)  
[2024-Nov-21 10:14:11] [trace] [  JLink] - Value=0x80000013
[2024-Nov-21 10:14:11] [trace] [  JLink] - - 0.276ms returns 0  
[2024-Nov-21 10:14:11] [trace] [  JLink] - JLINK_HasError()  
[2024-Nov-21 10:14:11] [debug] [SeggerBackend] - ---just_read_access_port_register
[2024-Nov-21 10:14:11] [debug] [SeggerBackend] - ---just_select_access_port_register
[2024-Nov-21 10:14:11] [debug] [SeggerBackend] - Select AP 0, DP Bank 0, AP Bank 15
[2024-Nov-21 10:14:11] [trace] [  JLink] - JLINK_CORESIGHT_WriteAPDPReg(DP reg 0x02, 0x000000F0)  
[2024-Nov-21 10:14:11] [trace] [  JLink] - - 0.211ms returns 0  
[2024-Nov-21 10:14:11] [trace] [  JLink] - JLINK_HasError()  
[2024-Nov-21 10:14:11] [trace] [  JLink] - JLINK_CORESIGHT_ReadAPDPReg(AP reg 0x03)  
[2024-Nov-21 10:14:11] [trace] [  JLink] - Value=0x84770001
[2024-Nov-21 10:14:11] [trace] [  JLink] - - 0.274ms returns 0  
[2024-Nov-21 10:14:11] [trace] [  JLink] - JLINK_HasError()  
[2024-Nov-21 10:14:11] [debug] [  nRF53] - Peripheral at address 0x50039400 has secure properties Fixed Secure, (split)
[2024-Nov-21 10:14:11] [debug] [SeggerBackend] - read_u32
[2024-Nov-21 10:14:11] [debug] [SeggerBackend] - ---just_connect_to_device
[2024-Nov-21 10:14:11] [debug] [SeggerBackend] - is_connected_to_device
[2024-Nov-21 10:14:11] [debug] [SeggerBackend] - ---just_read_u32
[2024-Nov-21 10:14:11] [debug] [SeggerBackend] - ---just_invalidate_cache
[2024-Nov-21 10:14:11] [trace] [  JLink] - JLINK_ExecCommand("InvalidateCache", ...).   
[2024-Nov-21 10:14:11] [trace] [  JLink] - - 0.002ms returns 0x00  
[2024-Nov-21 10:14:11] [trace] [  JLink] - JLINK_HasError()  
[2024-Nov-21 10:14:11] [trace] [  JLink] - JLINK_ReadMemU32(0x50039400, 0x1 Items)  
[2024-Nov-21 10:14:11] [trace] [  JLink] - CPU_ReadMem(4 bytes @ 0x50039400)
[2024-Nov-21 10:14:11] [trace] [  JLink] - Data:  01 00 00 00
[2024-Nov-21 10:14:11] [trace] [  JLink] - - 0.385ms returns 1 (0x1)  
[2024-Nov-21 10:14:11] [trace] [  JLink] - JLINK_HasError()  
[2024-Nov-21 10:14:11] [trace] [  JLink] - - 0.022ms  
[2024-Nov-21 10:14:11] [trace] [ Worker] - Command write executed for 52 milliseconds with result 0
[2024-Nov-21 10:14:11] [debug] [  nRF53] - close
[2024-Nov-21 10:14:11] [debug] [SeggerBackend] - is_connected_to_emu
[2024-Nov-21 10:14:11] [trace] [  JLink] - JLINK_IsOpen()  
[2024-Nov-21 10:14:11] [trace] [  JLink] - - 0.012ms returns 0x01  
[2024-Nov-21 10:14:11] [trace] [  JLink] - JLINK_HasError()  
[2024-Nov-21 10:14:11] [trace] [  JLink] - JLINK_Lock()  
[2024-Nov-21 10:14:11] [debug] [SeggerBackend] - close
[2024-Nov-21 10:14:11] [debug] [SeggerBackend] - disconnect_from_emu
[2024-Nov-21 10:14:11] [debug] [SeggerBackend] - ---just_disconnect_from_emu
[2024-Nov-21 10:14:11] [debug] [SeggerBackend] - is_connected_to_device
[2024-Nov-21 10:14:11] [trace] [  JLink] - JLINK_IsConnected()  
[2024-Nov-21 10:14:11] [trace] [  JLink] - - 0.003ms returns TRUE  
[2024-Nov-21 10:14:11] [trace] [  JLink] - JLINK_HasError()  
[2024-Nov-21 10:14:11] [debug] [SeggerBackend] - ---just_is_debug_region_powered
[2024-Nov-21 10:14:11] [debug] [SeggerBackend] - ---just_read_debug_port_register
[2024-Nov-21 10:14:11] [debug] [SeggerBackend] - ---just_select_debug_port_register
[2024-Nov-21 10:14:11] [debug] [SeggerBackend] - Select AP 255, DP Bank 0, AP Bank 255
[2024-Nov-21 10:14:11] [trace] [  JLink] - JLINK_CORESIGHT_WriteAPDPReg(DP reg 0x02, 0x00000000)  
[2024-Nov-21 10:14:11] [trace] [  JLink] - - 0.488ms returns 0  
[2024-Nov-21 10:14:11] [trace] [  JLink] - JLINK_HasError()  
[2024-Nov-21 10:14:11] [trace] [  JLink] - JLINK_CORESIGHT_ReadAPDPReg(DP reg 0x01)  
[2024-Nov-21 10:14:11] [trace] [  JLink] - Value=0xF0000040
[2024-Nov-21 10:14:11] [trace] [  JLink] - - 0.247ms returns 0  
[2024-Nov-21 10:14:11] [trace] [  JLink] - JLINK_HasError()  
[2024-Nov-21 10:14:11] [debug] [SeggerBackend] - Disable trace before closing connection.
[2024-Nov-21 10:14:11] [debug] [SeggerBackend] - ---just_write_u32
[2024-Nov-21 10:14:11] [debug] [SeggerBackend] - ---just_write_debug_port_register
[2024-Nov-21 10:14:11] [debug] [SeggerBackend] - ---just_select_debug_port_register
[2024-Nov-21 10:14:11] [debug] [SeggerBackend] - Select AP 255, DP Bank 0, AP Bank 255
[2024-Nov-21 10:14:11] [trace] [  JLink] - JLINK_CORESIGHT_WriteAPDPReg(DP reg 0x02, 0x00000000)  
[2024-Nov-21 10:14:11] [trace] [  JLink] - - 0.220ms returns 0  
[2024-Nov-21 10:14:11] [trace] [  JLink] - JLINK_HasError()  
[2024-Nov-21 10:14:11] [trace] [  JLink] - JLINK_CORESIGHT_WriteAPDPReg(DP reg 0x02, 0x00000000)  
[2024-Nov-21 10:14:11] [trace] [  JLink] - - 0.215ms returns 0  
[2024-Nov-21 10:14:11] [trace] [  JLink] - JLINK_HasError()  
[2024-Nov-21 10:14:11] [trace] [  JLink] - JLINK_WriteU32_64(0xE000EDFC, 0x00000000)  
[2024-Nov-21 10:14:11] [trace] [  JLink] - Debug reg: DEMCR
[2024-Nov-21 10:14:11] [trace] [  JLink] - CPU_WriteMem(4 bytes @ 0xE000EDFC)
[2024-Nov-21 10:14:11] [trace] [  JLink] - - 0.952ms returns 0 (0x00000000)  
[2024-Nov-21 10:14:11] [trace] [  JLink] - JLINK_HasError()  
[2024-Nov-21 10:14:11] [debug] [SeggerBackend] - ---just_is_debug_region_powered
[2024-Nov-21 10:14:11] [debug] [SeggerBackend] - Shortcut, lock is on and debug region is powered.
[2024-Nov-21 10:14:11] [d[2024-Nov-21 10:14:44] [debug] --------------------------------------------------------------------------------
[2024-Nov-21 10:14:44] [debug] nrfjprog --recover --log 
[2024-Nov-21 10:14:44] [debug] nrfjprog version 10.24.2 external
[2024-Nov-21 10:14:44] [debug] --------------------------------------------------------------------------------
[2024-Nov-21 10:14:44] [ info] Load library at /Applications/Nordic Semiconductor/lib/libnrfjprogdll.dylib.
[2024-Nov-21 10:14:44] [ info] Library loaded, loading member functions.
[2024-Nov-21 10:14:44] [ info] Member functions succesfully loaded.
[2024-Nov-21 10:14:44] [debug] [ Client] - open
[2024-Nov-21 10:14:44] [debug] [ Client] - start
[2024-Nov-21 10:14:44] [ info] [ Client] - stdout: Jlinkarm nRF Worker ready. Handling sequence 39ad2d39-d728-4cbd-851c-49ebb8e3e222.
[2024-Nov-21 10:14:44] [trace] [ Client] - Command open executed for 84 milliseconds with result 0
[2024-Nov-21 10:14:44] [debug] [ Client] - config
[2024-Nov-21 10:14:44] [debug] [SeggerBackend] - Logger sink registered in Segger backend logger
[2024-Nov-21 10:14:44] [debug] [  JLink] - Logger sink registered in JLink logger
[2024-Nov-21 10:14:44] [debug] [  nRFXX] - open
[2024-Nov-21 10:14:44] [debug] [  nRFXX] - just_check_family
[2024-Nov-21 10:14:44] [debug] [SeggerBackend] - open_dll
[2024-Nov-21 10:14:44] [debug] [SeggerBackend] - No J-Link DLL path was provided. Attempting to auto detect.
[2024-Nov-21 10:14:44] [ info] [SeggerBackend] - Load library at /Applications/SEGGER/JLink/libjlinkarm.dylib.
[2024-Nov-21 10:14:44] [ info] [SeggerBackend] - Library loaded, loading member functions.
[2024-Nov-21 10:14:44] [ info] [SeggerBackend] - Member functions succesfully loaded.
[2024-Nov-21 10:14:44] [debug] [SeggerBackend] - Set batch mode
[2024-Nov-21 10:14:44] [debug] [SeggerBackend] - dll_version
[2024-Nov-21 10:14:44] [ info] [SeggerBackend] - Segger dll version 7.94.e loaded.
[2024-Nov-21 10:14:44] [trace] [ Worker] - Command open executed for 33 milliseconds with result 0
[2024-Nov-21 10:14:44] [trace] [ Client] - Command config executed for 11 milliseconds with result 0
[2024-Nov-21 10:14:44] [debug] [ Client] - enum_emu_snr
[2024-Nov-21 10:14:44] [trace] [ Client] - Command enum_emu_con_info executed for 6 milliseconds with result 0
[2024-Nov-21 10:14:44] [debug] [ Client] - connect_to_emu_with_snr
[2024-Nov-21 10:14:44] [debug] [  nRFXX] - config
[2024-Nov-21 10:14:44] [debug] [SeggerBackend] - enum_emu_snr
[2024-Nov-21 10:14:44] [trace] [ Worker] - Command config executed for 1 milliseconds with result 0
[2024-Nov-21 10:14:44] [debug] [  nRFXX] - enum_emu_con_info
[2024-Nov-21 10:14:44] [debug] [SeggerBackend] - is_connected_to_emu
[2024-Nov-21 10:14:44] [debug] [SeggerBackend] - enum_emu_con_info
[2024-Nov-21 10:14:44] [debug] [SeggerBackend] - is_connected_to_emu
[2024-Nov-21 10:14:44] [trace] [ Worker] - Command enum_emu_con_info executed for 1 milliseconds with result 0
[2024-Nov-21 10:14:44] [debug] [  nRFXX] - connect_to_emu_with_snr
[2024-Nov-21 10:14:44] [debug] [SeggerBackend] - is_connected_to_emu
[2024-Nov-21 10:14:44] [debug] [SeggerBackend] - connect_to_emu_with_snr
[2024-Nov-21 10:14:44] [debug] [SeggerBackend] - is_connected_to_emu
[2024-Nov-21 10:14:44] [debug] [SeggerBackend] - ---just_enum_emu_snr
[2024-Nov-21 10:14:44] [debug] [SeggerBackend] - ---just_get_num_emus
[2024-Nov-21 10:14:44] [debug] [SeggerBackend] - ---just_connect_to_emu_with_snr
[2024-Nov-21 10:14:44] [debug] [SeggerBackend] - ---just_connect_to_emu_without_snr
[2024-Nov-21 10:14:44] [debug] [SeggerBackend] - Segger logging enabled.
[2024-Nov-21 10:14:44] [trace] [  JLink] - Firmware: J-Link OB-nRF5340-NordicSemi compiled Oct 30 2023 12:13:06
[2024-Nov-21 10:14:44] [trace] [  JLink] - Firmware: J-Link OB-nRF5340-NordicSemi compiled Oct 30 2023 12:13:06
[2024-Nov-21 10:14:44] [trace] [  JLink] - Hardware: V1.00
[2024-Nov-21 10:14:44] [trace] [  JLink] - S/N: 1050034622
[2024-Nov-21 10:14:44] [trace] [  JLink] - OEM: SEGGER
[2024-Nov-21 10:14:44] [trace] [  JLink] - Feature(s): RDI, FlashBP, FlashDL, JFlash, GDB
[2024-Nov-21 10:14:44] [trace] [  JLink] - Bootloader: 2021 May 18
[2024-Nov-21 10:14:44] [trace] [  JLink] - USB speed mode: Full speed (12 MBit/s)
[2024-Nov-21 10:14:44] [trace] [  JLink] - TELNET listener socket opened on port 19021
[2024-Nov-21 10:14:44] [trace] [  JLink] - WEBSRV WEBSRV_Init(): Starting webserver thread(s)
[2024-Nov-21 10:14:44] [trace] [  JLink] - WEBSRV Webserver running on local port 19080
[2024-Nov-21 10:14:44] [trace] [  JLink] - Looking for J-Link GUI Server exe at: /Applications/SEGGER/JLink_V794e/JLinkGUIServerExe 
[2024-Nov-21 10:14:44] [trace] [  JLink] - Forking J-Link GUI Server: /Applications/SEGGER/JLink_V794e/JLinkGUIServerExe 
[2024-Nov-21 10:14:44] [trace] [  JLink] - J-Link GUI Server info: "J-Link GUI server V7.94e " 
[2024-Nov-21 10:14:44] [trace] [  JLink] - - 53.654ms returns "O.K."  
[2024-Nov-21 10:14:44] [trace] [  JLink] - JLINK_HasError()  
[2024-Nov-21 10:14:44] [trace] [  JLink] - JLINK_Lock()  
[2024-Nov-21 10:14:44] [trace] [  JLink] - JLINK_ExecCommand("SetRestartOnClose = 0", ...).   
[2024-Nov-21 10:14:44] [trace] [  JLink] - - 0.006ms returns 0x01  
[2024-Nov-21 10:14:44] [trace] [  JLink] - JLINK_HasError()  
[2024-Nov-21 10:14:44] [trace] [  JLink] - JLINK_ExecCommand("DisableFlashDL", ...).   
[2024-Nov-21 10:14:44] [trace] [  JLink] - - 0.001ms returns 0x00  
[2024-Nov-21 10:14:44] [trace] [  JLink] - JLINK_HasError()  
[2024-Nov-21 10:14:44] [trace] [  JLink] - JLINK_ExecCommand("ExcludeFlashCacheRange 0x0-0xFFFFFFFF", ...).   
[2024-Nov-21 10:14:44] [trace] [  JLink] - - 0.003ms returns 0x00  
[2024-Nov-21 10:14:44] [trace] [  JLink] - JLINK_HasError()  
[2024-Nov-21 10:14:44] [trace] [  JLink] - JLINK_SetHookUnsecureDialog  
[2024-Nov-21 10:14:44] [trace] [  JLink] - JLINK_SetHookUnsecureDialog(...)
[2024-Nov-21 10:14:44] [trace] [  JLink] - - 0.005ms returns 0  
[2024-Nov-21 10:14:44] [trace] [  JLink] - JLINK_HasError()  
[2024-Nov-21 10:14:44] [trace] [  JLink] - JLINK_TIF_Select(JLINKARM_TIF_SWD)  
[2024-Nov-21 10:14:44] [trace] [  JLink] - - 7.337ms returns 0x00  
[2024-Nov-21 10:14:44] [trace] [  JLink] - JLINK_HasError()  
[2024-Nov-21 10:14:44] [trace] [  JLink] - JLINK_GetSpeedInfo()  
[2024-Nov-21 10:14:44] [trace] [  JLink] - 128000000 Hz / n, n >= 64
[2024-Nov-21 10:14:44] [trace] [  JLink] - - 0.006ms  
[2024-Nov-21 10:14:44] [trace] [  JLink] - JLINK_HasError()  
[2024-Nov-21 10:14:44] [debug] [SeggerBackend] - Connected emulator supports SWD speeds up to 2000kHz
[2024-Nov-21 10:14:44] [trace] [  JLink] - JLINK_SetSpeed(2000)  
[2024-Nov-21 10:14:44] [trace] [  JLink] - - 0.103ms  
[2024-Nov-21 10:14:44] [trace] [  JLink] - JLINK_HasError()  
[2024-Nov-21 10:14:44] [trace] [  JLink] - JLINK_GetSpeed()  
[2024-Nov-21 10:14:44] [trace] [  JLink] - - 0.003ms returns 2000  
[2024-Nov-21 10:14:44] [trace] [  JLink] - JLINK_HasError()  
[2024-Nov-21 10:14:44] [debug] [SeggerBackend] - SWD clock set to 2000kHz
[2024-Nov-21 10:14:44] [trace] [  JLink] - JLINK_GetSN()  
[2024-Nov-21 10:14:44] [trace] [  JLink] - - 0.003ms returns 1050034622  
[2024-Nov-21 10:14:44] [trace] [  JLink] - JLINK_HasError()  
[2024-Nov-21 10:14:44] [trace] [  JLink] - - 0.004ms  
[2024-Nov-21 10:14:44] [debug] [  nRFXX] - read_device_family
[2024-Nov-21 10:14:44] [debug] [  nRFXX] - read_device_family
[2024-Nov-21 10:14:44] [debug] [SeggerBackend] - is_connected_to_emu
[2024-Nov-21 10:14:44] [trace] [  JLink] - JLINK_IsOpen()  
[2024-Nov-21 10:14:44] [trace] [  JLink] - - 0.001ms returns 0x01  
[2024-Nov-21 10:14:44] [trace] [  JLink] - JLINK_HasError()  
[2024-Nov-21 10:14:44] [trace] [  JLink] - JLINK_Lock()  
[2024-Nov-21 10:14:44] [debug] [SeggerBackend] - is_connected_to_emu
[2024-Nov-21 10:14:44] [debug] [SeggerBackend] - read_debug_port_idr
[2024-Nov-21 10:14:44] [debug] [SeggerBackend] - read_debug_port_register
[2024-Nov-21 10:14:44] [debug] [SeggerBackend] - ---just_read_debug_port_register
[2024-Nov-21 10:14:44] [debug] [SeggerBackend] - coresight_configure
[2024-Nov-21 10:14:44] [trace] [  JLink] - JLINK_GetHWStatus(...)  
[2024-Nov-21 10:14:44] [trace] [  JLink] - - 1.565ms returns 0  
[2024-Nov-21 10:14:44] [trace] [  JLink] - JLINK_HasError()  
[2024-Nov-21 10:14:44] [trace] [  JLink] - JLINK_CORESIGHT_Configure()  
[2024-Nov-21 10:14:44] [trace] [  JLink] - - 0.508ms returns 0  
[2024-Nov-21 10:14:44] [trace] [  JLink] - JLINK_HasError()  
[2024-Nov-21 10:14:44] [debug] [SeggerBackend] - read_debug_port_idr
[2024-Nov-21 10:14:44] [debug] [SeggerBackend] - read_debug_port_register
[2024-Nov-21 10:14:44] [debug] [SeggerBackend] - ---just_read_debug_port_register
[2024-Nov-21 10:14:44] [debug] [SeggerBackend] - ---just_select_debug_port_register
[2024-Nov-21 10:14:44] [debug] [SeggerBackend] - Select AP 255, DP Bank 0, AP Bank 255
[2024-Nov-21 10:14:44] [trace] [  JLink] - JLINK_CORESIGHT_WriteAPDPReg(DP reg 0x02, 0x00000000)  
[2024-Nov-21 10:14:44] [trace] [  JLink] - - 0.232ms returns 0  
[2024-Nov-21 10:14:44] [trace] [  JLink] - JLINK_HasError()  
[2024-Nov-21 10:14:44] [trace] [  JLink] - JLINK_CORESIGHT_ReadAPDPReg(DP reg 0x00)  
[2024-Nov-21 10:14:44] [trace] [  JLink] - Value=0x6BA02477
[2024-Nov-21 10:14:44] [trace] [  JLink] - - 0.210ms returns 0  
[2024-Nov-21 10:14:44] [trace] [  JLink] - JLINK_HasError()  
[2024-Nov-21 10:14:44] [debug] [SeggerBackend] - ---just_select_debug_port_register
[2024-Nov-21 10:14:44] [trace] [  JLink] - JLINK_CORESIGHT_ReadAPDPReg(DP reg 0x00)  
[2024-Nov-21 10:14:44] [trace] [  JLink] - Value=0x6BA02477
[2024-Nov-21 10:14:44] [trace] [  JLink] - - 0.248ms returns 0  
[2024-Nov-21 10:14:44] [trace] [  JLink] - JLINK_HasError()  
[2024-Nov-21 10:14:44] [debug] [SeggerBackend] - read_access_port_idr
[2024-Nov-21 10:14:44] [debug] [SeggerBackend] - read_access_port_register
[2024-Nov-21 10:14:44] [debug] [SeggerBackend] - ---just_read_access_port_register
[2024-Nov-21 10:14:44] [debug] [SeggerBackend] - ---just_is_debug_region_powered
[2024-Nov-21 10:14:44] [debug] [SeggerBackend] - ---just_read_debug_port_register
[2024-Nov-21 10:14:44] [debug] [SeggerBackend] - ---just_select_debug_port_register
[2024-Nov-21 10:14:44] [trace] [  JLink] - JLINK_CORESIGHT_ReadAPDPReg(DP reg 0x01)  
[2024-Nov-21 10:14:44] [trace] [  JLink] - Value=0xF0000040
[2024-Nov-21 10:14:44] [trace] [  JLink] - - 1.976ms returns 0  
[2024-Nov-21 10:14:44] [trace] [  JLink] - JLINK_HasError()  
[2024-Nov-21 10:14:44] [debug] [SeggerBackend] - ---just_select_access_port_register
[2024-Nov-21 10:14:44] [debug] [SeggerBackend] - Select AP 0, DP Bank 0, AP Bank 15
[2024-Nov-21 10:14:44] [trace] [  JLink] - JLINK_CORESIGHT_WriteAPDPReg(DP reg 0x02, 0x000000F0)  
[2024-Nov-21 10:14:44] [trace] [  JLink] - - 0.305ms returns 0  
[2024-Nov-21 10:14:44] [trace] [  JLink] - JLINK_HasError()  
[2024-Nov-21 10:14:44] [trace] [  JLink] - JLINK_CORESIGHT_ReadAPDPReg(AP reg 0x03)  
[2024-Nov-21 10:14:44] [trace] [  JLink] - Value=0x84770001
[2024-Nov-21 10:14:44] [trace] [  JLink] - - 0.255ms returns 0  
[2024-Nov-21 10:14:44] [trace] [  JLink] - JLINK_HasError()  
[2024-Nov-21 10:14:44] [debug] [SeggerBackend] - read_access_port_register
[2024-Nov-21 10:14:44] [debug] [SeggerBackend] - ---just_read_access_port_register
[2024-Nov-21 10:14:44] [debug] [SeggerBackend] - ---just_select_access_port_register
[2024-Nov-21 10:14:44] [debug] [SeggerBackend] - Select AP 0, DP Bank 0, AP Bank 0
[2024-Nov-21 10:14:44] [trace] [  JLink] - JLINK_CORESIGHT_WriteAPDPReg(DP reg 0x02, 0x00000000)  
[2024-Nov-21 10:14:44] [trace] [  JLink] - - 0.203ms returns 0  
[2024-Nov-21 10:14:44] [trace] [  JLink] - JLINK_HasError()  
[2024-Nov-21 10:14:44] [trace] [  JLink] - JLINK_CORESIGHT_ReadAPDPReg(AP reg 0x00)  
[2024-Nov-21 10:14:44] [trace] [  JLink] - Value=0x43800042
[2024-Nov-21 10:14:44] [trace] [  JLink] - - 0.311ms returns 0  
[2024-Nov-21 10:14:44] [trace] [  JLink] - JLINK_HasError()  
[2024-Nov-21 10:14:44] [debug] [SeggerBackend] - read_access_port_idr
[2024-Nov-21 10:14:44] [debug] [SeggerBackend] - read_access_port_register
[2024-Nov-21 10:14:44] [debug] [SeggerBackend] - ---just_read_access_port_register
[2024-Nov-21 10:14:44] [debug] [SeggerBackend] - ---just_select_access_port_register
[2024-Nov-21 10:14:44] [debug] [SeggerBackend] - Select AP 1, DP Bank 0, AP Bank 15
[2024-Nov-21 10:14:44] [trace] [  JLink] - JLINK_CORESIGHT_WriteAPDPReg(DP reg 0x02, 0x010000F0)  
[2024-Nov-21 10:14:44] [trace] [  JLink] - - 0.578ms returns 0  
[2024-Nov-21 10:14:44] [trace] [  JLink] - JLINK_HasError()  
[2024-Nov-21 10:14:44] [trace] [  JLink] - JLINK_CORESIGHT_ReadAPDPReg(AP reg 0x03)  
[2024-Nov-21 10:14:44] [trace] [  JLink] - Value=0x84770001
[2024-Nov-21 10:14:44] [trace] [  JLink] - - 0.240ms returns 0  
[2024-Nov-21 10:14:44] [trace] [  JLink] - JLINK_HasError()  
[2024-Nov-21 10:14:44] [debug] [SeggerBackend] - read_access_port_register
[2024-Nov-21 10:14:44] [debug] [SeggerBackend] - ---just_read_access_port_register
[2024-Nov-21 10:14:44] [debug] [SeggerBackend] - ---just_select_access_port_register
[2024-Nov-21 10:14:44] [debug] [SeggerBackend] - Select AP 1, DP Bank 0, AP Bank 0
[2024-Nov-21 10:14:44] [trace] [  JLink] - JLINK_CORESIGHT_WriteAPDPReg(DP reg 0x02, 0x01000000)  
[2024-Nov-21 10:14:44] [trace] [  JLink] - - 0.331ms returns 0  
[2024-Nov-21 10:14:44] [trace] [ Client] - Command connect_to_emu_with_snr executed for 154 milliseconds with result 0
[2024-Nov-21 10:14:44] [debug] [ Client] - read_connected_emu_snr
[2024-Nov-21 10:14:44] [trace] [  JLink] - JLINK_HasError()  
[2024-Nov-21 10:14:44] [trace] [ Client] - Command read_connected_emu_snr executed for 6 milliseconds with result 0
[2024-Nov-21 10:14:44] [debug] [ Client] - read_device_family
[2024-Nov-21 10:14:44] [trace] [  JLink] - JLINK_CORESIGHT_ReadAPDPReg(AP reg 0x00)  
[2024-Nov-21 10:14:44] [trace] [  JLink] - Value=0x43000002
[2024-Nov-21 10:14:44] [trace] [  JLink] - - 7.954ms returns 0  
[2024-Nov-21 10:14:44] [trace] [  JLink] - JLINK_HasError()  
[2024-Nov-21 10:14:44] [debug] [SeggerBackend] - read_access_port_idr
[2024-Nov-21 10:14:44] [debug] [SeggerBackend] - read_access_port_register
[2024-Nov-21 10:14:44] [debug] [SeggerBackend] - ---just_read_access_port_register
[2024-Nov-21 10:14:44] [debug] [SeggerBackend] - ---just_select_access_port_register
[2024-Nov-21 10:14:44] [debug] [SeggerBackend] - Select AP 2, DP Bank 0, AP Bank 15
[2024-Nov-21 10:14:44] [trace] [  JLink] - JLINK_CORESIGHT_WriteAPDPReg(DP reg 0x02, 0x020000F0)  
[2024-Nov-21 10:14:44] [trace] [  JLink] - - 0.267ms returns 0  
[2024-Nov-21 10:14:44] [trace] [  JLink] - JLINK_HasError()  
[2024-Nov-21 10:14:44] [trace] [  JLink] - JLINK_CORESIGHT_ReadAPDPReg(AP reg 0x03)  
[2024-Nov-21 10:14:44] [trace] [  JLink] - Value=0x12880000
[2024-Nov-21 10:14:44] [trace] [  JLink] - - 0.248ms returns 0  
[2024-Nov-21 10:14:44] [trace] [  JLink] - JLINK_HasError()  
[2024-Nov-21 10:14:44] [debug] [SeggerBackend] - read_access_port_register
[2024-Nov-21 10:14:44] [debug] [SeggerBackend] - ---just_read_access_port_register
[2024-Nov-21 10:14:44] [debug] [SeggerBackend] - ---just_select_access_port_register
[2024-Nov-21 10:14:44] [debug] [SeggerBackend] - Select AP 2, DP Bank 0, AP Bank 0
[2024-Nov-21 10:14:44] [trace] [  JLink] - JLINK_CORESIGHT_WriteAPDPReg(DP reg 0x02, 0x02000000)  
[2024-Nov-21 10:14:44] [trace] [  JLink] - - 0.387ms returns 0  
[2024-Nov-21 10:14:44] [trace] [  JLink] - JLINK_HasError()  
[2024-Nov-21 10:14:44] [trace] [  JLink] - JLINK_CORESIGHT_ReadAPDPReg(AP reg 0x00)  
[2024-Nov-21 10:14:44] [trace] [  JLink] - Value=0x00000000
[2024-Nov-21 10:14:44] [trace] [  JLink] - - 0.229ms returns 0  
[2024-Nov-21 10:14:44] [trace] [  JLink] - JLINK_HasError()  
[2024-Nov-21 10:14:44] [debug] [SeggerBackend] - read_access_port_idr
[2024-Nov-21 10:14:44] [debug] [SeggerBackend] - read_access_port_register
[2024-Nov-21 10:14:44] [debug] [SeggerBackend] - ---just_read_access_port_register
[2024-Nov-21 10:14:44] [debug] [SeggerBackend] - ---just_select_access_port_register
[2024-Nov-21 10:14:44] [debug] [SeggerBackend] - Select AP 3, DP Bank 0, AP Bank 15
[2024-Nov-21 10:14:44] [trace] [  JLink] - JLINK_CORESIGHT_WriteAPDPReg(DP reg 0x02, 0x030000F0)  
[2024-Nov-21 10:14:44] [trace] [  JLink] - - 0.211ms returns 0  
[2024-Nov-21 10:14:44] [trace] [  JLink] - JLINK_HasError()  
[2024-Nov-21 10:14:44] [trace] [  JLink] - JLINK_CORESIGHT_ReadAPDPReg(AP reg 0x03)  
[2024-Nov-21 10:14:44] [trace] [  JLink] - Value=0x12880000
[2024-Nov-21 10:14:44] [trace] [  JLink] - - 0.303ms returns 0  
[2024-Nov-21 10:14:44] [trace] [  JLink] - JLINK_HasError()  
[2024-Nov-21 10:14:44] [debug] [SeggerBackend] - read_access_port_register
[2024-Nov-21 10:14:44] [debug] [SeggerBackend] - ---just_read_access_port_register
[2024-Nov-21 10:14:44] [debug] [SeggerBackend] - ---just_select_access_port_register
[2024-Nov-21 10:14:44] [debug] [SeggerBackend] - Select AP 3, DP Bank 0, AP Bank 0
[2024-Nov-21 10:14:44] [trace] [  JLink] - JLINK_CORESIGHT_WriteAPDPReg(DP reg 0x02, 0x03000000)  
[2024-Nov-21 10:14:44] [trace] [  JLink] - - 0.218ms returns 0  
[2024-Nov-21 10:14:44] [trace] [  JLink] - JLINK_HasError()  
[2024-Nov-21 10:14:44] [trace] [  JLink] - JLINK_CORESIGHT_ReadAPDPReg(AP reg 0x00)  
[2024-Nov-21 10:14:44] [trace] [  JLink] - Value=0x00000000
[2024-Nov-21 10:14:44] [trace] [  JLink] - - 0.272ms returns 0  
[2024-Nov-21 10:14:44] [trace] [  JLink] - JLINK_HasError()  
[2024-Nov-21 10:14:44] [debug] [SeggerBackend] - read_access_port_idr
[2024-Nov-21 10:14:44] [debug] [SeggerBackend] - read_access_port_register
[2024-Nov-21 10:14:44] [debug] [SeggerBackend] - ---just_read_access_port_register
[2024-Nov-21 10:14:44] [debug] [SeggerBackend] - ---just_select_access_port_register
[2024-Nov-21 10:14:44] [debug] [SeggerBackend] - Select AP 4, DP Bank 0, AP Bank 15
[2024-Nov-21 10:14:44] [trace] [  JLink] - JLINK_CORESIGHT_WriteAPDPReg(DP reg 0x02, 0x040000F0)  
[2024-Nov-21 10:14:44] [trace] [  JLink] - - 0.235ms returns 0  
[2024-Nov-21 10:14:44] [trace] [  JLink] - JLINK_HasError()  
[2024-Nov-21 10:14:44] [trace] [  JLink] - JLINK_CORESIGHT_ReadAPDPReg(AP reg 0x03)  
[2024-Nov-21 10:14:44] [trace] [  JLink] - Value=0x00000000
[2024-Nov-21 10:14:44] [trace] [  JLink] - - 0.393ms returns 0  
[2024-Nov-21 10:14:44] [trace] [  JLink] - JLINK_HasError()  
[2024-Nov-21 10:14:44] [debug] [SeggerBackend] - read_access_port_register
[2024-Nov-21 10:14:44] [debug] [SeggerBackend] - ---just_read_access_port_register
[2024-Nov-21 10:14:44] [debug] [SeggerBackend] - ---just_select_access_port_register
[2024-Nov-21 10:14:44] [debug] [SeggerBackend] - Select AP 4, DP Bank 0, AP Bank 0
[2024-Nov-21 10:14:44] [trace] [  JLink] - JLINK_CORESIGHT_WriteAPDPReg(DP reg 0x02, 0x04000000)  
[2024-Nov-21 10:14:44] [trace] [  JLink] - - 0.248ms returns 0  
[2024-Nov-21 10:14:44] [trace] [  JLink] - JLINK_HasError()  
[2024-Nov-21 10:14:44] [trace] [  JLink] - JLINK_CORESIGHT_ReadAPDPReg(AP reg 0x00)  
[2024-Nov-21 10:14:44] [trace] [  JLink] - Value=0x00000000
[2024-Nov-21 10:14:44] [trace] [  JLink] - - 0.261ms returns 0  
[2024-Nov-21 10:14:44] [trace] [  JLink] - JLINK_HasError()  
[2024-Nov-21 10:14:44] [debug] [SeggerBackend] - read_access_port_idr
[2024-Nov-21 10:14:44] [debug] [SeggerBackend] - read_access_port_register
[2024-Nov-21 10:14:44] [debug] [SeggerBackend] - ---just_read_access_port_register
[2024-Nov-21 10:14:44] [debug] [SeggerBackend] - ---just_select_access_port_register
[2024-Nov-21 10:14:44] [debug] [SeggerBackend] - Select AP 5, DP Bank 0, AP Bank 15
[2024-Nov-21 10:14:44] [trace] [  JLink] - JLINK_CORESIGHT_WriteAPDPReg(DP reg 0x02, 0x050000F0)  
[2024-Nov-21 10:14:44] [trace] [  JLink] - - 0.278ms returns 0  
[2024-Nov-21 10:14:44] [trace] [  JLink] - JLINK_HasError()  
[2024-Nov-21 10:14:44] [trace] [  JLink] - JLINK_CORESIGHT_ReadAPDPReg(AP reg 0x03)  
[2024-Nov-21 10:14:44] [trace] [  JLink] - Value=0x00000000
[2024-Nov-21 10:14:44] [trace] [  JLink] - - 0.238ms returns 0  
[2024-Nov-21 10:14:44] [trace] [  JLink] - JLINK_HasError()  
[2024-Nov-21 10:14:44] [debug] [SeggerBackend] - read_access_port_register
[2024-Nov-21 10:14:44] [debug] [SeggerBackend] - ---just_read_access_port_register
[2024-Nov-21 10:14:44] [debug] [SeggerBackend] - ---just_select_access_port_register
[2024-Nov-21 10:14:44] [debug] [SeggerBackend] - Select AP 5, DP Bank 0, AP Bank 0
[2024-Nov-21 10:14:44] [trace] [  JLink] - JLINK_CORESIGHT_WriteAPDPReg(DP reg 0x02, 0x05000000)  
[2024-Nov-21 10:14:44] [trace] [  JLink] - - 1.456ms returns 0  
[2024-Nov-21 10:14:44] [trace] [  JLink] - JLINK_HasError()  
[2024-Nov-21 10:14:44] [trace] [  JLink] - JLINK_CORESIGHT_ReadAPDPReg(AP reg 0x00)  
[2024-Nov-21 10:14:44] [trace] [  JLink] - Value=0x00000000
[2024-Nov-21 10:14:44] [trace] [  JLink] - - 0.396ms returns 0  
[2024-Nov-21 10:14:44] [trace] [  JLink] - JLINK_HasError()  
[2024-Nov-21 10:14:44] [debug] [SeggerBackend] - read_access_port_idr
[2024-Nov-21 10:14:44] [debug] [SeggerBackend] - read_access_port_register
[2024-Nov-21 10:14:44] [debug] [SeggerBackend] - ---just_read_access_port_register
[2024-Nov-21 10:14:44] [trace] [ Client] - Command read_device_family executed for 6 milliseconds with result 0
[2024-Nov-21 10:14:44] [debug] [ Client] - select_family
[2024-Nov-21 10:14:44] [debug] [SeggerBackend] - ---just_select_access_port_register
[2024-Nov-21 10:14:44] [debug] [SeggerBackend] - Select AP 6, DP Bank 0, AP Bank 15
[2024-Nov-21 10:14:44] [trace] [ Client] - Command select_family executed for 14 milliseconds with result 0
[2024-Nov-21 10:14:44] [trace] [  JLink] - JLINK_CORESIGHT_WriteAPDPReg(DP reg 0x02, 0x060000F0)  
[2024-Nov-21 10:14:44] [trace] [  JLink] - - 0.218ms returns 0  
[2024-Nov-21 10:14:44] [trace] [  JLink] - JLINK_HasError()  
[2024-Nov-21 10:14:44] [trace] [  JLink] - JLINK_CORESIGHT_ReadAPDPReg(AP reg 0x03)  
[2024-Nov-21 10:14:44] [trace] [  JLink] - Value=0x00000000
[2024-Nov-21 10:14:44] [trace] [  JLink] - - 0.220ms returns 0  
[2024-Nov-21 10:14:44] [trace] [  JLink] - JLINK_HasError()  
[2024-Nov-21 10:14:44] [debug] [SeggerBackend] - read_access_port_register
[2024-Nov-21 10:14:44] [debug] [SeggerBackend] - ---just_read_access_port_register
[2024-Nov-21 10:14:44] [debug] [SeggerBackend] - ---just_select_access_port_register
[2024-Nov-21 10:14:44] [debug] [SeggerBackend] - Select AP 6, DP Bank 0, AP Bank 0
[2024-Nov-21 10:14:44] [trace] [  JLink] - JLINK_CORESIGHT_WriteAPDPReg(DP reg 0x02, 0x06000000)  
[2024-Nov-21 10:14:44] [trace] [  JLink] - - 0.212ms returns 0  
[2024-Nov-21 10:14:44] [trace] [  JLink] - JLINK_HasError()  
[2024-Nov-21 10:14:44] [trace] [  JLink] - JLINK_CORESIGHT_ReadAPDPReg(AP reg 0x00)  
[2024-Nov-21 10:14:44] [trace] [  JLink] - Value=0x00000000
[2024-Nov-21 10:14:44] [trace] [  JLink] - - 0.385ms returns 0  
[2024-Nov-21 10:14:44] [trace] [  JLink] - JLINK_HasError()  
[2024-Nov-21 10:14:44] [debug] [SeggerBackend] - read_access_port_idr
[2024-Nov-21 10:14:44] [debug] [SeggerBackend] - read_access_port_register
[2024-Nov-21 10:14:44] [debug] [SeggerBackend] - ---just_read_access_port_register
[2024-Nov-21 10:14:44] [debug] [SeggerBackend] - ---just_select_access_port_register
[2024-Nov-21 10:14:44] [debug] [SeggerBackend] - Select AP 7, DP Bank 0, AP Bank 15
[2024-Nov-21 10:14:44] [trace] [  JLink] - JLINK_CORESIGHT_WriteAPDPReg(DP reg 0x02, 0x070000F0)  
[2024-Nov-21 10:14:44] [trace] [  JLink] - - 0.222ms returns 0  
[2024-Nov-21 10:14:44] [trace] [  JLink] - JLINK_HasError()  
[2024-Nov-21 10:14:44] [trace] [  JLink] - JLINK_CORESIGHT_ReadAPDPReg(AP reg 0x03)  
[2024-Nov-21 10:14:44] [trace] [  JLink] - Value=0x00000000
[2024-Nov-21 10:14:44] [trace] [  JLink] - - 0.227ms returns 0  
[2024-Nov-21 10:14:44] [trace] [  JLink] - JLINK_HasError()  
[2024-Nov-21 10:14:44] [debug] [SeggerBackend] - read_access_port_register
[2024-Nov-21 10:14:44] [debug] [SeggerBackend] - ---just_read_access_port_register
[2024-Nov-21 10:14:44] [debug] [SeggerBackend] - ---just_select_access_port_register
[2024-Nov-21 10:14:44] [debug] [SeggerBackend] - Select AP 7, DP Bank 0, AP Bank 0
[2024-Nov-21 10:14:44] [trace] [  JLink] - JLINK_CORESIGHT_WriteAPDPReg(DP reg 0x02, 0x07000000)  
[2024-Nov-21 10:14:44] [trace] [  JLink] - - 0.249ms returns 0  
[2024-Nov-21 10:14:44] [trace] [  JLink] - JLINK_HasError()  
[2024-Nov-21 10:14:44] [trace] [  JLink] - JLINK_CORESIGHT_ReadAPDPReg(AP reg 0x00)  
[2024-Nov-21 10:14:44] [trace] [  JLink] - Value=0x00000000
[2024-Nov-21 10:14:44] [trace] [  JLink] - - 0.239ms returns 0  
[2024-Nov-21 10:14:44] [trace] [  JLink] - JLINK_HasError()  
[2024-Nov-21 10:14:44] [debug] [SeggerBackend] - read_access_port_idr
[2024-Nov-21 10:14:44] [debug] [SeggerBackend] - read_access_port_register
[2024-Nov-21 10:14:44] [debug] [SeggerBackend] - ---just_read_access_port_register
[2024-Nov-21 10:14:44] [debug] [SeggerBackend] - ---just_select_access_port_register
[2024-Nov-21 10:14:44] [debug] [SeggerBackend] - Select AP 8, DP Bank 0, AP Bank 15
[2024-Nov-21 10:14:44] [trace] [  JLink] - JLINK_CORESIGHT_WriteAPDPReg(DP reg 0x02, 0x080000F0)  
[2024-Nov-21 10:14:44] [trace] [  JLink] - - 0.206ms returns 0  
[2024-Nov-21 10:14:44] [trace] [  JLink] - JLINK_HasError()  
[2024-Nov-21 10:14:44] [trace] [  JLink] - JLINK_CORESIGHT_ReadAPDPReg(AP reg 0x03)  
[2024-Nov-21 10:14:44] [trace] [  JLink] - Value=0x00000000
[2024-Nov-21 10:14:44] [trace] [  JLink] - - 0.255ms returns 0  
[2024-Nov-21 10:14:44] [trace] [  JLink] - JLINK_HasError()  
[2024-Nov-21 10:14:44] [debug] [SeggerBackend] - read_access_port_register
[2024-Nov-21 10:14:44] [debug] [SeggerBackend] - ---just_read_access_port_register
[2024-Nov-21 10:14:44] [debug] [SeggerBackend] - ---just_select_access_port_register
[2024-Nov-21 10:14:44] [debug] [SeggerBackend] - Select AP 8, DP Bank 0, AP Bank 0
[2024-Nov-21 10:14:44] [trace] [  JLink] - JLINK_CORESIGHT_WriteAPDPReg(DP reg 0x02, 0x08000000)  
[2024-Nov-21 10:14:44] [trace] [  JLink] - - 0.242ms returns 0  
[2024-Nov-21 10:14:44] [trace] [  JLink] - JLINK_HasError()  
[2024-Nov-21 10:14:44] [trace] [  JLink] - JLINK_CORESIGHT_ReadAPDPReg(AP reg 0x00)  
[2024-Nov-21 10:14:44] [trace] [  JLink] - Value=0x00000000
[2024-Nov-21 10:14:44] [trace] [  JLink] - - 0.231ms returns 0  
[2024-Nov-21 10:14:44] [trace] [  JLink] - JLINK_HasError()  
[2024-Nov-21 10:14:44] [debug] [SeggerBackend] - read_access_port_idr
[2024-Nov-21 10:14:44] [debug] [SeggerBackend] - read_access_port_register
[2024-Nov-21 10:14:44] [debug] [SeggerBackend] - ---just_read_access_port_register
[2024-Nov-21 10:14:44] [debug] [SeggerBackend] - ---just_select_access_port_register
[2024-Nov-21 10:14:44] [debug] [SeggerBackend] - Select AP 9, DP Bank 0, AP Bank 15
[2024-Nov-21 10:14:44] [trace] [  JLink] - JLINK_CORESIGHT_WriteAPDPReg(DP reg 0x02, 0x090000F0)  
[2024-Nov-21 10:14:44] [trace] [  JLink] - - 0.195ms returns 0  
[2024-Nov-21 10:14:44] [trace] [  JLink] - JLINK_HasError()  
[2024-Nov-21 10:14:44] [trace] [  JLink] - JLINK_CORESIGHT_ReadAPDPReg(AP reg 0x03)  
[2024-Nov-21 10:14:44] [trace] [  JLink] - Value=0x00000000
[2024-Nov-21 10:14:44] [trace] [  JLink] - - 0.255ms returns 0  
[2024-Nov-21 10:14:44] [trace] [  JLink] - JLINK_HasError()  
[2024-Nov-21 10:14:44] [debug] [SeggerBackend] - read_access_port_register
[2024-Nov-21 10:14:44] [debug] [SeggerBackend] - ---just_read_access_port_register
[2024-Nov-21 10:14:44] [debug] [SeggerBackend] - ---just_select_access_port_register
[2024-Nov-21 10:14:44] [debug] [SeggerBackend] - Select AP 9, DP Bank 0, AP Bank 0
[2024-Nov-21 10:14:44] [trace] [  JLink] - JLINK_CORESIGHT_WriteAPDPReg(DP reg 0x02, 0x09000000)  
[2024-Nov-21 10:14:44] [trace] [  JLink] - - 0.275ms returns 0  
[2024-Nov-21 10:14:44] [trace] [  JLink] - JLINK_HasError()  
[2024-Nov-21 10:14:44] [trace] [  JLink] - JLINK_CORESIGHT_ReadAPDPReg(AP reg 0x00)  
[2024-Nov-21 10:14:44] [trace] [  JLink] - Value=0x00000000
[2024-Nov-21 10:14:44] [trace] [  JLink] - - 0.256ms returns 0  
[2024-Nov-21 10:14:44] [trace] [  JLink] - JLINK_HasError()  
[2024-Nov-21 10:14:44] [debug] [SeggerBackend] - read_access_port_idr
[2024-Nov-21 10:14:44] [debug] [SeggerBackend] - read_access_port_register
[2024-Nov-21 10:14:44] [debug] [SeggerBackend] - ---just_read_access_port_register
[2024-Nov-21 10:14:44] [debug] [SeggerBackend] - ---just_select_access_port_register
[2024-Nov-21 10:14:44] [debug] [SeggerBackend] - Select AP 10, DP Bank 0, AP Bank 15
[2024-Nov-21 10:14:44] [trace] [  JLink] - JLINK_CORESIGHT_WriteAPDPReg(DP reg 0x02, 0x0A0000F0)  
[2024-Nov-21 10:14:44] [trace] [  JLink] - - 0.187ms returns 0  
[2024-Nov-21 10:14:44] [trace] [  JLink] - JLINK_HasError()  
[2024-Nov-21 10:14:44] [trace] [  JLink] - JLINK_CORESIGHT_ReadAPDPReg(AP reg 0x03)  
[2024-Nov-21 10:14:44] [trace] [  JLink] - Value=0x00000000
[2024-Nov-21 10:14:44] [trace] [  JLink] - - 0.212ms returns 0  
[2024-Nov-21 10:14:44] [trace] [  JLink] - JLINK_HasError()  
[2024-Nov-21 10:14:44] [debug] [ Client] - recover
[2024-Nov-21 10:14:44] [debug] [SeggerBackend] - read_access_port_register
[2024-Nov-21 10:14:44] [debug] [SeggerBackend] - ---just_read_access_port_register
[2024-Nov-21 10:14:44] [debug] [SeggerBackend] - ---just_select_access_port_register
[2024-Nov-21 10:14:44] [debug] [SeggerBackend] - Select AP 10, DP Bank 0, AP Bank 0
[2024-Nov-21 10:14:44] [trace] [  JLink] - JLINK_CORESIGHT_WriteAPDPReg(DP reg 0x02, 0x0A000000)  
[2024-Nov-21 10:14:44] [trace] [  JLink] - - 0.198ms returns 0  
[2024-Nov-21 10:14:44] [trace] [  JLink] - JLINK_HasError()  
[2024-Nov-21 10:14:44] [trace] [  JLink] - JLINK_CORESIGHT_ReadAPDPReg(AP reg 0x00)  
[2024-Nov-21 10:14:44] [trace] [  JLink] - Value=0x00000000
[2024-Nov-21 10:14:44] [trace] [  JLink] - - 0.361ms returns 0  
[2024-Nov-21 10:14:44] [trace] [  JLink] - JLINK_HasError()  
[2024-Nov-21 10:14:44] [debug] [SeggerBackend] - read_access_port_idr
[2024-Nov-21 10:14:44] [debug] [SeggerBackend] - read_access_port_register
[2024-Nov-21 10:14:44] [debug] [SeggerBackend] - ---just_read_access_port_register
[2024-Nov-21 10:14:44] [debug] [SeggerBackend] - ---just_select_access_port_register
[2024-Nov-21 10:14:44] [debug] [SeggerBackend] - Select AP 11, DP Bank 0, AP Bank 15
[2024-Nov-21 10:14:44] [trace] [  JLink] - JLINK_CORESIGHT_WriteAPDPReg(DP reg 0x02, 0x0B0000F0)  
[2024-Nov-21 10:14:44] [trace] [  JLink] - - 0.210ms returns 0  
[2024-Nov-21 10:14:44] [trace] [  JLink] - JLINK_HasError()  
[2024-Nov-21 10:14:44] [trace] [  JLink] - JLINK_CORESIGHT_ReadAPDPReg(AP reg 0x03)  
[2024-Nov-21 10:14:44] [trace] [  JLink] - Value=0x00000000
[2024-Nov-21 10:14:44] [trace] [  JLink] - - 0.237ms returns 0  
[2024-Nov-21 10:14:44] [trace] [  JLink] - JLINK_HasError()  
[2024-Nov-21 10:14:44] [debug] [SeggerBackend] - read_access_port_register
[2024-Nov-21 10:14:44] [debug] [SeggerBackend] - ---just_read_access_port_register
[2024-Nov-21 10:14:44] [debug] [SeggerBackend] - ---just_select_access_port_register
[2024-Nov-21 10:14:44] [debug] [SeggerBackend] - Select AP 11, DP Bank 0, AP Bank 0
[2024-Nov-21 10:14:44] [trace] [  JLink] - JLINK_CORESIGHT_WriteAPDPReg(DP reg 0x02, 0x0B000000)  
[2024-Nov-21 10:14:44] [trace] [  JLink] - - 0.212ms returns 0  
[2024-Nov-21 10:14:44] [trace] [  JLink] - JLINK_HasError()  
[2024-Nov-21 10:14:44] [trace] [  JLink] - JLINK_CORESIGHT_ReadAPDPReg(AP reg 0x00)  
[2024-Nov-21 10:14:44] [trace] [  JLink] - Value=0x00000000
[2024-Nov-21 10:14:44] [trace] [  JLink] - - 0.345ms returns 0  
[2024-Nov-21 10:14:44] [trace] [  JLink] - JLINK_HasError()  
[2024-Nov-21 10:14:44] [debug] [SeggerBackend] - read_access_port_idr
[2024-Nov-21 10:14:44] [debug] [SeggerBackend] - read_access_port_register
[2024-Nov-21 10:14:44] [debug] [SeggerBackend] - ---just_read_access_port_register
[2024-Nov-21 10:14:44] [debug] [SeggerBackend] - ---just_select_access_port_register
[2024-Nov-21 10:14:44] [debug] [SeggerBackend] - Select AP 12, DP Bank 0, AP Bank 15
[2024-Nov-21 10:14:44] [trace] [  JLink] - JLINK_CORESIGHT_WriteAPDPReg(DP reg 0x02, 0x0C0000F0)  
[2024-Nov-21 10:14:44] [trace] [  JLink] - - 0.197ms returns 0  
[2024-Nov-21 10:14:44] [trace] [  JLink] - JLINK_HasError()  
[2024-Nov-21 10:14:44] [trace] [  JLink] - JLINK_CORESIGHT_ReadAPDPReg(AP reg 0x03)  
[2024-Nov-21 10:14:44] [trace] [  JLink] - Value=0x00000000
[2024-Nov-21 10:14:44] [trace] [  JLink] - - 0.206ms returns 0  
[2024-Nov-21 10:14:44] [trace] [  JLink] - JLINK_HasError()  
[2024-Nov-21 10:14:44] [debug] [SeggerBackend] - read_access_port_register
[2024-Nov-21 10:14:44] [debug] [SeggerBackend] - ---just_read_access_port_register
[2024-Nov-21 10:14:44] [debug] [SeggerBackend] - ---just_select_access_port_register
[2024-Nov-21 10:14:44] [debug] [SeggerBackend] - Select AP 12, DP Bank 0, AP Bank 0
[2024-Nov-21 10:14:44] [trace] [  JLink] - JLINK_CORESIGHT_WriteAPDPReg(DP reg 0x02, 0x0C000000)  
[2024-Nov-21 10:14:44] [trace] [  JLink] - - 0.188ms returns 0  
[2024-Nov-21 10:14:44] [trace] [  JLink] - JLINK_HasError()  
[2024-Nov-21 10:14:44] [trace] [  JLink] - JLINK_CORESIGHT_ReadAPDPReg(AP reg 0x00)  
[2024-Nov-21 10:14:44] [trace] [  JLink] - Value=0x00000000
[2024-Nov-21 10:14:44] [trace] [  JLink] - - 0.350ms returns 0  
[2024-Nov-21 10:14:44] [trace] [  JLink] - JLINK_HasError()  
[2024-Nov-21 10:14:44] [debug] [SeggerBackend] - read_access_port_idr
[2024-Nov-21 10:14:44] [debug] [SeggerBackend] - read_access_port_register
[2024-Nov-21 10:14:44] [debug] [SeggerBackend] - ---just_read_access_port_register
[2024-Nov-21 10:14:44] [debug] [SeggerBackend] - ---just_select_access_port_register
[2024-Nov-21 10:14:44] [debug] [SeggerBackend] - Select AP 13, DP Bank 0, AP Bank 15
[2024-Nov-21 10:14:44] [trace] [  JLink] - JLINK_CORESIGHT_WriteAPDPReg(DP reg 0x02, 0x0D0000F0)  
[2024-Nov-21 10:14:44] [trace] [  JLink] - - 0.182ms returns 0  
[2024-Nov-21 10:14:44] [trace] [  JLink] - JLINK_HasError()  
[2024-Nov-21 10:14:44] [trace] [  JLink] - JLINK_CORESIGHT_ReadAPDPReg(AP reg 0x03)  
[2024-Nov-21 10:14:44] [trace] [  JLink] - Value=0x00000000
[2024-Nov-21 10:14:44] [trace] [  JLink] - - 0.226ms returns 0  
[2024-Nov-21 10:14:44] [trace] [  JLink] - JLINK_HasError()  
[2024-Nov-21 10:14:44] [debug] [SeggerBackend] - read_access_port_register
[2024-Nov-21 10:14:44] [debug] [SeggerBackend] - ---just_read_access_port_register
[2024-Nov-21 10:14:44] [debug] [SeggerBackend] - ---just_select_access_port_register
[2024-Nov-21 10:14:44] [debug] [SeggerBackend] - Select AP 13, DP Bank 0, AP Bank 0
[2024-Nov-21 10:14:44] [trace] [  JLink] - JLINK_CORESIGHT_WriteAPDPReg(DP reg 0x02, 0x0D000000)  
[2024-Nov-21 10:14:44] [trace] [  JLink] - - 0.218ms returns 0  
[2024-Nov-21 10:14:44] [trace] [  JLink] - JLINK_HasError()  
[2024-Nov-21 10:14:44] [trace] [  JLink] - JLINK_CORESIGHT_ReadAPDPReg(AP reg 0x00)  
[2024-Nov-21 10:14:44] [trace] [  JLink] - Value=0x00000000
[2024-Nov-21 10:14:44] [trace] [  JLink] - - 0.329ms returns 0  
[2024-Nov-21 10:14:44] [trace] [  JLink] - JLINK_HasError()  
[2024-Nov-21 10:14:44] [debug] [SeggerBackend] - read_access_port_idr
[2024-Nov-21 10:14:44] [debug] [SeggerBackend] - read_access_port_register
[2024-Nov-21 10:14:44] [debug] [SeggerBackend] - ---just_read_access_port_register
[2024-Nov-21 10:14:44] [debug] [SeggerBackend] - ---just_select_access_port_register
[2024-Nov-21 10:14:44] [debug] [SeggerBackend] - Select AP 14, DP Bank 0, AP Bank 15
[2024-Nov-21 10:14:44] [trace] [  JLink] - JLINK_CORESIGHT_WriteAPDPReg(DP reg 0x02, 0x0E0000F0)  
[2024-Nov-21 10:14:44] [trace] [  JLink] - - 0.204ms returns 0  
[2024-Nov-21 10:14:44] [trace] [  JLink] - JLINK_HasError()  
[2024-Nov-21 10:14:44] [trace] [  JLink] - JLINK_CORESIGHT_ReadAPDPReg(AP reg 0x03)  
[2024-Nov-21 10:14:44] [trace] [  JLink] - Value=0x00000000
[2024-Nov-21 10:14:44] [trace] [  JLink] - - 0.213ms returns 0  
[2024-Nov-21 10:14:44] [trace] [  JLink] - JLINK_HasError()  
[2024-Nov-21 10:14:44] [debug] [SeggerBackend] - read_access_port_register
[2024-Nov-21 10:14:44] [debug] [SeggerBackend] - ---just_read_access_port_register
[2024-Nov-21 10:14:44] [debug] [SeggerBackend] - ---just_select_access_port_register
[2024-Nov-21 10:14:44] [debug] [SeggerBackend] - Select AP 14, DP Bank 0, AP Bank 0
[2024-Nov-21 10:14:44] [trace] [  JLink] - JLINK_CORESIGHT_WriteAPDPReg(DP reg 0x02, 0x0E000000)  
[2024-Nov-21 10:14:44] [trace] [  JLink] - - 0.212ms returns 0  
[2024-Nov-21 10:14:44] [trace] [  JLink] - JLINK_HasError()  
[2024-Nov-21 10:14:44] [trace] [  JLink] - JLINK_CORESIGHT_ReadAPDPReg(AP reg 0x00)  
[2024-Nov-21 10:14:45] [trace] [  JLink] - Value=0x00000000
[2024-Nov-21 10:14:45] [trace] [  JLink] - - 0.369ms returns 0  
[2024-Nov-21 10:14:45] [trace] [  JLink] - JLINK_HasError()  
[2024-Nov-21 10:14:45] [debug] [SeggerBackend] - read_access_port_idr
[2024-Nov-21 10:14:45] [debug] [SeggerBackend] - read_access_port_register
[2024-Nov-21 10:14:45] [debug] [SeggerBackend] - ---just_read_access_port_register
[2024-Nov-21 10:14:45] [debug] [SeggerBackend] - ---just_select_access_port_register
[2024-Nov-21 10:14:45] [debug] [SeggerBackend] - Select AP 15, DP Bank 0, AP Bank 15
[2024-Nov-21 10:14:45] [trace] [  JLink] - JLINK_CORESIGHT_WriteAPDPReg(DP reg 0x02, 0x0F0000F0)  
[2024-Nov-21 10:14:45] [trace] [  JLink] - - 0.262ms returns 0  
[2024-Nov-21 10:14:45] [trace] [  JLink] - JLINK_HasError()  
[2024-Nov-21 10:14:45] [trace] [  JLink] - JLINK_CORESIGHT_ReadAPDPReg(AP reg 0x03)  
[2024-Nov-21 10:14:45] [trace] [  JLink] - Value=0x00000000
[2024-Nov-21 10:14:45] [trace] [  JLink] - - 0.220ms returns 0  
[2024-Nov-21 10:14:45] [trace] [  JLink] - JLINK_HasError()  
[2024-Nov-21 10:14:45] [debug] [SeggerBackend] - read_access_port_register
[2024-Nov-21 10:14:45] [debug] [SeggerBackend] - ---just_read_access_port_register
[2024-Nov-21 10:14:45] [debug] [SeggerBackend] - ---just_select_access_port_register
[2024-Nov-21 10:14:45] [debug] [SeggerBackend] - Select AP 15, DP Bank 0, AP Bank 0
[2024-Nov-21 10:14:45] [trace] [  JLink] - JLINK_CORESIGHT_WriteAPDPReg(DP reg 0x02, 0x0F000000)  
[2024-Nov-21 10:14:45] [trace] [  JLink] - - 0.210ms returns 0  
[2024-Nov-21 10:14:45] [trace] [  JLink] - JLINK_HasError()  
[2024-Nov-21 10:14:45] [trace] [  JLink] - JLINK_CORESIGHT_ReadAPDPReg(AP reg 0x00)  
[2024-Nov-21 10:14:45] [trace] [  JLink] - Value=0x00000000
[2024-Nov-21 10:14:45] [trace] [  JLink] - - 0.247ms returns 0  
[2024-Nov-21 10:14:45] [trace] [  JLink] - JLINK_HasError()  
[2024-Nov-21 10:14:45] [debug] [SeggerBackend] - read_access_port_idr
[2024-Nov-21 10:14:45] [debug] [SeggerBackend] - read_access_port_register
[2024-Nov-21 10:14:45] [debug] [SeggerBackend] - ---just_read_access_port_register
[2024-Nov-21 10:14:45] [debug] [SeggerBackend] - ---just_select_access_port_register
[2024-Nov-21 10:14:45] [debug] [SeggerBackend] - Select AP 16, DP Bank 0, AP Bank 15
[2024-Nov-21 10:14:45] [trace] [  JLink] - JLINK_CORESIGHT_WriteAPDPReg(DP reg 0x02, 0x100000F0)  
[2024-Nov-21 10:14:45] [trace] [  JLink] - - 0.201ms returns 0  
[2024-Nov-21 10:14:45] [trace] [  JLink] - JLINK_HasError()  
[2024-Nov-21 10:14:45] [trace] [  JLink] - JLINK_CORESIGHT_ReadAPDPReg(AP reg 0x03)  
[2024-Nov-21 10:14:45] [trace] [  JLink] - Value=0x00000000
[2024-Nov-21 10:14:45] [trace] [  JLink] - - 0.230ms returns 0  
[2024-Nov-21 10:14:45] [trace] [  JLink] - JLINK_HasError()  
[2024-Nov-21 10:14:45] [debug] [SeggerBackend] - read_access_port_register
[2024-Nov-21 10:14:45] [debug] [SeggerBackend] - ---just_read_access_port_register
[2024-Nov-21 10:14:45] [debug] [SeggerBackend] - ---just_select_access_port_register
[2024-Nov-21 10:14:45] [debug] [SeggerBackend] - Select AP 16, DP Bank 0, AP Bank 0
[2024-Nov-21 10:14:45] [trace] [  JLink] - JLINK_CORESIGHT_WriteAPDPReg(DP reg 0x02, 0x10000000)  
[2024-Nov-21 10:14:45] [trace] [  JLink] - - 0.206ms returns 0  
[2024-Nov-21 10:14:45] [trace] [  JLink] - JLINK_HasError()  
[2024-Nov-21 10:14:45] [trace] [  JLink] - JLINK_CORESIGHT_ReadAPDPReg(AP reg 0x00)  
[2024-Nov-21 10:14:45] [trace] [  JLink] - Value=0x00000000
[2024-Nov-21 10:14:45] [trace] [  JLink] - - 0.366ms returns 0  
[2024-Nov-21 10:14:45] [trace] [  JLink] - JLINK_HasError()  
[2024-Nov-21 10:14:45] [debug] [SeggerBackend] - read_access_port_idr
[2024-Nov-21 10:14:45] [debug] [SeggerBackend] - read_access_port_register
[2024-Nov-21 10:14:45] [debug] [SeggerBackend] - ---just_read_access_port_register
[2024-Nov-21 10:14:45] [debug] [SeggerBackend] - ---just_select_access_port_register
[2024-Nov-21 10:14:45] [debug] [SeggerBackend] - Select AP 17, DP Bank 0, AP Bank 15
[2024-Nov-21 10:14:45] [trace] [  JLink] - JLINK_CORESIGHT_WriteAPDPReg(DP reg 0x02, 0x110000F0)  
[2024-Nov-21 10:14:45] [trace] [  JLink] - - 0.187ms returns 0  
[2024-Nov-21 10:14:45] [trace] [  JLink] - JLINK_HasError()  
[2024-Nov-21 10:14:45] [trace] [  JLink] - JLINK_CORESIGHT_ReadAPDPReg(AP reg 0x03)  
[2024-Nov-21 10:14:45] [trace] [  JLink] - Value=0x00000000
[2024-Nov-21 10:14:45] [trace] [  JLink] - - 0.231ms returns 0  
[2024-Nov-21 10:14:45] [trace] [  JLink] - JLINK_HasError()  
[2024-Nov-21 10:14:45] [debug] [SeggerBackend] - read_access_port_register
[2024-Nov-21 10:14:45] [debug] [SeggerBackend] - ---just_read_access_port_register
[2024-Nov-21 10:14:45] [debug] [SeggerBackend] - ---just_select_access_port_register
[2024-Nov-21 10:14:45] [debug] [SeggerBackend] - Select AP 17, DP Bank 0, AP Bank 0
[2024-Nov-21 10:14:45] [trace] [  JLink] - JLINK_CORESIGHT_WriteAPDPReg(DP reg 0x02, 0x11000000)  
[2024-Nov-21 10:14:45] [trace] [  JLink] - - 0.290ms returns 0  
[2024-Nov-21 10:14:45] [trace] [  JLink] - JLINK_HasError()  
[2024-Nov-21 10:14:45] [trace] [  JLink] - JLINK_CORESIGHT_ReadAPDPReg(AP reg 0x00)  
[2024-Nov-21 10:14:45] [trace] [  JLink] - Value=0x00000000
[2024-Nov-21 10:14:45] [trace] [  JLink] - - 0.256ms returns 0  
[2024-Nov-21 10:14:45] [trace] [  JLink] - JLINK_HasError()  
[2024-Nov-21 10:14:45] [debug] [SeggerBackend] - read_access_port_register
[2024-Nov-21 10:14:45] [debug] [SeggerBackend] - ---just_read_access_port_register
[2024-Nov-21 10:14:45] [debug] [SeggerBackend] - ---just_select_access_port_register
[2024-Nov-21 10:14:45] [debug] [SeggerBackend] - Select AP 2, DP Bank 0, AP Bank 3
[2024-Nov-21 10:14:45] [trace] [  JLink] - JLINK_CORESIGHT_WriteAPDPReg(DP reg 0x02, 0x02000030)  
[2024-Nov-21 10:14:45] [trace] [  JLink] - - 0.202ms returns 0  
[2024-Nov-21 10:14:45] [trace] [  JLink] - JLINK_HasError()  
[2024-Nov-21 10:14:45] [trace] [  JLink] - JLINK_CORESIGHT_ReadAPDPReg(AP reg 0x00)  
[2024-Nov-21 10:14:45] [trace] [  JLink] - Value=0x00000007
[2024-Nov-21 10:14:45] [trace] [  JLink] - - 0.219ms returns 0  
[2024-Nov-21 10:14:45] [trace] [  JLink] - JLINK_HasError()  
[2024-Nov-21 10:14:45] [ info] [  nRFXX] - Discovered device from family NRF53.
[2024-Nov-21 10:14:45] [trace] [  JLink] - - 0.235ms  
[2024-Nov-21 10:14:45] [debug] [  nRF53] - Just_load_coprocessor_data
[2024-Nov-21 10:14:45] [debug] [SeggerBackend] - set_core_data
[2024-Nov-21 10:14:45] [debug] [SeggerBackend] - Set core data:
[2024-Nov-21 10:14:45] [debug] [SeggerBackend] -   Device ID: Cortex-M33
[2024-Nov-21 10:14:45] [debug] [SeggerBackend] -   Expected core: 235012351
[2024-Nov-21 10:14:45] [debug] [SeggerBackend] -   Existing Expected core: 4294967295
[2024-Nov-21 10:14:45] [debug] [SeggerBackend] -   Coprocessor: APPLICATION
[2024-Nov-21 10:14:45] [debug] [SeggerBackend] -   AHB AP index: 0
[2024-Nov-21 10:14:45] [debug] [SeggerBackend] -   Core base address: 4294967295
[2024-Nov-21 10:14:45] [debug] [SeggerBackend] - ---set_coresight_ahb_ap_index
[2024-Nov-21 10:14:45] [trace] [  JLink] - JLINK_ExecCommand("CORESIGHT_SetIndexAHBAPToUse = 0", ...).   
[2024-Nov-21 10:14:45] [trace] [  JLink] - - 0.000ms returns 0x00  
[2024-Nov-21 10:14:45] [trace] [  JLink] - JLINK_HasError()  
[2024-Nov-21 10:14:45] [trace] [  JLink] - JLINK_ExecCommand("device = Cortex-M33", ...).   
[2024-Nov-21 10:14:45] [trace] [  JLink] - Device "CORTEX-M33" selected.
[2024-Nov-21 10:14:45] [trace] [  JLink] - Device "CORTEX-M33" selected.
[2024-Nov-21 10:14:45] [trace] [  JLink] - - 8.782ms returns 0x00  
[2024-Nov-21 10:14:45] [trace] [  JLink] - JLINK_HasError()  
[2024-Nov-21 10:14:45] [trace] [ Worker] - Command connect_to_emu_with_snr executed for 151 milliseconds with result 0
[2024-Nov-21 10:14:45] [debug] [  nRF53] - read_connected_emu_snr
[2024-Nov-21 10:14:45] [debug] [SeggerBackend] - is_connected_to_emu
[2024-Nov-21 10:14:45] [trace] [  JLink] - JLINK_IsOpen()  
[2024-Nov-21 10:14:45] [trace] [  JLink] - - 0.008ms returns 0x01  
[2024-Nov-21 10:14:45] [trace] [  JLink] - JLINK_HasError()  
[2024-Nov-21 10:14:45] [trace] [  JLink] - JLINK_Lock()  
[2024-Nov-21 10:14:45] [debug] [SeggerBackend] - read_connected_emu_snr
[2024-Nov-21 10:14:45] [trace] [  JLink] - - 0.006ms  
[2024-Nov-21 10:14:45] [trace] [ Worker] - Command read_connected_emu_snr executed for 0 milliseconds with result 0
[2024-Nov-21 10:14:45] [debug] [  nRF53] - read_device_family
[2024-Nov-21 10:14:45] [trace] [ Worker] - Command read_device_family executed for 0 milliseconds with result 0
[2024-Nov-21 10:14:45] [debug] [  nRF53] - Just_load_coprocessor_data
[2024-Nov-21 10:14:45] [debug] [SeggerBackend] - set_core_data
[2024-Nov-21 10:14:45] [debug] [SeggerBackend] - Set core data:
[2024-Nov-21 10:14:45] [debug] [SeggerBackend] -   Device ID: Cortex-M33
[2024-Nov-21 10:14:45] [debug] [SeggerBackend] -   Expected core: 235012351
[2024-Nov-21 10:14:45] [debug] [SeggerBackend] -   Existing Expected core: 235012351
[2024-Nov-21 10:14:45] [debug] [SeggerBackend] -   Coprocessor: APPLICATION
[2024-Nov-21 10:14:45] [debug] [SeggerBackend] -   AHB AP index: 0
[2024-Nov-21 10:14:45] [debug] [SeggerBackend] -   Core base address: 4294967295
[2024-Nov-21 10:14:45] [trace] [ Worker] - Command select_family executed for 0 milliseconds with result 0
[2024-Nov-21 10:14:45] [debug] [  nRF53] - recover
[2024-Nov-21 10:14:45] [debug] [SeggerBackend] - is_connected_to_emu
[2024-Nov-21 10:14:45] [trace] [  JLink] - JLINK_IsOpen()  
[2024-Nov-21 10:14:45] [trace] [  JLink] - - 0.003ms returns 0x01  
[2024-Nov-21 10:14:45] [trace] [  JLink] - JLINK_HasError()  
[2024-Nov-21 10:14:45] [trace] [  JLink] - JLINK_Lock()  
[2024-Nov-21 10:14:45] [debug] [SeggerBackend] - is_connected_to_emu
[2024-Nov-21 10:14:45] [debug] [  nRF53] - just_recover
[2024-Nov-21 10:14:45] [debug] [  nRF53] - Just_is_eraseprotect_enabled
[2024-Nov-21 10:14:45] [debug] [SeggerBackend] - read_access_port_register
[2024-Nov-21 10:14:45] [debug] [SeggerBackend] - ---just_read_access_port_register
[2024-Nov-21 10:14:45] [debug] [SeggerBackend] - ---just_is_debug_region_powered
[2024-Nov-21 10:14:45] [debug] [SeggerBackend] - ---just_read_debug_port_register
[2024-Nov-21 10:14:45] [debug] [SeggerBackend] - ---just_select_debug_port_register
[2024-Nov-21 10:14:45] [debug] [SeggerBackend] - Select AP 255, DP Bank 0, AP Bank 255
[2024-Nov-21 10:14:45] [trace] [  JLink] - JLINK_CORESIGHT_WriteAPDPReg(DP reg 0x02, 0x00000000)  
[2024-Nov-21 10:14:45] [trace] [  JLink] - - 0.321ms returns 0  
[2024-Nov-21 10:14:45] [trace] [  JLink] - JLINK_HasError()  
[2024-Nov-21 10:14:45] [trace] [  JLink] - JLINK_CORESIGHT_ReadAPDPReg(DP reg 0x01)  
[2024-Nov-21 10:14:45] [trace] [  JLink] - Value=0xF0000040
[2024-Nov-21 10:14:45] [trace] [  JLink] - - 0.188ms returns 0  
[2024-Nov-21 10:14:45] [trace] [  JLink] - JLINK_HasError()  
[2024-Nov-21 10:14:45] [debug] [SeggerBackend] - ---just_select_access_port_register
[2024-Nov-21 10:14:45] [debug] [SeggerBackend] - Select AP 2, DP Bank 0, AP Bank 1
[2024-Nov-21 10:14:45] [trace] [  JLink] - JLINK_CORESIGHT_WriteAPDPReg(DP reg 0x02, 0x02000010)  
[2024-Nov-21 10:14:45] [trace] [  JLink] - - 0.177ms returns 0  
[2024-Nov-21 10:14:45] [trace] [  JLink] - JLINK_HasError()  
[2024-Nov-21 10:14:45] [trace] [  JLink] - JLINK_CORESIGHT_ReadAPDPReg(AP reg 0x02)  
[2024-Nov-21 10:14:45] [trace] [  JLink] - Value=0x00000001
[2024-Nov-21 10:14:45] [trace] [  JLink] - - 0.202ms returns 0  
[2024-Nov-21 10:14:45] [trace] [  JLink] - JLINK_HasError()  
[2024-Nov-21 10:14:45] [debug] [  nRF53] - Eraseaprotect is disabled
[2024-Nov-21 10:14:45] [debug] [  nRF53] - Just_disable_accessportprotect
[2024-Nov-21 10:14:45] [debug] [SeggerBackend] - write_access_port_register
[2024-Nov-21 10:14:45] [debug] [SeggerBackend] - ---just_write_access_port_register
[2024-Nov-21 10:14:45] [debug] [SeggerBackend] - ---just_select_access_port_register
[2024-Nov-21 10:14:45] [debug] [SeggerBackend] - Select AP 2, DP Bank 0, AP Bank 0
[2024-Nov-21 10:14:45] [trace] [  JLink] - JLINK_CORESIGHT_WriteAPDPReg(DP reg 0x02, 0x02000000)  
[2024-Nov-21 10:14:45] [trace] [  JLink] - - 0.213ms returns 0  
[2024-Nov-21 10:14:45] [trace] [  JLink] - JLINK_HasError()  
[2024-Nov-21 10:14:45] [trace] [  JLink] - JLINK_CORESIGHT_WriteAPDPReg(AP reg 0x01, 0x00000001)  
[2024-Nov-21 10:14:45] [trace] [  JLink] - - 0.175ms returns 0  
[2024-Nov-21 10:14:45] [trace] [  JLink] - JLINK_HasError()  
[2024-Nov-21 10:14:45] [debug] [SeggerBackend] - read_access_port_register
[2024-Nov-21 10:14:45] [debug] [SeggerBackend] - ---just_read_access_port_register
[2024-Nov-21 10:14:45] [debug] [SeggerBackend] - ---just_select_access_port_register
[2024-Nov-21 10:14:45] [trace] [  JLink] - JLINK_CORESIGHT_ReadAPDPReg(AP reg 0x02)  
[2024-Nov-21 10:14:45] [trace] [  JLink] - Value=0x00000001
[2024-Nov-21 10:14:45] [trace] [  JLink] - - 0.492ms returns 0  
[2024-Nov-21 10:14:45] [trace] [  JLink] - JLINK_HasError()  
[2024-Nov-21 10:14:46] [debug] [SeggerBackend] - read_access_port_register
[2024-Nov-21 10:14:46] [debug] [SeggerBackend] - ---just_read_access_port_register
[2024-Nov-21 10:14:46] [debug] [SeggerBackend] - ---just_select_access_port_register
[2024-Nov-21 10:14:46] [trace] [  JLink] - JLINK_CORESIGHT_ReadAPDPReg(AP reg 0x02)  
[2024-Nov-21 10:14:46] [trace] [  JLink] - Value=0x00000000
[2024-Nov-21 10:14:46] [trace] [  JLink] - - 0.638ms returns 0  
[2024-Nov-21 10:14:46] [trace] [  JLink] - JLINK_HasError()  
[2024-Nov-21 10:14:46] [debug] [  nRF53] - Just_read_device_version
[2024-Nov-21 10:14:46] [debug] [SeggerBackend] - read_access_port_register
[2024-Nov-21 10:14:46] [debug] [SeggerBackend] - ---just_read_access_port_register
[2024-Nov-21 10:14:46] [debug] [SeggerBackend] - ---just_select_access_port_register
[2024-Nov-21 10:14:46] [debug] [SeggerBackend] - Select AP 2, DP Bank 0, AP Bank 3
[2024-Nov-21 10:14:46] [trace] [  JLink] - JLINK_CORESIGHT_WriteAPDPReg(DP reg 0x02, 0x02000030)  
[2024-Nov-21 10:14:46] [trace] [  JLink] - - 0.552ms returns 0  
[2024-Nov-21 10:14:46] [trace] [  JLink] - JLINK_HasError()  
[2024-Nov-21 10:14:46] [trace] [  JLink] - JLINK_CORESIGHT_ReadAPDPReg(AP reg 0x00)  
[2024-Nov-21 10:14:46] [trace] [  JLink] - Value=0x00000007
[2024-Nov-21 10:14:46] [trace] [  JLink] - - 0.460ms returns 0  
[2024-Nov-21 10:14:46] [trace] [  JLink] - JLINK_HasError()  
[2024-Nov-21 10:14:46] [debug] [SeggerBackend] - read_access_port_register
[2024-Nov-21 10:14:46] [debug] [SeggerBackend] - ---just_read_access_port_register
[2024-Nov-21 10:14:46] [debug] [SeggerBackend] - ---just_select_access_port_register
[2024-Nov-21 10:14:46] [trace] [  JLink] - JLINK_CORESIGHT_ReadAPDPReg(AP reg 0x01)  
[2024-Nov-21 10:14:46] [trace] [  JLink] - Value=0x00000005
[2024-Nov-21 10:14:46] [trace] [  JLink] - - 0.425ms returns 0  
[2024-Nov-21 10:14:46] [trace] [  JLink] - JLINK_HasError()  
[2024-Nov-21 10:14:46] [debug] [  nRF53] - Just_decode_device_version
[2024-Nov-21 10:14:46] [debug] [  nRF53] - Device identified as NRF5340_xxAA_REV1
[2024-Nov-21 10:14:46] [debug] [  nRF53] - Just_debug_reset_coprocessor
[2024-Nov-21 10:14:46] [debug] [SeggerBackend] - write_access_port_register
[2024-Nov-21 10:14:46] [debug] [SeggerBackend] - ---just_write_access_port_register
[2024-Nov-21 10:14:46] [debug] [SeggerBackend] - ---just_select_access_port_register
[2024-Nov-21 10:14:46] [debug] [SeggerBackend] - Select AP 2, DP Bank 0, AP Bank 0
[2024-Nov-21 10:14:46] [trace] [  JLink] - JLINK_CORESIGHT_WriteAPDPReg(DP reg 0x02, 0x02000000)  
[2024-Nov-21 10:14:46] [trace] [  JLink] - - 2.039ms returns 0  
[2024-Nov-21 10:14:46] [trace] [  JLink] - JLINK_HasError()  
[2024-Nov-21 10:14:46] [trace] [  JLink] - JLINK_CORESIGHT_WriteAPDPReg(AP reg 0x00, 0x00000001)  
[2024-Nov-21 10:14:46] [trace] [  JLink] - - 10.665ms returns 0  
[2024-Nov-21 10:14:46] [trace] [  JLink] - JLINK_HasError()  
[2024-Nov-21 10:14:46] [debug] [SeggerBackend] - write_access_port_register
[2024-Nov-21 10:14:46] [debug] [SeggerBackend] - ---just_write_access_port_register
[2024-Nov-21 10:14:46] [debug] [SeggerBackend] - ---just_select_access_port_register
[2024-Nov-21 10:14:46] [trace] [  JLink] - JLINK_CORESIGHT_WriteAPDPReg(AP reg 0x00, 0x00000000)  
[2024-Nov-21 10:14:46] [trace] [  JLink] - - 3.025ms returns 0  
[2024-Nov-21 10:14:46] [trace] [  JLink] - JLINK_HasError()  
[2024-Nov-21 10:14:46] [debug] [  nRF53] - Just_readback_status
[2024-Nov-21 10:14:46] [debug] [SeggerBackend] - read_access_port_register
[2024-Nov-21 10:14:46] [debug] [SeggerBackend] - ---just_read_access_port_register
[2024-Nov-21 10:14:46] [debug] [SeggerBackend] - ---just_select_access_port_register
[2024-Nov-21 10:14:46] [debug] [SeggerBackend] - Select AP 0, DP Bank 0, AP Bank 0
[2024-Nov-21 10:14:46] [trace] [  JLink] - JLINK_CORESIGHT_WriteAPDPReg(DP reg 0x02, 0x00000000)  
[2024-Nov-21 10:14:46] [trace] [  JLink] - - 1.549ms returns 0  
[2024-Nov-21 10:14:46] [trace] [  JLink] - JLINK_HasError()  
[2024-Nov-21 10:14:46] [trace] [  JLink] - JLINK_CORESIGHT_ReadAPDPReg(AP reg 0x00)  
[2024-Nov-21 10:14:46] [trace] [  JLink] - Value=0x43800042
[2024-Nov-21 10:14:46] [trace] [  JLink] - - 0.359ms returns 0  
[2024-Nov-21 10:14:46] [trace] [  JLink] - JLINK_HasError()  
[2024-Nov-21 10:14:46] [debug] [  nRF53] - Protection status for ahb-ap 0 read as NONE
[2024-Nov-21 10:14:46] [debug] [SeggerBackend] - halt
[2024-Nov-21 10:14:46] [debug] [SeggerBackend] - ---just_connect_to_device
[2024-Nov-21 10:14:46] [debug] [SeggerBackend] - is_connected_to_device
[2024-Nov-21 10:14:46] [debug] [  nRF53] - Just_enable_coprocessor
[2024-Nov-21 10:14:46] [debug] [SeggerBackend] - ---set_coresight_ahb_ap_index
[2024-Nov-21 10:14:46] [trace] [  JLink] - JLINK_ExecCommand("CORESIGHT_SetIndexAHBAPToUse = 0", ...).   
[2024-Nov-21 10:14:46] [trace] [  JLink] - - 0.001ms returns 0x00  
[2024-Nov-21 10:14:46] [trace] [  JLink] - JLINK_HasError()  
[2024-Nov-21 10:14:46] [trace] [  JLink] - JLINK_ExecCommand("device = Cortex-M33", ...).   
[2024-Nov-21 10:14:46] [trace] [  JLink] - Device "CORTEX-M33" selected.
[2024-Nov-21 10:14:46] [trace] [  JLink] - Device "CORTEX-M33" selected.
[2024-Nov-21 10:14:46] [trace] [  JLink] - - 2.271ms returns 0x00  
[2024-Nov-21 10:14:46] [trace] [  JLink] - JLINK_HasError()  
[2024-Nov-21 10:14:46] [trace] [  JLink] - JLINK_Connect()  
[2024-Nov-21 10:14:46] [trace] [  JLink] - Found SW-DP with ID 0x6BA02477
[2024-Nov-21 10:14:46] [trace] [  JLink] - Found SW-DP with ID 0x6BA02477
[2024-Nov-21 10:14:46] [trace] [  JLink] - DPIDR: 0x6BA02477
[2024-Nov-21 10:14:46] [trace] [  JLink] - DPIDR: 0x6BA02477
[2024-Nov-21 10:14:46] [trace] [  JLink] - CoreSight SoC-400 or earlier
[2024-Nov-21 10:14:46] [trace] [  JLink] - CoreSight SoC-400 or earlier
[2024-Nov-21 10:14:46] [trace] [  JLink] - AP map detection skipped. Manually configured AP map found.
[2024-Nov-21 10:14:46] [trace] [  JLink] - AP map detection skipped. Manually configured AP map found.
[2024-Nov-21 10:14:46] [trace] [  JLink] - AP[0]: AHB-AP (IDR: Not set)
[2024-Nov-21 10:14:46] [trace] [  JLink] - AP[0]: AHB-AP (IDR: Not set)
[2024-Nov-21 10:14:46] [trace] [  JLink] - AP[0]: Core found
[2024-Nov-21 10:14:46] [trace] [  JLink] - AP[0]: Core found
[2024-Nov-21 10:14:46] [trace] [  JLink] - AP[0]: AHB-AP ROM base: 0xE00FE000
[2024-Nov-21 10:14:46] [trace] [  JLink] - AP[0]: AHB-AP ROM base: 0xE00FE000
[2024-Nov-21 10:14:46] [trace] [  JLink] - CPUID register: 0x410FD214. Implementer code: 0x41 (ARM)
[2024-Nov-21 10:14:46] [trace] [  JLink] - CPUID register: 0x410FD214. Implementer code: 0x41 (ARM)
[2024-Nov-21 10:14:46] [trace] [  JLink] - Feature set: Mainline
[2024-Nov-21 10:14:46] [trace] [  JLink] - Feature set: Mainline
[2024-Nov-21 10:14:46] [trace] [  JLink] - Cache: No cache
[2024-Nov-21 10:14:46] [trace] [  JLink] - Cache: No cache
[2024-Nov-21 10:14:46] [trace] [  JLink] - Found Cortex-M33 r0p4, Little endian.
[2024-Nov-21 10:14:46] [trace] [  JLink] - Found Cortex-M33 r0p4, Little endian.
[2024-Nov-21 10:14:46] [trace] [  JLink] - -- Max. mem block: 0x0003C600
[2024-Nov-21 10:14:46] [trace] [  JLink] - Cortex-M: The connected J-Link (S/N 1050034622) uses an old firmware module: V1 (current is 2)
[2024-Nov-21 10:14:46] [trace] [  JLink] - Cortex-M: The connected J-Link (S/N 1050034622) uses an old firmware module: V1 (current is 2)
[2024-Nov-21 10:14:46] [trace] [  JLink] - Cortex-M (ARMv8-M and later): The connected J-Link (S/N 1050034622) uses an old firmware module that does not handle I/D-cache correctly. Proper debugging functionality cannot be guaranteed if cache is enabled
[2024-Nov-21 10:14:46] [trace] [  JLink] -    ***** Warning: 
[2024-Nov-21 10:14:46] [trace] [  JLink] - Cortex-M (ARMv8-M and later): The connected J-Link (S/N 1050034622) uses an old firmware module that does not handle I/D-cache correctly. Proper debugging functionality cannot be guaranteed if cache is enabled
[2024-Nov-21 10:14:46] [trace] [  JLink] - CPU_ReadMem(4 bytes @ 0xE000EDF0)
[2024-Nov-21 10:14:46] [trace] [  JLink] - CPU_WriteMem(4 bytes @ 0xE000EDF0)
[2024-Nov-21 10:14:46] [trace] [  JLink] - CPU_ReadMem(4 bytes @ 0xE0002000)
[2024-Nov-21 10:14:46] [trace] [  JLink] - FPUnit: 8 code (BP) slots and 0 literal slots
[2024-Nov-21 10:14:46] [trace] [  JLink] - FPUnit: 8 code (BP) slots and 0 literal slots
[2024-Nov-21 10:14:46] [trace] [  JLink] - CPU_ReadMem(4 bytes @ 0xE000EDFC)
[2024-Nov-21 10:14:46] [trace] [  JLink] - CPU_WriteMem(4 bytes @ 0xE000EDFC)
[2024-Nov-21 10:14:46] [trace] [  JLink] - CPU_ReadMem(4 bytes @ 0xE0001000)
[2024-Nov-21 10:14:46] [trace] [  JLink] - CPU_ReadMem(4 bytes @ 0xE0001000)
[2024-Nov-21 10:14:46] [trace] [  JLink] - CPU_ReadMem(4 bytes @ 0xE0001028)
[2024-Nov-21 10:14:46] [trace] [  JLink] - CPU_ReadMem(4 bytes @ 0xE0001038)
[2024-Nov-21 10:14:46] [trace] [  JLink] - CPU_ReadMem(4 bytes @ 0xE0001048)
[2024-Nov-21 10:14:46] [trace] [  JLink] - CPU_ReadMem(4 bytes @ 0xE0001058)
[2024-Nov-21 10:14:46] [trace] [  JLink] - CPU_WriteMem(4 bytes @ 0xE0001000)
[2024-Nov-21 10:14:46] [trace] [  JLink] - CPU_ReadMem(4 bytes @ 0xE000ED88)
[2024-Nov-21 10:14:46] [trace] [  JLink] - CPU_WriteMem(4 bytes @ 0xE000ED88)
[2024-Nov-21 10:14:46] [trace] [  JLink] - CPU_ReadMem(4 bytes @ 0xE000ED88)
[2024-Nov-21 10:14:46] [trace] [  JLink] - CPU_WriteMem(4 bytes @ 0xE000ED88)
[2024-Nov-21 10:14:46] [trace] [  JLink] - CPU_ReadMem(4 bytes @ 0xE000EFB8)
[2024-Nov-21 10:14:46] [trace] [  JLink] - Security extension: implemented
[2024-Nov-21 10:14:46] [trace] [  JLink] - Security extension: implemented
[2024-Nov-21 10:14:46] [trace] [  JLink] - Secure debug: enabled
[2024-Nov-21 10:14:46] [trace] [  JLink] - Secure debug: enabled
[2024-Nov-21 10:14:46] [trace] [  JLink] - CoreSight components:
[2024-Nov-21 10:14:46] [trace] [  JLink] - CoreSight components:
[2024-Nov-21 10:14:46] [trace] [  JLink] - ROMTbl[0] @ E00FE000
[2024-Nov-21 10:14:46] [trace] [  JLink] - ROMTbl[0] @ E00FE000
[2024-Nov-21 10:14:46] [trace] [  JLink] - CPU_ReadMem(64 bytes @ 0xE00FE000)
[2024-Nov-21 10:14:46] [trace] [  JLink] - CPU_ReadMem(32 bytes @ 0xE00FFFE0)
[2024-Nov-21 10:14:46] [trace] [  JLink] - [0][0]: E00FF000 CID B105100D PID 000BB4C9 ROM Table
[2024-Nov-21 10:14:46] [trace] [  JLink] - [0][0]: E00FF000 CID B105100D PID 000BB4C9 ROM Table
[2024-Nov-21 10:14:46] [trace] [  JLink] - ROMTbl[1] @ E00FF000
[2024-Nov-21 10:14:46] [trace] [  JLink] - ROMTbl[1] @ E00FF000
[2024-Nov-21 10:14:46] [trace] [  JLink] - CPU_ReadMem(64 bytes @ 0xE00FF000)
[2024-Nov-21 10:14:46] [trace] [  JLink] - CPU_ReadMem(32 bytes @ 0xE000EFE0)
[2024-Nov-21 10:14:46] [trace] [  JLink] - CPU_ReadMem(4 bytes @ 0xE000EFBC)
[2024-Nov-21 10:14:46] [trace] [  JLink] - CPU_ReadMem(4 bytes @ 0xE000EFCC)
[2024-Nov-21 10:14:46] [trace] [  JLink] - [1][0]: E000E000 CID B105900D PID 000BBD21 DEVARCH 47702A04 DEVTYPE 00 Cortex-M33
[2024-Nov-21 10:14:46] [trace] [  JLink] - [1][0]: E000E000 CID B105900D PID 000BBD21 DEVARCH 47702A04 DEVTYPE 00 Cortex-M33
[2024-Nov-21 10:14:46] [trace] [  JLink] - CPU_ReadMem(32 bytes @ 0xE0001FE0)
[2024-Nov-21 10:14:46] [trace] [  JLink] - CPU_ReadMem(4 bytes @ 0xE0001FBC)
[2024-Nov-21 10:14:46] [trace] [  JLink] - CPU_ReadMem(4 bytes @ 0xE0001FCC)
[2024-Nov-21 10:14:46] [trace] [  JLink] - [1][1]: E0001000 CID B105900D PID 000BBD21 DEVARCH 47701A02 DEVTYPE 00 DWT
[2024-Nov-21 10:14:46] [trace] [  JLink] - [1][1]: E0001000 CID B105900D PID 000BBD21 DEVARCH 47701A02 DEVTYPE 00 DWT
[2024-Nov-21 10:14:46] [trace] [  JLink] - CPU_ReadMem(32 bytes @ 0xE0002FE0)
[2024-Nov-21 10:14:46] [trace] [  JLink] - CPU_ReadMem(4 bytes @ 0xE0002FBC)
[2024-Nov-21 10:14:46] [trace] [  JLink] - CPU_ReadMem(4 bytes @ 0xE0002FCC)
[2024-Nov-21 10:14:46] [trace] [  JLink] - [1][2]: E0002000 CID B105900D PID 000BBD21 DEVARCH 47701A03 DEVTYPE 00 FPB
[2024-Nov-21 10:14:46] [trace] [  JLink] - [1][2]: E0002000 CID B105900D PID 000BBD21 DEVARCH 47701A03 DEVTYPE 00 FPB
[2024-Nov-21 10:14:46] [trace] [  JLink] - CPU_ReadMem(32 bytes @ 0xE0000FE0)
[2024-Nov-21 10:14:46] [trace] [  JLink] - CPU_ReadMem(4 bytes @ 0xE0000FBC)
[2024-Nov-21 10:14:46] [trace] [  JLink] - CPU_ReadMem(4 bytes @ 0xE0000FCC)
[2024-Nov-21 10:14:46] [trace] [  JLink] - [1][3]: E0000000 CID B105900D PID 000BBD21 DEVARCH 47701A01 DEVTYPE 43 ITM
[2024-Nov-21 10:14:46] [trace] [  JLink] - [1][3]: E0000000 CID B105900D PID 000BBD21 DEVARCH 47701A01 DEVTYPE 43 ITM
[2024-Nov-21 10:14:46] [trace] [  JLink] - CPU_ReadMem(32 bytes @ 0xE0041FE0)
[2024-Nov-21 10:14:46] [trace] [  JLink] - CPU_ReadMem(4 bytes @ 0xE0041FBC)
[2024-Nov-21 10:14:46] [trace] [  JLink] - CPU_ReadMem(4 bytes @ 0xE0041FCC)
[2024-Nov-21 10:14:46] [trace] [  JLink] - [1][5]: E0041000 CID B105900D PID 002BBD21 DEVARCH 47724A13 DEVTYPE 13 ETM
[2024-Nov-21 10:14:46] [trace] [  JLink] - [1][5]: E0041000 CID B105900D PID 002BBD21 DEVARCH 47724A13 DEVTYPE 13 ETM
[2024-Nov-21 10:14:46] [trace] [  JLink] - CPU_ReadMem(32 bytes @ 0xE0042FE0)
[2024-Nov-21 10:14:46] [trace] [  JLink] - CPU_ReadMem(4 bytes @ 0xE0042FBC)
[2024-Nov-21 10:14:46] [trace] [  JLink] - CPU_ReadMem(4 bytes @ 0xE0042FCC)
[2024-Nov-21 10:14:46] [trace] [  JLink] - [1][6]: E0042000 CID B105900D PID 000BBD21 DEVARCH 47701A14 DEVTYPE 14 CSS600-CTI
[2024-Nov-21 10:14:46] [trace] [  JLink] - [1][6]: E0042000 CID B105900D PID 000BBD21 DEVARCH 47701A14 DEVTYPE 14 CSS600-CTI
[2024-Nov-21 10:14:46] [trace] [  JLink] - CPU_ReadMem(32 bytes @ 0xE0040FE0)
[2024-Nov-21 10:14:46] [trace] [  JLink] - CPU_ReadMem(4 bytes @ 0xE0040FBC)
[2024-Nov-21 10:14:46] [trace] [  JLink] - CPU_ReadMem(4 bytes @ 0xE0040FCC)
[2024-Nov-21 10:14:46] [trace] [  JLink] - [0][1]: E0040000 CID B105900D PID 000BBD21 DEVARCH 00000000 DEVTYPE 11 TPIU
[2024-Nov-21 10:14:46] [trace] [  JLink] - [0][1]: E0040000 CID B105900D PID 000BBD21 DEVARCH 00000000 DEVTYPE 11 TPIU
[2024-Nov-21 10:14:46] [trace] [  JLink] - - 55.133ms returns 0x00  
[2024-Nov-21 10:14:46] [trace] [  JLink] - JLINK_HasError()  
[2024-Nov-21 10:14:46] [trace] [  JLink] - JLINK_CORE_GetFound()  
[2024-Nov-21 10:14:46] [trace] [  JLink] - - 0.002ms returns 0xE0200FF  
[2024-Nov-21 10:14:46] [debug] [SeggerBackend] - ---just_halt
[2024-Nov-21 10:14:46] [trace] [  JLink] - JLINK_Halt()  
[2024-Nov-21 10:14:46] [trace] [  JLink] - - 5.432ms returns 0x00  
[2024-Nov-21 10:14:46] [trace] [  JLink] - JLINK_HasError()  
[2024-Nov-21 10:14:46] [debug] [SeggerBackend] - sys_reset
[2024-Nov-21 10:14:46] [debug] [SeggerBackend] - ---just_connect_to_device
[2024-Nov-21 10:14:46] [debug] [SeggerBackend] - is_connected_to_device
[2024-Nov-21 10:14:46] [debug] [SeggerBackend] - ---just_halt
[2024-Nov-21 10:14:46] [trace] [  JLink] - JLINK_Halt()  
[2024-Nov-21 10:14:46] [trace] [  JLink] - - 0.378ms returns 0x00  
[2024-Nov-21 10:14:46] [trace] [  JLink] - JLINK_HasError()  
[2024-Nov-21 10:14:46] [debug] [SeggerBackend] - ---just_sys_reset
[2024-Nov-21 10:14:46] [debug] [SeggerBackend] - is_secure_debug_available
[2024-Nov-21 10:14:46] [debug] [SeggerBackend] - read_access_port_register
[2024-Nov-21 10:14:46] [debug] [SeggerBackend] - ---just_read_access_port_register
[2024-Nov-21 10:14:46] [debug] [SeggerBackend] - ---just_select_access_port_register
[2024-Nov-21 10:14:46] [debug] [SeggerBackend] - Select AP 0, DP Bank 255, AP Bank 0
[2024-Nov-21 10:14:46] [trace] [  JLink] - JLINK_CORESIGHT_WriteAPDPReg(DP reg 0x02, 0x00000000)  
[2024-Nov-21 10:14:46] [trace] [  JLink] - - 0.211ms returns 0  
[2024-Nov-21 10:14:46] [trace] [  JLink] - JLINK_HasError()  
[2024-Nov-21 10:14:46] [trace] [  JLink] - JLINK_CORESIGHT_ReadAPDPReg(AP reg 0x00)  
[2024-Nov-21 10:14:46] [trace] [  JLink] - Value=0x03800042
[2024-Nov-21 10:14:46] [trace] [  JLink] - - 0.372ms returns 0  
[2024-Nov-21 10:14:46] [trace] [  JLink] - JLINK_HasError()  
[2024-Nov-21 10:14:46] [debug] [SeggerBackend] - ---just_read_u32
[2024-Nov-21 10:14:46] [debug] [SeggerBackend] - ---just_invalidate_cache
[2024-Nov-21 10:14:46] [trace] [  JLink] - JLINK_ExecCommand("InvalidateCache", ...).   
[2024-Nov-21 10:14:46] [trace] [  JLink] - - 0.009ms returns 0x00  
[2024-Nov-21 10:14:46] [trace] [  JLink] - JLINK_HasError()  
[2024-Nov-21 10:14:46] [trace] [  JLink] - JLINK_ReadMemU32(0xE000EE08, 0x1 Items)  
[2024-Nov-21 10:14:46] [trace] [  JLink] - CPU_ReadMem(4 bytes @ 0xE000EE08)
[2024-Nov-21 10:14:46] [trace] [  JLink] - Data:  00 00 03 00
[2024-Nov-21 10:14:46] [trace] [  JLink] - Debug reg: DSCSR
[2024-Nov-21 10:14:46] [trace] [  JLink] - - 0.345ms returns 1 (0x1)  
[2024-Nov-21 10:14:46] [trace] [  JLink] - JLINK_HasError()  
[2024-Nov-21 10:14:46] [trace] [  JLink] - JLINK_SetResetType(JLINKARM_CM3_RESET_TYPE_NORMAL)  
[2024-Nov-21 10:14:46] [trace] [  JLink] - - 0.004ms returns JLINKARM_CM3_RESET_TYPE_NORMAL  
[2024-Nov-21 10:14:46] [trace] [  JLink] - JLINK_HasError()  
[2024-Nov-21 10:14:46] [trace] [  JLink] - JLINK_Reset()  
[2024-Nov-21 10:14:46] [trace] [  JLink] - CPU_WriteMem(4 bytes @ 0xE000EDF0)
[2024-Nov-21 10:14:46] [trace] [  JLink] - CPU_ReadMem(4 bytes @ 0xE000ED44)
[2024-Nov-21 10:14:46] [trace] [  JLink] - CPU_ReadMem(4 bytes @ 0xE000EE08)
[2024-Nov-21 10:14:46] [trace] [  JLink] - CPU_WriteMem(4 bytes @ 0xE000EE08)
[2024-Nov-21 10:14:46] [trace] [  JLink] - Reset: ARMv8M core with Security Extension enabled detected.
[2024-Nov-21 10:14:46] [trace] [  JLink] - Reset: ARMv8M core with Security Extension enabled detected.
[2024-Nov-21 10:14:46] [trace] [  JLink] - CPU_WriteMem(4 bytes @ 0xE000EDFC)
[2024-Nov-21 10:14:46] [trace] [  JLink] - Reset: Halt core after reset via DEMCR.VC_CORERESET.
[2024-Nov-21 10:14:46] [trace] [  JLink] - Reset: Halt core after reset via DEMCR.VC_CORERESET.
[2024-Nov-21 10:14:46] [trace] [  JLink] - Reset: Reset device via AIRCR.SYSRESETREQ.
[2024-Nov-21 10:14:46] [trace] [  JLink] - Reset: Reset device via AIRCR.SYSRESETREQ.
[2024-Nov-21 10:14:46] [trace] [  JLink] - CPU_WriteMem(4 bytes @ 0xE000ED0C)
[2024-Nov-21 10:14:46] [trace] [  JLink] - CPU_ReadMem(4 bytes @ 0xE000EDF0)
[2024-Nov-21 10:14:46] [trace] [  JLink] - CPU_ReadMem(4 bytes @ 0xE000EDF0)
[2024-Nov-21 10:14:46] [trace] [  JLink] - CPU_WriteMem(4 bytes @ 0xE000EDFC)
[2024-Nov-21 10:14:46] [trace] [  JLink] - CPU_ReadMem(4 bytes @ 0xE000EDF0)
[2024-Nov-21 10:14:46] [trace] [  JLink] - CPU_ReadMem(4 bytes @ 0xE000EE08)
[2024-Nov-21 10:14:46] [trace] [  JLink] - CPU_WriteMem(4 bytes @ 0xE0002000)
[2024-Nov-21 10:14:46] [trace] [  JLink] - CPU_ReadMem(4 bytes @ 0xE000EDFC)
[2024-Nov-21 10:14:46] [trace] [  JLink] - CPU_ReadMem(4 bytes @ 0xE0001000)
[2024-Nov-21 10:14:46] [trace] [  JLink] - CPU_ReadMem(4 bytes @ 0xE000EE08)
[2024-Nov-21 10:14:46] [trace] [  JLink] - - 75.058ms  
[2024-Nov-21 10:14:46] [trace] [  JLink] - JLINK_HasError()  
[2024-Nov-21 10:14:46] [debug] [  nRF53] - Just_power_ram_all
[2024-Nov-21 10:14:46] [debug] [  nRF53] - Just_readback_status
[2024-Nov-21 10:14:46] [debug] [SeggerBackend] - read_access_port_register
[2024-Nov-21 10:14:46] [debug] [SeggerBackend] - ---just_read_access_port_register
[2024-Nov-21 10:14:46] [debug] [SeggerBackend] - ---just_select_access_port_register
[2024-Nov-21 10:14:46] [debug] [SeggerBackend] - Select AP 0, DP Bank 255, AP Bank 0
[2024-Nov-21 10:14:46] [trace] [  JLink] - JLINK_CORESIGHT_WriteAPDPReg(DP reg 0x02, 0x00000000)  
[2024-Nov-21 10:14:46] [trace] [  JLink] - - 0.305ms returns 0  
[2024-Nov-21 10:14:46] [trace] [  JLink] - JLINK_HasError()  
[2024-Nov-21 10:14:46] [trace] [  JLink] - JLINK_CORESIGHT_ReadAPDPReg(AP reg 0x00)  
[2024-Nov-21 10:14:46] [trace] [  JLink] - Value=0x03800052
[2024-Nov-21 10:14:46] [trace] [  JLink] - - 0.265ms returns 0  
[2024-Nov-21 10:14:46] [trace] [  JLink] - JLINK_HasError()  
[2024-Nov-21 10:14:46] [debug] [  nRF53] - Protection status for ahb-ap 0 read as NONE
[2024-Nov-21 10:14:46] [debug] [SeggerBackend] - is_secure_debug_available
[2024-Nov-21 10:14:46] [debug] [SeggerBackend] - read_access_port_register
[2024-Nov-21 10:14:46] [debug] [SeggerBackend] - ---just_read_access_port_register
[2024-Nov-21 10:14:46] [debug] [SeggerBackend] - ---just_select_access_port_register
[2024-Nov-21 10:14:46] [trace] [  JLink] - JLINK_CORESIGHT_ReadAPDPReg(AP reg 0x00)  
[2024-Nov-21 10:14:46] [trace] [  JLink] - Value=0x03800052
[2024-Nov-21 10:14:46] [trace] [  JLink] - - 0.286ms returns 0  
[2024-Nov-21 10:14:46] [trace] [  JLink] - JLINK_HasError()  
[2024-Nov-21 10:14:46] [debug] [  nRF53] - Just_get_secure_nonsecure_address
[2024-Nov-21 10:14:46] [debug] [  nRF53] - update_periph_secure_state
[2024-Nov-21 10:14:46] [debug] [SeggerBackend] - is_secure_debug_available
[2024-Nov-21 10:14:46] [debug] [SeggerBackend] - read_access_port_register
[2024-Nov-21 10:14:46] [debug] [SeggerBackend] - ---just_read_access_port_register
[2024-Nov-21 10:14:46] [debug] [SeggerBackend] - ---just_select_access_port_register
[2024-Nov-21 10:14:46] [trace] [  JLink] - JLINK_CORESIGHT_ReadAPDPReg(AP reg 0x00)  
[2024-Nov-21 10:14:46] [trace] [  JLink] - Value=0x03800052
[2024-Nov-21 10:14:46] [trace] [  JLink] - - 0.425ms returns 0  
[2024-Nov-21 10:14:46] [trace] [  JLink] - JLINK_HasError()  
[2024-Nov-21 10:14:46] [debug] [  nRF53] - Reading addr 0x50003A04: secure state of peripheral from SPU @0x50003000 (S) (slave index 129).
[2024-Nov-21 10:14:46] [debug] [SeggerBackend] - ahb_read_u32
[2024-Nov-21 10:14:46] [debug] [SeggerBackend] - ---just_read_access_port_register
[2024-Nov-21 10:14:46] [debug] [SeggerBackend] - ---just_select_access_port_register
[2024-Nov-21 10:14:46] [trace] [  JLink] - JLINK_CORESIGHT_ReadAPDPReg(AP reg 0x00)  
[2024-Nov-21 10:14:46] [trace] [  JLink] - Value=0x03800052
[2024-Nov-21 10:14:46] [trace] [  JLink] - - 0.263ms returns 0  
[2024-Nov-21 10:14:46] [trace] [  JLink] - JLINK_HasError()  
[2024-Nov-21 10:14:46] [debug] [SeggerBackend] - ---just_write_access_port_register
[2024-Nov-21 10:14:46] [debug] [SeggerBackend] - ---just_select_access_port_register
[2024-Nov-21 10:14:46] [trace] [  JLink] - JLINK_CORESIGHT_WriteAPDPReg(AP reg 0x00, 0x03800052)  
[2024-Nov-21 10:14:46] [trace] [  JLink] - - 0.266ms returns 0  
[2024-Nov-21 10:14:46] [trace] [  JLink] - JLINK_HasError()  
[2024-Nov-21 10:14:46] [debug] [SeggerBackend] - ---just_write_access_port_register
[2024-Nov-21 10:14:46] [debug] [SeggerBackend] - ---just_select_access_port_register
[2024-Nov-21 10:14:46] [trace] [  JLink] - JLINK_CORESIGHT_WriteAPDPReg(AP reg 0x01, 0x50003A04)  
[2024-Nov-21 10:14:46] [trace] [  JLink] - - 0.388ms returns 0  
[2024-Nov-21 10:14:46] [trace] [  JLink] - JLINK_HasError()  
[2024-Nov-21 10:14:46] [debug] [SeggerBackend] - ---just_read_access_port_register
[2024-Nov-21 10:14:46] [debug] [SeggerBackend] - ---just_select_access_port_register
[2024-Nov-21 10:14:46] [trace] [  JLink] - JLINK_CORESIGHT_ReadAPDPReg(AP reg 0x03)  
[2024-Nov-21 10:14:46] [trace] [  JLink] - Value=0x80000012
[2024-Nov-21 10:14:46] [trace] [  JLink] - - 0.281ms returns 0  
[2024-Nov-21 10:14:46] [trace] [  JLink] - JLINK_HasError()  
[2024-Nov-21 10:14:46] [debug] [SeggerBackend] - ---just_read_access_port_register
[2024-Nov-21 10:14:46] [debug] [SeggerBackend] - ---just_select_access_port_register
[2024-Nov-21 10:14:46] [debug] [SeggerBackend] - Select AP 0, DP Bank 0, AP Bank 15
[2024-Nov-21 10:14:46] [trace] [  JLink] - JLINK_CORESIGHT_WriteAPDPReg(DP reg 0x02, 0x000000F0)  
[2024-Nov-21 10:14:46] [trace] [  JLink] - - 0.233ms returns 0  
[2024-Nov-21 10:14:46] [trace] [  JLink] - JLINK_HasError()  
[2024-Nov-21 10:14:46] [trace] [  JLink] - JLINK_CORESIGHT_ReadAPDPReg(AP reg 0x03)  
[2024-Nov-21 10:14:46] [trace] [  JLink] - Value=0x84770001
[2024-Nov-21 10:14:46] [trace] [  JLink] - - 0.349ms returns 0  
[2024-Nov-21 10:14:46] [trace] [  JLink] - JLINK_HasError()  
[2024-Nov-21 10:14:46] [debug] [  nRF53] - Peripheral at address 0x50081000 has secure properties Selectable Secure
[2024-Nov-21 10:14:46] [debug] [SeggerBackend] - write_u32
[2024-Nov-21 10:14:46] [debug] [SeggerBackend] - ---just_connect_to_device
[2024-Nov-21 10:14:46] [debug] [SeggerBackend] - is_connected_to_device
[2024-Nov-21 10:14:46] [debug] [SeggerBackend] - ---just_write_u32
[2024-Nov-21 10:14:46] [debug] [SeggerBackend] - ---just_write_debug_port_register
[2024-Nov-21 10:14:46] [debug] [SeggerBackend] - ---just_select_debug_port_register
[2024-Nov-21 10:14:46] [debug] [SeggerBackend] - Select AP 255, DP Bank 0, AP Bank 255
[2024-Nov-21 10:14:46] [trace] [  JLink] - JLINK_CORESIGHT_WriteAPDPReg(DP reg 0x02, 0x00000000)  
[2024-Nov-21 10:14:46] [trace] [  JLink] - - 0.234ms returns 0  
[2024-Nov-21 10:14:46] [trace] [  JLink] - JLINK_HasError()  
[2024-Nov-21 10:14:46] [trace] [  JLink] - JLINK_CORESIGHT_WriteAPDPReg(DP reg 0x02, 0x00000000)  
[2024-Nov-21 10:14:46] [trace] [  JLink] - - 0.235ms returns 0  
[2024-Nov-21 10:14:46] [trace] [  JLink] - JLINK_HasError()  
[2024-Nov-21 10:14:46] [trace] [  JLink] - JLINK_WriteU32_64(0x50081604, 0xFFFFFFFF)  
[2024-Nov-21 10:14:46] [trace] [  JLink] - CPU_WriteMem(4 bytes @ 0x50081604)
[2024-Nov-21 10:14:46] [trace] [  JLink] - - 0.691ms returns 0 (0x00000000)  
[2024-Nov-21 10:14:46] [trace] [  JLink] - JLINK_HasError()  
[2024-Nov-21 10:14:46] [debug] [SeggerBackend] - is_secure_debug_available
[2024-Nov-21 10:14:46] [debug] [SeggerBackend] - read_access_port_register
[2024-Nov-21 10:14:46] [debug] [SeggerBackend] - ---just_read_access_port_register
[2024-Nov-21 10:14:46] [debug] [SeggerBackend] - ---just_select_access_port_register
[2024-Nov-21 10:14:46] [trace] [  JLink] - JLINK_CORESIGHT_ReadAPDPReg(AP reg 0x00)  
[2024-Nov-21 10:14:46] [trace] [  JLink] - Value=0x03800052
[2024-Nov-21 10:14:46] [trace] [  JLink] - - 0.297ms returns 0  
[2024-Nov-21 10:14:46] [trace] [  JLink] - JLINK_HasError()  
[2024-Nov-21 10:14:46] [debug] [  nRF53] - Just_get_secure_nonsecure_address
[2024-Nov-21 10:14:46] [debug] [  nRF53] - update_periph_secure_state
[2024-Nov-21 10:14:46] [debug] [SeggerBackend] - is_secure_debug_available
[2024-Nov-21 10:14:46] [debug] [SeggerBackend] - read_access_port_register
[2024-Nov-21 10:14:46] [debug] [SeggerBackend] - ---just_read_access_port_register
[2024-Nov-21 10:14:46] [debug] [SeggerBackend] - ---just_select_access_port_register
[2024-Nov-21 10:14:46] [trace] [  JLink] - JLINK_CORESIGHT_ReadAPDPReg(AP reg 0x00)  
[2024-Nov-21 10:14:46] [trace] [  JLink] - Value=0x03800052
[2024-Nov-21 10:14:46] [trace] [  JLink] - - 0.315ms returns 0  
[2024-Nov-21 10:14:46] [trace] [  JLink] - JLINK_HasError()  
[2024-Nov-21 10:14:46] [debug] [  nRF53] - Reading addr 0x50003A04: secure state of peripheral from SPU @0x50003000 (S) (slave index 129).
[2024-Nov-21 10:14:46] [debug] [SeggerBackend] - ahb_read_u32
[2024-Nov-21 10:14:46] [debug] [SeggerBackend] - ---just_read_access_port_register
[2024-Nov-21 10:14:46] [debug] [SeggerBackend] - ---just_select_access_port_register
[2024-Nov-21 10:14:46] [trace] [  JLink] - JLINK_CORESIGHT_ReadAPDPReg(AP reg 0x00)  
[2024-Nov-21 10:14:46] [trace] [  JLink] - Value=0x03800052
[2024-Nov-21 10:14:46] [trace] [  JLink] - - 0.258ms returns 0  
[2024-Nov-21 10:14:46] [trace] [  JLink] - JLINK_HasError()  
[2024-Nov-21 10:14:46] [debug] [SeggerBackend] - ---just_write_access_port_register
[2024-Nov-21 10:14:46] [debug] [SeggerBackend] - ---just_select_access_port_register
[2024-Nov-21 10:14:46] [trace] [  JLink] - JLINK_CORESIGHT_WriteAPDPReg(AP reg 0x00, 0x03800052)  
[2024-Nov-21 10:14:46] [trace] [  JLink] - - 0.233ms returns 0  
[2024-Nov-21 10:14:46] [trace] [  JLink] - JLINK_HasError()  
[2024-Nov-21 10:14:46] [debug] [SeggerBackend] - ---just_write_access_port_register
[2024-Nov-21 10:14:46] [debug] [SeggerBackend] - ---just_select_access_port_register
[2024-Nov-21 10:14:46] [trace] [  JLink] - JLINK_CORESIGHT_WriteAPDPReg(AP reg 0x01, 0x50003A04)  
[2024-Nov-21 10:14:46] [trace] [  JLink] - - 0.224ms returns 0  
[2024-Nov-21 10:14:46] [trace] [  JLink] - JLINK_HasError()  
[2024-Nov-21 10:14:46] [debug] [SeggerBackend] - ---just_read_access_port_register
[2024-Nov-21 10:14:46] [debug] [SeggerBackend] - ---just_select_access_port_register
[2024-Nov-21 10:14:46] [trace] [ Client] - Command recover executed for 1231 milliseconds with result 0
[2024-Nov-21 10:14:46] [trace] [  JLink] - JLINK_CORESIGHT_ReadAPDPReg(AP reg 0x03)  
[2024-Nov-21 10:14:46] [debug] [ Client] - read_device_info
[2024-Nov-21 10:14:46] [trace] [  JLink] - Value=0x80000012
[2024-Nov-21 10:14:46] [trace] [  JLink] - - 0.359ms returns 0  
[2024-Nov-21 10:14:46] [trace] [  JLink] - JLINK_HasError()  
[2024-Nov-21 10:14:46] [debug] [SeggerBackend] - ---just_read_access_port_register
[2024-Nov-21 10:14:46] [debug] [SeggerBackend] - ---just_select_access_port_register
[2024-Nov-21 10:14:46] [debug] [SeggerBackend] - Select AP 0, DP Bank 0, AP Bank 15
[2024-Nov-21 10:14:46] [trace] [  JLink] - JLINK_CORESIGHT_WriteAPDPReg(DP reg 0x02, 0x000000F0)  
[2024-Nov-21 10:14:46] [trace] [  JLink] - - 0.223ms returns 0  
[2024-Nov-21 10:14:46] [trace] [  JLink] - JLINK_HasError()  
[2024-Nov-21 10:14:46] [trace] [  JLink] - JLINK_CORESIGHT_ReadAPDPReg(AP reg 0x03)  
[2024-Nov-21 10:14:46] [trace] [  JLink] - Value=0x84770001
[2024-Nov-21 10:14:46] [trace] [  JLink] - - 0.258ms returns 0  
[2024-Nov-21 10:14:46] [trace] [  JLink] - JLINK_HasError()  
[2024-Nov-21 10:14:46] [debug] [  nRF53] - Peripheral at address 0x50081000 has secure properties Selectable Secure
[2024-Nov-21 10:14:46] [debug] [SeggerBackend] - write_u32
[2024-Nov-21 10:14:46] [debug] [SeggerBackend] - ---just_connect_to_device
[2024-Nov-21 10:14:46] [debug] [SeggerBackend] - is_connected_to_device
[2024-Nov-21 10:14:46] [debug] [SeggerBackend] - ---just_write_u32
[2024-Nov-21 10:14:46] [debug] [SeggerBackend] - ---just_write_debug_port_register
[2024-Nov-21 10:14:46] [debug] [SeggerBackend] - ---just_select_debug_port_register
[2024-Nov-21 10:14:46] [debug] [SeggerBackend] - Select AP 255, DP Bank 0, AP Bank 255
[2024-Nov-21 10:14:46] [trace] [  JLink] - JLINK_CORESIGHT_WriteAPDPReg(DP reg 0x02, 0x00000000)  
[2024-Nov-21 10:14:46] [trace] [  JLink] - - 0.227ms returns 0  
[2024-Nov-21 10:14:46] [trace] [  JLink] - JLINK_HasError()  
[2024-Nov-21 10:14:46] [trace] [  JLink] - JLINK_CORESIGHT_WriteAPDPReg(DP reg 0x02, 0x00000000)  
[2024-Nov-21 10:14:46] [trace] [  JLink] - - 0.329ms returns 0  
[2024-Nov-21 10:14:46] [trace] [  JLink] - JLINK_HasError()  
[2024-Nov-21 10:14:46] [trace] [  JLink] - JLINK_WriteU32_64(0x50081614, 0xFFFFFFFF)  
[2024-Nov-21 10:14:46] [trace] [  JLink] - CPU_WriteMem(4 bytes @ 0x50081614)
[2024-Nov-21 10:14:46] [trace] [  JLink] - - 0.402ms returns 0 (0x00000000)  
[2024-Nov-21 10:14:46] [trace] [  JLink] - JLINK_HasError()  
[2024-Nov-21 10:14:46] [debug] [SeggerBackend] - is_secure_debug_available
[2024-Nov-21 10:14:46] [debug] [SeggerBackend] - read_access_port_register
[2024-Nov-21 10:14:46] [debug] [SeggerBackend] - ---just_read_access_port_register
[2024-Nov-21 10:14:46] [debug] [SeggerBackend] - ---just_select_access_port_register
[2024-Nov-21 10:14:46] [trace] [  JLink] - JLINK_CORESIGHT_ReadAPDPReg(AP reg 0x00)  
[2024-Nov-21 10:14:46] [trace] [  JLink] - Value=0x03800052
[2024-Nov-21 10:14:46] [trace] [  JLink] - - 0.337ms returns 0  
[2024-Nov-21 10:14:46] [trace] [  JLink] - JLINK_HasError()  
[2024-Nov-21 10:14:46] [debug] [  nRF53] - Just_get_secure_nonsecure_address
[2024-Nov-21 10:14:46] [debug] [  nRF53] - update_periph_secure_state
[2024-Nov-21 10:14:46] [debug] [SeggerBackend] - is_secure_debug_available
[2024-Nov-21 10:14:46] [debug] [SeggerBackend] - read_access_port_register
[2024-Nov-21 10:14:46] [debug] [SeggerBackend] - ---just_read_access_port_register
[2024-Nov-21 10:14:46] [debug] [SeggerBackend] - ---just_select_access_port_register
[2024-Nov-21 10:14:46] [trace] [  JLink] - JLINK_CORESIGHT_ReadAPDPReg(AP reg 0x00)  
[2024-Nov-21 10:14:46] [trace] [  JLink] - Value=0x03800052
[2024-Nov-21 10:14:46] [trace] [  JLink] - - 0.260ms returns 0  
[2024-Nov-21 10:14:46] [trace] [  JLink] - JLINK_HasError()  
[2024-Nov-21 10:14:46] [debug] [  nRF53] - Reading addr 0x50003A04: secure state of peripheral from SPU @0x50003000 (S) (slave index 129).
[2024-Nov-21 10:14:46] [debug] [SeggerBackend] - ahb_read_u32
[2024-Nov-21 10:14:46] [debug] [SeggerBackend] - ---just_read_access_port_register
[2024-Nov-21 10:14:46] [debug] [SeggerBackend] - ---just_select_access_port_register
[2024-Nov-21 10:14:46] [trace] [  JLink] - JLINK_CORESIGHT_ReadAPDPReg(AP reg 0x00)  
[2024-Nov-21 10:14:46] [trace] [  JLink] - Value=0x03800052
[2024-Nov-21 10:14:46] [trace] [  JLink] - - 0.274ms returns 0  
[2024-Nov-21 10:14:46] [trace] [  JLink] - JLINK_HasError()  
[2024-Nov-21 10:14:46] [debug] [SeggerBackend] - ---just_write_access_port_register
[2024-Nov-21 10:14:46] [debug] [SeggerBackend] - ---just_select_access_port_register
[2024-Nov-21 10:14:46] [trace] [  JLink] - JLINK_CORESIGHT_WriteAPDPReg(AP reg 0x00, 0x03800052)  
[2024-Nov-21 10:14:46] [trace] [  JLink] - - 0.236ms returns 0  
[2024-Nov-21 10:14:46] [trace] [  JLink] - JLINK_HasError()  
[2024-Nov-21 10:14:46] [debug] [SeggerBackend] - ---just_write_access_port_register
[2024-Nov-21 10:14:46] [debug] [SeggerBackend] - ---just_select_access_port_register
[2024-Nov-21 10:14:46] [trace] [  JLink] - JLINK_CORESIGHT_WriteAPDPReg(AP reg 0x01, 0x50003A04)  
[2024-Nov-21 10:14:46] [trace] [  JLink] - - 0.379ms returns 0  
[2024-Nov-21 10:14:46] [trace] [  JLink] - JLINK_HasError()  
[2024-Nov-21 10:14:46] [debug] [SeggerBackend] - ---just_read_access_port_register
[2024-Nov-21 10:14:46] [debug] [SeggerBackend] - ---just_select_access_port_register
[2024-Nov-21 10:14:46] [trace] [  JLink] - JLINK_CORESIGHT_ReadAPDPReg(AP reg 0x03)  
[2024-Nov-21 10:14:46] [trace] [  JLink] - Value=0x80000012
[2024-Nov-21 10:14:46] [trace] [  JLink] - - 0.241ms returns 0  
[2024-Nov-21 10:14:46] [trace] [  JLink] - JLINK_HasError()  
[2024-Nov-21 10:14:46] [debug] [SeggerBackend] - ---just_read_access_port_register
[2024-Nov-21 10:14:46] [debug] [SeggerBackend] - ---just_select_access_port_register
[2024-Nov-21 10:14:46] [debug] [SeggerBackend] - Select AP 0, DP Bank 0, AP Bank 15
[2024-Nov-21 10:14:46] [trace] [  JLink] - JLINK_CORESIGHT_WriteAPDPReg(DP reg 0x02, 0x000000F0)  
[2024-Nov-21 10:14:46] [trace] [  JLink] - - 0.189ms returns 0  
[2024-Nov-21 10:14:46] [trace] [  JLink] - JLINK_HasError()  
[2024-Nov-21 10:14:46] [trace] [  JLink] - JLINK_CORESIGHT_ReadAPDPReg(AP reg 0x03)  
[2024-Nov-21 10:14:46] [trace] [  JLink] - Value=0x84770001
[2024-Nov-21 10:14:46] [trace] [  JLink] - - 0.224ms returns 0  
[2024-Nov-21 10:14:46] [trace] [  JLink] - JLINK_HasError()  
[2024-Nov-21 10:14:46] [debug] [  nRF53] - Peripheral at address 0x50081000 has secure properties Selectable Secure
[2024-Nov-21 10:14:46] [debug] [SeggerBackend] - write_u32
[2024-Nov-21 10:14:46] [debug] [SeggerBackend] - ---just_connect_to_device
[2024-Nov-21 10:14:46] [debug] [SeggerBackend] - is_connected_to_device
[2024-Nov-21 10:14:46] [debug] [SeggerBackend] - ---just_write_u32
[2024-Nov-21 10:14:46] [debug] [SeggerBackend] - ---just_write_debug_port_register
[2024-Nov-21 10:14:46] [debug] [SeggerBackend] - ---just_select_debug_port_register
[2024-Nov-21 10:14:46] [debug] [SeggerBackend] - Select AP 255, DP Bank 0, AP Bank 255
[2024-Nov-21 10:14:46] [trace] [  JLink] - JLINK_CORESIGHT_WriteAPDPReg(DP reg 0x02, 0x00000000)  
[2024-Nov-21 10:14:46] [trace] [  JLink] - - 0.315ms returns 0  
[2024-Nov-21 10:14:46] [trace] [  JLink] - JLINK_HasError()  
[2024-Nov-21 10:14:46] [trace] [  JLink] - JLINK_CORESIGHT_WriteAPDPReg(DP reg 0x02, 0x00000000)  
[2024-Nov-21 10:14:46] [trace] [  JLink] - - 0.191ms returns 0  
[2024-Nov-21 10:14:46] [trace] [  JLink] - JLINK_HasError()  
[2024-Nov-21 10:14:46] [trace] [  JLink] - JLINK_WriteU32_64(0x50081624, 0xFFFFFFFF)  
[2024-Nov-21 10:14:46] [trace] [  JLink] - CPU_WriteMem(4 bytes @ 0x50081624)
[2024-Nov-21 10:14:46] [trace] [ Client] - Command read_device_info executed for 12 milliseconds with result 0
[2024-Nov-21 10:14:46] [debug] [ Client] - write
[2024-Nov-21 10:14:46] [trace] [  JLink] - - 0.337ms returns 0 (0x00000000)  
[2024-Nov-21 10:14:46] [trace] [  JLink] - JLINK_HasError()  
[2024-Nov-21 10:14:46] [debug] [SeggerBackend] - is_secure_debug_available
[2024-Nov-21 10:14:46] [debug] [SeggerBackend] - read_access_port_register
[2024-Nov-21 10:14:46] [debug] [SeggerBackend] - ---just_read_access_port_register
[2024-Nov-21 10:14:46] [debug] [SeggerBackend] - ---just_select_access_port_register
[2024-Nov-21 10:14:46] [trace] [  JLink] - JLINK_CORESIGHT_ReadAPDPReg(AP reg 0x00)  
[2024-Nov-21 10:14:46] [trace] [  JLink] - Value=0x03800052
[2024-Nov-21 10:14:46] [trace] [  JLink] - - 0.317ms returns 0  
[2024-Nov-21 10:14:46] [trace] [  JLink] - JLINK_HasError()  
[2024-Nov-21 10:14:46] [debug] [  nRF53] - Just_get_secure_nonsecure_address
[2024-Nov-21 10:14:46] [debug] [  nRF53] - update_periph_secure_state
[2024-Nov-21 10:14:46] [debug] [SeggerBackend] - is_secure_debug_available
[2024-Nov-21 10:14:46] [debug] [SeggerBackend] - read_access_port_register
[2024-Nov-21 10:14:46] [debug] [SeggerBackend] - ---just_read_access_port_register
[2024-Nov-21 10:14:46] [debug] [SeggerBackend] - ---just_select_access_port_register
[2024-Nov-21 10:14:46] [trace] [  JLink] - JLINK_CORESIGHT_ReadAPDPReg(AP reg 0x00)  
[2024-Nov-21 10:14:46] [trace] [  JLink] - Value=0x03800052
[2024-Nov-21 10:14:46] [trace] [  JLink] - - 0.222ms returns 0  
[2024-Nov-21 10:14:46] [trace] [  JLink] - JLINK_HasError()  
[2024-Nov-21 10:14:46] [debug] [  nRF53] - Reading addr 0x50003A04: secure state of peripheral from SPU @0x50003000 (S) (slave index 129).
[2024-Nov-21 10:14:46] [debug] [SeggerBackend] - ahb_read_u32
[2024-Nov-21 10:14:46] [debug] [SeggerBackend] - ---just_read_access_port_register
[2024-Nov-21 10:14:46] [debug] [SeggerBackend] - ---just_select_access_port_register
[2024-Nov-21 10:14:46] [trace] [  JLink] - JLINK_CORESIGHT_ReadAPDPReg(AP reg 0x00)  
[2024-Nov-21 10:14:46] [trace] [  JLink] - Value=0x03800052
[2024-Nov-21 10:14:46] [trace] [  JLink] - - 0.219ms returns 0  
[2024-Nov-21 10:14:46] [trace] [  JLink] - JLINK_HasError()  
[2024-Nov-21 10:14:46] [debug] [SeggerBackend] - ---just_write_access_port_register
[2024-Nov-21 10:14:46] [debug] [SeggerBackend] - ---just_select_access_port_register
[2024-Nov-21 10:14:46] [trace] [  JLink] - JLINK_CORESIGHT_WriteAPDPReg(AP reg 0x00, 0x03800052)  
[2024-Nov-21 10:14:46] [trace] [  JLink] - - 0.192ms returns 0  
[2024-Nov-21 10:14:46] [trace] [  JLink] - JLINK_HasError()  
[2024-Nov-21 10:14:46] [debug] [SeggerBackend] - ---just_write_access_port_register
[2024-Nov-21 10:14:46] [debug] [SeggerBackend] - ---just_select_access_port_register
[2024-Nov-21 10:14:46] [trace] [  JLink] - JLINK_CORESIGHT_WriteAPDPReg(AP reg 0x01, 0x50003A04)  
[2024-Nov-21 10:14:46] [trace] [  JLink] - - 0.340ms returns 0  
[2024-Nov-21 10:14:46] [trace] [  JLink] - JLINK_HasError()  
[2024-Nov-21 10:14:46] [debug] [SeggerBackend] - ---just_read_access_port_register
[2024-Nov-21 10:14:46] [debug] [SeggerBackend] - ---just_select_access_port_register
[2024-Nov-21 10:14:46] [trace] [  JLink] - JLINK_CORESIGHT_ReadAPDPReg(AP reg 0x03)  
[2024-Nov-21 10:14:46] [trace] [  JLink] - Value=0x80000012
[2024-Nov-21 10:14:46] [trace] [  JLink] - - 0.257ms returns 0  
[2024-Nov-21 10:14:46] [trace] [  JLink] - JLINK_HasError()  
[2024-Nov-21 10:14:46] [debug] [SeggerBackend] - ---just_read_access_port_register
[2024-Nov-21 10:14:46] [debug] [SeggerBackend] - ---just_select_access_port_register
[2024-Nov-21 10:14:46] [debug] [SeggerBackend] - Select AP 0, DP Bank 0, AP Bank 15
[2024-Nov-21 10:14:46] [trace] [  JLink] - JLINK_CORESIGHT_WriteAPDPReg(DP reg 0x02, 0x000000F0)  
[2024-Nov-21 10:14:46] [trace] [  JLink] - - 0.189ms returns 0  
[2024-Nov-21 10:14:46] [trace] [  JLink] - JLINK_HasError()  
[2024-Nov-21 10:14:46] [trace] [  JLink] - JLINK_CORESIGHT_ReadAPDPReg(AP reg 0x03)  
[2024-Nov-21 10:14:46] [trace] [  JLink] - Value=0x84770001
[2024-Nov-21 10:14:46] [trace] [  JLink] - - 0.217ms returns 0  
[2024-Nov-21 10:14:46] [trace] [  JLink] - JLINK_HasError()  
[2024-Nov-21 10:14:46] [debug] [  nRF53] - Peripheral at address 0x50081000 has secure properties Selectable Secure
[2024-Nov-21 10:14:46] [debug] [SeggerBackend] - write_u32
[2024-Nov-21 10:14:46] [debug] [SeggerBackend] - ---just_connect_to_device
[2024-Nov-21 10:14:46] [debug] [SeggerBackend] - is_connected_to_device
[2024-Nov-21 10:14:46] [debug] [SeggerBackend] - ---just_write_u32
[2024-Nov-21 10:14:46] [debug] [SeggerBackend] - ---just_write_debug_port_register
[2024-Nov-21 10:14:46] [debug] [SeggerBackend] - ---just_select_debug_port_register
[2024-Nov-21 10:14:46] [debug] [SeggerBackend] - Select AP 255, DP Bank 0, AP Bank 255
[2024-Nov-21 10:14:46] [trace] [  JLink] - JLINK_CORESIGHT_WriteAPDPReg(DP reg 0x02, 0x00000000)  
[2024-Nov-21 10:14:46] [trace] [  JLink] - - 0.373ms returns 0  
[2024-Nov-21 10:14:46] [trace] [  JLink] - JLINK_HasError()  
[2024-Nov-21 10:14:46] [trace] [  JLink] - JLINK_CORESIGHT_WriteAPDPReg(DP reg 0x02, 0x00000000)  
[2024-Nov-21 10:14:46] [trace] [  JLink] - - 0.259ms returns 0  
[2024-Nov-21 10:14:46] [trace] [  JLink] - JLINK_HasError()  
[2024-Nov-21 10:14:46] [trace] [  JLink] - JLINK_WriteU32_64(0x50081634, 0xFFFFFFFF)  
[2024-Nov-21 10:14:46] [trace] [  JLink] - CPU_WriteMem(4 bytes @ 0x50081634)
[2024-Nov-21 10:14:46] [trace] [  JLink] - - 0.329ms returns 0 (0x00000000)  
[2024-Nov-21 10:14:46] [trace] [  JLink] - JLINK_HasError()  
[2024-Nov-21 10:14:46] [debug] [SeggerBackend] - is_secure_debug_available
[2024-Nov-21 10:14:46] [debug] [SeggerBackend] - read_access_port_register
[2024-Nov-21 10:14:46] [debug] [SeggerBackend] - ---just_read_access_port_register
[2024-Nov-21 10:14:46] [debug] [SeggerBackend] - ---just_select_access_port_register
[2024-Nov-21 10:14:46] [trace] [  JLink] - JLINK_CORESIGHT_ReadAPDPReg(AP reg 0x00)  
[2024-Nov-21 10:14:46] [trace] [  JLink] - Value=0x03800052
[2024-Nov-21 10:14:46] [trace] [  JLink] - - 0.393ms returns 0  
[2024-Nov-21 10:14:46] [trace] [  JLink] - JLINK_HasError()  
[2024-Nov-21 10:14:46] [debug] [  nRF53] - Just_get_secure_nonsecure_address
[2024-Nov-21 10:14:46] [debug] [  nRF53] - update_periph_secure_state
[2024-Nov-21 10:14:46] [debug] [SeggerBackend] - is_secure_debug_available
[2024-Nov-21 10:14:46] [debug] [SeggerBackend] - read_access_port_register
[2024-Nov-21 10:14:46] [debug] [SeggerBackend] - ---just_read_access_port_register
[2024-Nov-21 10:14:46] [debug] [SeggerBackend] - ---just_select_access_port_register
[2024-Nov-21 10:14:46] [trace] [  JLink] - JLINK_CORESIGHT_ReadAPDPReg(AP reg 0x00)  
[2024-Nov-21 10:14:46] [trace] [  JLink] - Value=0x03800052
[2024-Nov-21 10:14:46] [trace] [  JLink] - - 0.222ms returns 0  
[2024-Nov-21 10:14:46] [trace] [  JLink] - JLINK_HasError()  
[2024-Nov-21 10:14:46] [debug] [  nRF53] - Reading addr 0x50003A04: secure state of peripheral from SPU @0x50003000 (S) (slave index 129).
[2024-Nov-21 10:14:46] [debug] [SeggerBackend] - ahb_read_u32
[2024-Nov-21 10:14:46] [debug] [SeggerBackend] - ---just_read_access_port_register
[2024-Nov-21 10:14:46] [debug] [SeggerBackend] - ---just_select_access_port_register
[2024-Nov-21 10:14:46] [trace] [  JLink] - JLINK_CORESIGHT_ReadAPDPReg(AP reg 0x00)  
[2024-Nov-21 10:14:46] [trace] [  JLink] - Value=0x03800052
[2024-Nov-21 10:14:46] [trace] [  JLink] - - 0.219ms returns 0  
[2024-Nov-21 10:14:46] [trace] [  JLink] - JLINK_HasError()  
[2024-Nov-21 10:14:46] [debug] [SeggerBackend] - ---just_write_access_port_register
[2024-Nov-21 10:14:46] [debug] [SeggerBackend] - ---just_select_access_port_register
[2024-Nov-21 10:14:46] [trace] [  JLink] - JLINK_CORESIGHT_WriteAPDPReg(AP reg 0x00, 0x03800052)  
[2024-Nov-21 10:14:46] [trace] [  JLink] - - 0.276ms returns 0  
[2024-Nov-21 10:14:46] [trace] [  JLink] - JLINK_HasError()  
[2024-Nov-21 10:14:46] [debug] [SeggerBackend] - ---just_write_access_port_register
[2024-Nov-21 10:14:46] [debug] [SeggerBackend] - ---just_select_access_port_register
[2024-Nov-21 10:14:46] [trace] [  JLink] - JLINK_CORESIGHT_WriteAPDPReg(AP reg 0x01, 0x50003A04)  
[2024-Nov-21 10:14:46] [trace] [  JLink] - - 0.227ms returns 0  
[2024-Nov-21 10:14:46] [trace] [  JLink] - JLINK_HasError()  
[2024-Nov-21 10:14:46] [debug] [SeggerBackend] - ---just_read_access_port_register
[2024-Nov-21 10:14:46] [debug] [SeggerBackend] - ---just_select_access_port_register
[2024-Nov-21 10:14:46] [trace] [  JLink] - JLINK_CORESIGHT_ReadAPDPReg(AP reg 0x03)  
[2024-Nov-21 10:14:46] [trace] [  JLink] - Value=0x80000012
[2024-Nov-21 10:14:46] [trace] [  JLink] - - 0.232ms returns 0  
[2024-Nov-21 10:14:46] [trace] [  JLink] - JLINK_HasError()  
[2024-Nov-21 10:14:46] [debug] [SeggerBackend] - ---just_read_access_port_register
[2024-Nov-21 10:14:46] [debug] [SeggerBackend] - ---just_select_access_port_register
[2024-Nov-21 10:14:46] [debug] [SeggerBackend] - Select AP 0, DP Bank 0, AP Bank 15
[2024-Nov-21 10:14:46] [trace] [  JLink] - JLINK_CORESIGHT_WriteAPDPReg(DP reg 0x02, 0x000000F0)  
[2024-Nov-21 10:14:46] [trace] [  JLink] - - 0.188ms returns 0  
[2024-Nov-21 10:14:46] [trace] [  JLink] - JLINK_HasError()  
[2024-Nov-21 10:14:46] [trace] [  JLink] - JLINK_CORESIGHT_ReadAPDPReg(AP reg 0x03)  
[2024-Nov-21 10:14:46] [trace] [  JLink] - Value=0x84770001
[2024-Nov-21 10:14:46] [trace] [  JLink] - - 0.216ms returns 0  
[2024-Nov-21 10:14:46] [trace] [  JLink] - JLINK_HasError()  
[2024-Nov-21 10:14:46] [debug] [  nRF53] - Peripheral at address 0x50081000 has secure properties Selectable Secure
[2024-Nov-21 10:14:46] [debug] [SeggerBackend] - write_u32
[2024-Nov-21 10:14:46] [debug] [SeggerBackend] - ---just_connect_to_device
[2024-Nov-21 10:14:46] [debug] [SeggerBackend] - is_connected_to_device
[2024-Nov-21 10:14:46] [debug] [SeggerBackend] - ---just_write_u32
[2024-Nov-21 10:14:46] [debug] [SeggerBackend] - ---just_write_debug_port_register
[2024-Nov-21 10:14:46] [debug] [SeggerBackend] - ---just_select_debug_port_register
[2024-Nov-21 10:14:46] [debug] [SeggerBackend] - Select AP 255, DP Bank 0, AP Bank 255
[2024-Nov-21 10:14:46] [trace] [  JLink] - JLINK_CORESIGHT_WriteAPDPReg(DP reg 0x02, 0x00000000)  
[2024-Nov-21 10:14:46] [trace] [  JLink] - - 0.309ms returns 0  
[2024-Nov-21 10:14:46] [trace] [  JLink] - JLINK_HasError()  
[2024-Nov-21 10:14:46] [trace] [  JLink] - JLINK_CORESIGHT_WriteAPDPReg(DP reg 0x02, 0x00000000)  
[2024-Nov-21 10:14:46] [trace] [  JLink] - - 0.201ms returns 0  
[2024-Nov-21 10:14:46] [trace] [  JLink] - JLINK_HasError()  
[2024-Nov-21 10:14:46] [trace] [  JLink] - JLINK_WriteU32_64(0x50081644, 0xFFFFFFFF)  
[2024-Nov-21 10:14:46] [trace] [  JLink] - CPU_WriteMem(4 bytes @ 0x50081644)
[2024-Nov-21 10:14:46] [trace] [  JLink] - - 1.241ms returns 0 (0x00000000)  
[2024-Nov-21 10:14:46] [trace] [  JLink] - JLINK_HasError()  
[2024-Nov-21 10:14:46] [debug] [SeggerBackend] - is_secure_debug_available
[2024-Nov-21 10:14:46] [debug] [SeggerBackend] - read_access_port_register
[2024-Nov-21 10:14:46] [debug] [SeggerBackend] - ---just_read_access_port_register
[2024-Nov-21 10:14:46] [debug] [SeggerBackend] - ---just_select_access_port_register
[2024-Nov-21 10:14:46] [trace] [  JLink] - JLINK_CORESIGHT_ReadAPDPReg(AP reg 0x00)  
[2024-Nov-21 10:14:46] [trace] [  JLink] - Value=0x03800052
[2024-Nov-21 10:14:46] [trace] [  JLink] - - 0.398ms returns 0  
[2024-Nov-21 10:14:46] [trace] [  JLink] - JLINK_HasError()  
[2024-Nov-21 10:14:46] [debug] [  nRF53] - Just_get_secure_nonsecure_address
[2024-Nov-21 10:14:46] [debug] [  nRF53] - update_periph_secure_state
[2024-Nov-21 10:14:46] [debug] [SeggerBackend] - is_secure_debug_available
[2024-Nov-21 10:14:46] [debug] [SeggerBackend] - read_access_port_register
[2024-Nov-21 10:14:46] [debug] [SeggerBackend] - ---just_read_access_port_register
[2024-Nov-21 10:14:46] [debug] [SeggerBackend] - ---just_select_access_port_register
[2024-Nov-21 10:14:46] [trace] [  JLink] - JLINK_CORESIGHT_ReadAPDPReg(AP reg 0x00)  
[2024-Nov-21 10:14:46] [trace] [  JLink] - Value=0x03800052
[2024-Nov-21 10:14:46] [trace] [  JLink] - - 0.227ms returns 0  
[2024-Nov-21 10:14:46] [trace] [  JLink] - JLINK_HasError()  
[2024-Nov-21 10:14:46] [debug] [  nRF53] - Reading addr 0x50003A04: secure state of peripheral from SPU @0x50003000 (S) (slave index 129).
[2024-Nov-21 10:14:46] [debug] [SeggerBackend] - ahb_read_u32
[2024-Nov-21 10:14:46] [debug] [SeggerBackend] - ---just_read_access_port_register
[2024-Nov-21 10:14:46] [debug] [SeggerBackend] - ---just_select_access_port_register
[2024-Nov-21 10:14:46] [trace] [  JLink] - JLINK_CORESIGHT_ReadAPDPReg(AP reg 0x00)  
[2024-Nov-21 10:14:46] [trace] [  JLink] - Value=0x03800052
[2024-Nov-21 10:14:46] [trace] [  JLink] - - 0.401ms returns 0  
[2024-Nov-21 10:14:46] [trace] [  JLink] - JLINK_HasError()  
[2024-Nov-21 10:14:46] [debug] [SeggerBackend] - ---just_write_access_port_register
[2024-Nov-21 10:14:46] [debug] [SeggerBackend] - ---just_select_access_port_register
[2024-Nov-21 10:14:46] [trace] [  JLink] - JLINK_CORESIGHT_WriteAPDPReg(AP reg 0x00, 0x03800052)  
[2024-Nov-21 10:14:46] [trace] [  JLink] - - 0.328ms returns 0  
[2024-Nov-21 10:14:46] [trace] [  JLink] - JLINK_HasError()  
[2024-Nov-21 10:14:46] [debug] [SeggerBackend] - ---just_write_access_port_register
[2024-Nov-21 10:14:46] [debug] [SeggerBackend] - ---just_select_access_port_register
[2024-Nov-21 10:14:46] [trace] [  JLink] - JLINK_CORESIGHT_WriteAPDPReg(AP reg 0x01, 0x50003A04)  
[2024-Nov-21 10:14:46] [trace] [  JLink] - - 0.203ms returns 0  
[2024-Nov-21 10:14:46] [trace] [  JLink] - JLINK_HasError()  
[2024-Nov-21 10:14:46] [debug] [SeggerBackend] - ---just_read_access_port_register
[2024-Nov-21 10:14:46] [debug] [SeggerBackend] - ---just_select_access_port_register
[2024-Nov-21 10:14:46] [trace] [  JLink] - JLINK_CORESIGHT_ReadAPDPReg(AP reg 0x03)  
[2024-Nov-21 10:14:46] [trace] [  JLink] - Value=0x80000012
[2024-Nov-21 10:14:46] [trace] [  JLink] - - 0.826ms returns 0  
[2024-Nov-21 10:14:46] [trace] [  JLink] - JLINK_HasError()  
[2024-Nov-21 10:14:46] [debug] [SeggerBackend] - ---just_read_access_port_register
[2024-Nov-21 10:14:46] [debug] [SeggerBackend] - ---just_select_access_port_register
[2024-Nov-21 10:14:46] [debug] [SeggerBackend] - Select AP 0, DP Bank 0, AP Bank 15
[2024-Nov-21 10:14:46] [trace] [  JLink] - JLINK_CORESIGHT_WriteAPDPReg(DP reg 0x02, 0x000000F0)  
[2024-Nov-21 10:14:46] [trace] [  JLink] - - 0.270ms returns 0  
[2024-Nov-21 10:14:46] [trace] [  JLink] - JLINK_HasError()  
[2024-Nov-21 10:14:46] [trace] [  JLink] - JLINK_CORESIGHT_ReadAPDPReg(AP reg 0x03)  
[2024-Nov-21 10:14:46] [trace] [  JLink] - Value=0x84770001
[2024-Nov-21 10:14:46] [trace] [  JLink] - - 0.252ms returns 0  
[2024-Nov-21 10:14:46] [trace] [  JLink] - JLINK_HasError()  
[2024-Nov-21 10:14:46] [debug] [  nRF53] - Peripheral at address 0x50081000 has secure properties Selectable Secure
[2024-Nov-21 10:14:46] [debug] [SeggerBackend] - write_u32
[2024-Nov-21 10:14:46] [debug] [SeggerBackend] - ---just_connect_to_device
[2024-Nov-21 10:14:46] [debug] [SeggerBackend] - is_connected_to_device
[2024-Nov-21 10:14:46] [debug] [SeggerBackend] - ---just_write_u32
[2024-Nov-21 10:14:46] [debug] [SeggerBackend] - ---just_write_debug_port_register
[2024-Nov-21 10:14:46] [debug] [SeggerBackend] - ---just_select_debug_port_register
[2024-Nov-21 10:14:46] [debug] [SeggerBackend] - Select AP 255, DP Bank 0, AP Bank 255
[2024-Nov-21 10:14:46] [trace] [  JLink] - JLINK_CORESIGHT_WriteAPDPReg(DP reg 0x02, 0x00000000)  
[2024-Nov-21 10:14:46] [trace] [  JLink] - - 0.303ms returns 0  
[2024-Nov-21 10:14:46] [trace] [  JLink] - JLINK_HasError()  
[2024-Nov-21 10:14:46] [trace] [  JLink] - JLINK_CORESIGHT_WriteAPDPReg(DP reg 0x02, 0x00000000)  
[2024-Nov-21 10:14:46] [trace] [  JLink] - - 0.235ms returns 0  
[2024-Nov-21 10:14:46] [trace] [  JLink] - JLINK_HasError()  
[2024-Nov-21 10:14:46] [trace] [  JLink] - JLINK_WriteU32_64(0x50081654, 0xFFFFFFFF)  
[2024-Nov-21 10:14:46] [trace] [  JLink] - CPU_WriteMem(4 bytes @ 0x50081654)
[2024-Nov-21 10:14:46] [trace] [  JLink] - - 0.345ms returns 0 (0x00000000)  
[2024-Nov-21 10:14:46] [trace] [  JLink] - JLINK_HasError()  
[2024-Nov-21 10:14:46] [debug] [SeggerBackend] - is_secure_debug_available
[2024-Nov-21 10:14:46] [debug] [SeggerBackend] - read_access_port_register
[2024-Nov-21 10:14:46] [debug] [SeggerBackend] - ---just_read_access_port_register
[2024-Nov-21 10:14:46] [debug] [SeggerBackend] - ---just_select_access_port_register
[2024-Nov-21 10:14:46] [trace] [  JLink] - JLINK_CORESIGHT_ReadAPDPReg(AP reg 0x00)  
[2024-Nov-21 10:14:46] [trace] [  JLink] - Value=0x03800052
[2024-Nov-21 10:14:46] [trace] [  JLink] - - 0.418ms returns 0  
[2024-Nov-21 10:14:46] [trace] [  JLink] - JLINK_HasError()  
[2024-Nov-21 10:14:46] [debug] [  nRF53] - Just_get_secure_nonsecure_address
[2024-Nov-21 10:14:46] [debug] [  nRF53] - update_periph_secure_state
[2024-Nov-21 10:14:46] [debug] [SeggerBackend] - is_secure_debug_available
[2024-Nov-21 10:14:46] [debug] [SeggerBackend] - read_access_port_register
[2024-Nov-21 10:14:46] [debug] [SeggerBackend] - ---just_read_access_port_register
[2024-Nov-21 10:14:46] [debug] [SeggerBackend] - ---just_select_access_port_register
[2024-Nov-21 10:14:46] [trace] [  JLink] - JLINK_CORESIGHT_ReadAPDPReg(AP reg 0x00)  
[2024-Nov-21 10:14:46] [trace] [  JLink] - Value=0x03800052
[2024-Nov-21 10:14:46] [trace] [  JLink] - - 0.245ms returns 0  
[2024-Nov-21 10:14:46] [trace] [  JLink] - JLINK_HasError()  
[2024-Nov-21 10:14:46] [debug] [  nRF53] - Reading addr 0x50003A04: secure state of peripheral from SPU @0x50003000 (S) (slave index 129).
[2024-Nov-21 10:14:46] [debug] [SeggerBackend] - ahb_read_u32
[2024-Nov-21 10:14:46] [debug] [SeggerBackend] - ---just_read_access_port_register
[2024-Nov-21 10:14:46] [debug] [SeggerBackend] - ---just_select_access_port_register
[2024-Nov-21 10:14:46] [trace] [  JLink] - JLINK_CORESIGHT_ReadAPDPReg(AP reg 0x00)  
[2024-Nov-21 10:14:46] [trace] [  JLink] - Value=0x03800052
[2024-Nov-21 10:14:46] [trace] [  JLink] - - 0.231ms returns 0  
[2024-Nov-21 10:14:46] [trace] [  JLink] - JLINK_HasError()  
[2024-Nov-21 10:14:46] [debug] [SeggerBackend] - ---just_write_access_port_register
[2024-Nov-21 10:14:46] [debug] [SeggerBackend] - ---just_select_access_port_register
[2024-Nov-21 10:14:46] [trace] [  JLink] - JLINK_CORESIGHT_WriteAPDPReg(AP reg 0x00, 0x03800052)  
[2024-Nov-21 10:14:46] [trace] [  JLink] - - 0.215ms returns 0  
[2024-Nov-21 10:14:46] [trace] [  JLink] - JLINK_HasError()  
[2024-Nov-21 10:14:46] [debug] [SeggerBackend] - ---just_write_access_port_register
[2024-Nov-21 10:14:46] [debug] [SeggerBackend] - ---just_select_access_port_register
[2024-Nov-21 10:14:46] [trace] [  JLink] - JLINK_CORESIGHT_WriteAPDPReg(AP reg 0x01, 0x50003A04)  
[2024-Nov-21 10:14:46] [trace] [  JLink] - - 0.228ms returns 0  
[2024-Nov-21 10:14:46] [trace] [  JLink] - JLINK_HasError()  
[2024-Nov-21 10:14:46] [debug] [SeggerBackend] - ---just_read_access_port_register
[2024-Nov-21 10:14:46] [debug] [SeggerBackend] - ---just_select_access_port_register
[2024-Nov-21 10:14:46] [trace] [  JLink] - JLINK_CORESIGHT_ReadAPDPReg(AP reg 0x03)  
[2024-Nov-21 10:14:46] [trace] [  JLink] - Value=0x80000012
[2024-Nov-21 10:14:46] [trace] [ Client] - Command write executed for 70 milliseconds with result 0
[2024-Nov-21 10:14:46] [trace] [  JLink] - - 0.237ms returns 0  
[2024-Nov-21 10:14:46] [trace] [  JLink] - JLINK_HasError()  
[2024-Nov-21 10:14:46] [debug] [SeggerBackend] - ---just_read_access_port_register
[2024-Nov-21 10:14:46] [debug] [SeggerBackend] - ---just_select_access_port_register
[2024-Nov-21 10:14:46] [debug] [SeggerBackend] - Select AP 0, DP Bank 0, AP Bank 15
[2024-Nov-21 10:14:46] [trace] [  JLink] - JLINK_CORESIGHT_WriteAPDPReg(DP reg 0x02, 0x000000F0)  
[2024-Nov-21 10:14:46] [trace] [  JLink] - - 0.202ms returns 0  
[2024-Nov-21 10:14:46] [trace] [  JLink] - JLINK_HasError()  
[2024-Nov-21 10:14:46] [trace] [  JLink] - JLINK_CORESIGHT_ReadAPDPReg(AP reg 0x03)  
[2024-Nov-21 10:14:46] [trace] [  JLink] - Value=0x84770001
[2024-Nov-21 10:14:46] [trace] [  JLink] - - 0.296ms returns 0  
[2024-Nov-21 10:14:46] [trace] [  JLink] - JLINK_HasError()  
[2024-Nov-21 10:14:46] [debug] [  nRF53] - Peripheral at address 0x50081000 has secure properties Selectable Secure
[2024-Nov-21 10:14:46] [debug] [SeggerBackend] - write_u32
[2024-Nov-21 10:14:46] [debug] [SeggerBackend] - ---just_connect_to_device
[2024-Nov-21 10:14:46] [debug] [SeggerBackend] - is_connected_to_device
[2024-Nov-21 10:14:46] [debug] [SeggerBackend] - ---just_write_u32
[2024-Nov-21 10:14:46] [debug] [SeggerBackend] - ---just_write_debug_port_register
[2024-Nov-21 10:14:46] [debug] [SeggerBackend] - ---just_select_debug_port_register
[2024-Nov-21 10:14:46] [debug] [SeggerBackend] - Select AP 255, DP Bank 0, AP Bank 255
[2024-Nov-21 10:14:46] [trace] [  JLink] - JLINK_CORESIGHT_WriteAPDPReg(DP reg 0x02, 0x00000000)  
[2024-Nov-21 10:14:46] [trace] [  JLink] - - 0.216ms returns 0  
[2024-Nov-21 10:14:46] [trace] [  JLink] - JLINK_HasError()  
[2024-Nov-21 10:14:46] [trace] [  JLink] - JLINK_CORESIGHT_WriteAPDPReg(DP reg 0x02, 0x00000000)  
[2024-Nov-21 10:14:46] [trace] [  JLink] - - 0.218ms returns 0  
[2024-Nov-21 10:14:46] [trace] [  JLink] - JLINK_HasError()  
[2024-Nov-21 10:14:46] [trace] [  JLink] - JLINK_WriteU32_64(0x50081664, 0xFFFFFFFF)  
[2024-Nov-21 10:14:46] [trace] [  JLink] - CPU_WriteMem(4 bytes @ 0x50081664)
[2024-Nov-21 10:14:46] [trace] [  JLink] - - 0.346ms returns 0 (0x00000000)  
[2024-Nov-21 10:14:46] [trace] [  JLink] - JLINK_HasError()  
[2024-Nov-21 10:14:46] [debug] [SeggerBackend] - is_secure_debug_available
[2024-Nov-21 10:14:46] [debug] [SeggerBackend] - read_access_port_register
[2024-Nov-21 10:14:46] [debug] [SeggerBackend] - ---just_read_access_port_register
[2024-Nov-21 10:14:46] [debug] [SeggerBackend] - ---just_select_access_port_register
[2024-Nov-21 10:14:46] [trace] [  JLink] - JLINK_CORESIGHT_ReadAPDPReg(AP reg 0x00)  
[2024-Nov-21 10:14:46] [trace] [  JLink] - Value=0x03800052
[2024-Nov-21 10:14:46] [trace] [  JLink] - - 0.416ms returns 0  
[2024-Nov-21 10:14:46] [trace] [  JLink] - JLINK_HasError()  
[2024-Nov-21 10:14:46] [debug] [  nRF53] - Just_get_secure_nonsecure_address
[2024-Nov-21 10:14:46] [debug] [  nRF53] - update_periph_secure_state
[2024-Nov-21 10:14:46] [debug] [SeggerBackend] - is_secure_debug_available
[2024-Nov-21 10:14:46] [debug] [SeggerBackend] - read_access_port_register
[2024-Nov-21 10:14:46] [debug] [SeggerBackend] - ---just_read_access_port_register
[2024-Nov-21 10:14:46] [debug] [SeggerBackend] - ---just_select_access_port_register
[2024-Nov-21 10:14:46] [trace] [  JLink] - JLINK_CORESIGHT_ReadAPDPReg(AP reg 0x00)  
[2024-Nov-21 10:14:46] [trace] [  JLink] - Value=0x03800052
[2024-Nov-21 10:14:46] [trace] [  JLink] - - 0.319ms returns 0  
[2024-Nov-21 10:14:46] [trace] [  JLink] - JLINK_HasError()  
[2024-Nov-21 10:14:46] [debug] [  nRF53] - Reading addr 0x50003A04: secure state of peripheral from SPU @0x50003000 (S) (slave index 129).
[2024-Nov-21 10:14:46] [debug] [SeggerBackend] - ahb_read_u32
[2024-Nov-21 10:14:46] [debug] [SeggerBackend] - ---just_read_access_port_register
[2024-Nov-21 10:14:46] [debug] [SeggerBackend] - ---just_select_access_port_register
[2024-Nov-21 10:14:46] [trace] [  JLink] - JLINK_CORESIGHT_ReadAPDPReg(AP reg 0x00)  
[2024-Nov-21 10:14:46] [trace] [  JLink] - Value=0x03800052
[2024-Nov-21 10:14:46] [trace] [  JLink] - - 0.251ms returns 0  
[2024-Nov-21 10:14:46] [trace] [  JLink] - JLINK_HasError()  
[2024-Nov-21 10:14:46] [debug] [SeggerBackend] - ---just_write_access_port_register
[2024-Nov-21 10:14:46] [debug] [SeggerBackend] - ---just_select_access_port_register
[2024-Nov-21 10:14:46] [trace] [  JLink] - JLINK_CORESIGHT_WriteAPDPReg(AP reg 0x00, 0x03800052)  
[2024-Nov-21 10:14:46] [trace] [  JLink] - - 0.350ms returns 0  
[2024-Nov-21 10:14:46] [trace] [  JLink] - JLINK_HasError()  
[2024-Nov-21 10:14:46] [debug] [SeggerBackend] - ---just_write_access_port_register
[2024-Nov-21 10:14:46] [debug] [SeggerBackend] - ---just_select_access_port_register
[2024-Nov-21 10:14:46] [trace] [  JLink] - JLINK_CORESIGHT_WriteAPDPReg(AP reg 0x01, 0x50003A04)  
[2024-Nov-21 10:14:46] [trace] [  JLink] - - 0.194ms returns 0  
[2024-Nov-21 10:14:46] [trace] [  JLink] - JLINK_HasError()  
[2024-Nov-21 10:14:46] [debug] [SeggerBackend] - ---just_read_access_port_register
[2024-Nov-21 10:14:46] [debug] [SeggerBackend] - ---just_select_access_port_register
[2024-Nov-21 10:14:46] [trace] [  JLink] - JLINK_CORESIGHT_ReadAPDPReg(AP reg 0x03)  
[2024-Nov-21 10:14:46] [trace] [  JLink] - Value=0x80000012
[2024-Nov-21 10:14:46] [trace] [  JLink] - - 0.234ms returns 0  
[2024-Nov-21 10:14:46] [trace] [  JLink] - JLINK_HasError()  
[2024-Nov-21 10:14:46] [debug] [SeggerBackend] - ---just_read_access_port_register
[2024-Nov-21 10:14:46] [debug] [SeggerBackend] - ---just_select_access_port_register
[2024-Nov-21 10:14:46] [debug] [SeggerBackend] - Select AP 0, DP Bank 0, AP Bank 15
[2024-Nov-21 10:14:46] [trace] [  JLink] - JLINK_CORESIGHT_WriteAPDPReg(DP reg 0x02, 0x000000F0)  
[2024-Nov-21 10:14:46] [trace] [  JLink] - - 0.195ms returns 0  
[2024-Nov-21 10:14:46] [trace] [  JLink] - JLINK_HasError()  
[2024-Nov-21 10:14:46] [trace] [  JLink] - JLINK_CORESIGHT_ReadAPDPReg(AP reg 0x03)  
[2024-Nov-21 10:14:46] [trace] [  JLink] - Value=0x84770001
[2024-Nov-21 10:14:46] [trace] [  JLink] - - 0.371ms returns 0  
[2024-Nov-21 10:14:46] [trace] [  JLink] - JLINK_HasError()  
[2024-Nov-21 10:14:46] [debug] [  nRF53] - Peripheral at address 0x50081000 has secure properties Selectable Secure
[2024-Nov-21 10:14:46] [debug] [SeggerBackend] - write_u32
[2024-Nov-21 10:14:46] [debug] [SeggerBackend] - ---just_connect_to_device
[2024-Nov-21 10:14:46] [debug] [SeggerBackend] - is_connected_to_device
[2024-Nov-21 10:14:46] [debug] [SeggerBackend] - ---just_write_u32
[2024-Nov-21 10:14:46] [debug] [SeggerBackend] - ---just_write_debug_port_register
[2024-Nov-21 10:14:46] [debug] [SeggerBackend] - ---just_select_debug_port_register
[2024-Nov-21 10:14:46] [debug] [SeggerBackend] - Select AP 255, DP Bank 0, AP Bank 255
[2024-Nov-21 10:14:46] [trace] [  JLink] - JLINK_CORESIGHT_WriteAPDPReg(DP reg 0x02, 0x00000000)  
[2024-Nov-21 10:14:46] [trace] [  JLink] - - 0.296ms returns 0  
[2024-Nov-21 10:14:46] [trace] [  JLink] - JLINK_HasError()  
[2024-Nov-21 10:14:46] [trace] [  JLink] - JLINK_CORESIGHT_WriteAPDPReg(DP reg 0x02, 0x00000000)  
[2024-Nov-21 10:14:46] [trace] [  JLink] - - 0.237ms returns 0  
[2024-Nov-21 10:14:46] [trace] [  JLink] - JLINK_HasError()  
[2024-Nov-21 10:14:46] [trace] [  JLink] - JLINK_WriteU32_64(0x50081674, 0xFFFFFFFF)  
[2024-Nov-21 10:14:46] [trace] [  JLink] - CPU_WriteMem(4 bytes @ 0x50081674)
[2024-Nov-21 10:14:46] [trace] [  JLink] - - 0.546ms returns 0 (0x00000000)  
[2024-Nov-21 10:14:46] [trace] [  JLink] - JLINK_HasError()  
[2024-Nov-21 10:14:46] [debug] [  nRF53] - Just_clear_resetreas
[2024-Nov-21 10:14:46] [debug] [SeggerBackend] - is_secure_debug_available
[2024-Nov-21 10:14:46] [debug] [SeggerBackend] - read_access_port_register
[2024-Nov-21 10:14:46] [debug] [SeggerBackend] - ---just_read_access_port_register
[2024-Nov-21 10:14:46] [debug] [SeggerBackend] - ---just_select_access_port_register
[2024-Nov-21 10:14:46] [trace] [  JLink] - JLINK_CORESIGHT_ReadAPDPReg(AP reg 0x00)  
[2024-Nov-21 10:14:46] [trace] [  JLink] - Value=0x03800052
[2024-Nov-21 10:14:46] [trace] [  JLink] - - 0.231ms returns 0  
[2024-Nov-21 10:14:46] [trace] [  JLink] - JLINK_HasError()  
[2024-Nov-21 10:14:46] [debug] [  nRF53] - Just_get_secure_nonsecure_address
[2024-Nov-21 10:14:46] [debug] [  nRF53] - update_periph_secure_state
[2024-Nov-21 10:14:46] [debug] [SeggerBackend] - is_secure_debug_available
[2024-Nov-21 10:14:46] [debug] [SeggerBackend] - read_access_port_register
[2024-Nov-21 10:14:46] [debug] [SeggerBackend] - ---just_read_access_port_register
[2024-Nov-21 10:14:46] [debug] [SeggerBackend] - ---just_select_access_port_register
[2024-Nov-21 10:14:46] [trace] [  JLink] - JLINK_CORESIGHT_ReadAPDPReg(AP reg 0x00)  
[2024-Nov-21 10:14:46] [trace] [  JLink] - Value=0x03800052
[2024-Nov-21 10:14:46] [trace] [  JLink] - - 0.226ms returns 0  
[2024-Nov-21 10:14:46] [trace] [  JLink] - JLINK_HasError()  
[2024-Nov-21 10:14:46] [debug] [  nRF53] - Reading addr 0x50003814: secure state of peripheral from SPU @0x50003000 (S) (slave index 5).
[2024-Nov-21 10:14:46] [debug] [SeggerBackend] - ahb_read_u32
[2024-Nov-21 10:14:46] [debug] [SeggerBackend] - ---just_read_access_port_register
[2024-Nov-21 10:14:46] [debug] [SeggerBackend] - ---just_select_access_port_register
[2024-Nov-21 10:14:46] [trace] [  JLink] - JLINK_CORESIGHT_ReadAPDPReg(AP reg 0x00)  
[2024-Nov-21 10:14:46] [trace] [  JLink] - Value=0x03800052
[2024-Nov-21 10:14:46] [trace] [  JLink] - - 0.364ms returns 0  
[2024-Nov-21 10:14:46] [trace] [  JLink] - JLINK_HasError()  
[2024-Nov-21 10:14:46] [debug] [SeggerBackend] - ---just_write_access_port_register
[2024-Nov-21 10:14:46] [debug] [SeggerBackend] - ---just_select_access_port_register
[2024-Nov-21 10:14:46] [trace] [  JLink] - JLINK_CORESIGHT_WriteAPDPReg(AP reg 0x00, 0x03800052)  
[2024-Nov-21 10:14:46] [trace] [  JLink] - - 0.298ms returns 0  
[2024-Nov-21 10:14:46] [trace] [  JLink] - JLINK_HasError()  
[2024-Nov-21 10:14:46] [debug] [SeggerBackend] - ---just_write_access_port_register
[2024-Nov-21 10:14:46] [debug] [SeggerBackend] - ---just_select_access_port_register
[2024-Nov-21 10:14:46] [trace] [  JLink] - JLINK_CORESIGHT_WriteAPDPReg(AP reg 0x01, 0x50003814)  
[2024-Nov-21 10:14:46] [trace] [  JLink] - - 0.198ms returns 0  
[2024-Nov-21 10:14:46] [trace] [  JLink] - JLINK_HasError()  
[2024-Nov-21 10:14:46] [debug] [SeggerBackend] - ---just_read_access_port_register
[2024-Nov-21 10:14:46] [debug] [SeggerBackend] - ---just_select_access_port_register
[2024-Nov-21 10:14:46] [trace] [  JLink] - JLINK_CORESIGHT_ReadAPDPReg(AP reg 0x03)  
[2024-Nov-21 10:14:46] [trace] [  JLink] - Value=0x80000012
[2024-Nov-21 10:14:46] [trace] [  JLink] - - 0.349ms returns 0  
[2024-Nov-21 10:14:46] [trace] [  JLink] - JLINK_HasError()  
[2024-Nov-21 10:14:46] [debug] [SeggerBackend] - ---just_read_access_port_register
[2024-Nov-21 10:14:46] [debug] [SeggerBackend] - ---just_select_access_port_register
[2024-Nov-21 10:14:46] [debug] [SeggerBackend] - Select AP 0, DP Bank 0, AP Bank 15
[2024-Nov-21 10:14:46] [trace] [  JLink] - JLINK_CORESIGHT_WriteAPDPReg(DP reg 0x02, 0x000000F0)  
[2024-Nov-21 10:14:46] [trace] [  JLink] - - 0.357ms returns 0  
[2024-Nov-21 10:14:46] [trace] [  JLink] - JLINK_HasError()  
[2024-Nov-21 10:14:46] [trace] [  JLink] - JLINK_CORESIGHT_ReadAPDPReg(AP reg 0x03)  
[2024-Nov-21 10:14:46] [trace] [  JLink] - Value=0x84770001
[2024-Nov-21 10:14:46] [trace] [  JLink] - - 0.234ms returns 0  
[2024-Nov-21 10:14:46] [trace] [  JLink] - JLINK_HasError()  
[2024-Nov-21 10:14:46] [debug] [  nRF53] - Peripheral at address 0x50005400 has secure properties Selectable Secure
[2024-Nov-21 10:14:46] [debug] [SeggerBackend] - write_u32
[2024-Nov-21 10:14:46] [debug] [SeggerBackend] - ---just_connect_to_device
[2024-Nov-21 10:14:46] [debug] [SeggerBackend] - is_connected_to_device
[2024-Nov-21 10:14:46] [debug] [SeggerBackend] - ---just_write_u32
[2024-Nov-21 10:14:46] [debug] [SeggerBackend] - ---just_write_debug_port_register
[2024-Nov-21 10:14:46] [debug] [SeggerBackend] - ---just_select_debug_port_register
[2024-Nov-21 10:14:46] [debug] [SeggerBackend] - Select AP 255, DP Bank 0, AP Bank 255
[2024-Nov-21 10:14:46] [trace] [  JLink] - JLINK_CORESIGHT_WriteAPDPReg(DP reg 0x02, 0x00000000)  
[2024-Nov-21 10:14:46] [trace] [  JLink] - - 0.356ms returns 0  
[2024-Nov-21 10:14:46] [trace] [  JLink] - JLINK_HasError()  
[2024-Nov-21 10:14:46] [trace] [  JLink] - JLINK_CORESIGHT_WriteAPDPReg(DP reg 0x02, 0x00000000)  
[2024-Nov-21 10:14:46] [trace] [  JLink] - - 0.296ms returns 0  
[2024-Nov-21 10:14:46] [trace] [  JLink] - JLINK_HasError()  
[2024-Nov-21 10:14:46] [trace] [  JLink] - JLINK_WriteU32_64(0x50005400, 0xFFFFFFFF)  
[2024-Nov-21 10:14:46] [trace] [  JLink] - CPU_WriteMem(4 bytes @ 0x50005400)
[2024-Nov-21 10:14:46] [trace] [  JLink] - - 0.331ms returns 0 (0x00000000)  
[2024-Nov-21 10:14:46] [trace] [  JLink] - JLINK_HasError()  
[2024-Nov-21 10:14:46] [trace] [  JLink] - - 0.002ms  
[2024-Nov-21 10:14:46] [trace] [ Worker] - Command recover executed for 1213 milliseconds with result 0
[2024-Nov-21 10:14:46] [debug] [  nRF53] - read_device_info
[2024-Nov-21 10:14:46] [debug] [SeggerBackend] - is_connected_to_emu
[2024-Nov-21 10:14:46] [trace] [  JLink] - JLINK_IsOpen()  
[2024-Nov-21 10:14:46] [trace] [  JLink] - - 0.004ms returns 0x01  
[2024-Nov-21 10:14:46] [trace] [  JLink] - JLINK_HasError()  
[2024-Nov-21 10:14:46] [trace] [  JLink] - JLINK_Lock()  
[2024-Nov-21 10:14:46] [debug] [  nRF53] - Just_read_device_version
[2024-Nov-21 10:14:46] [debug] [SeggerBackend] - read_access_port_register
[2024-Nov-21 10:14:46] [debug] [SeggerBackend] - ---just_read_access_port_register
[2024-Nov-21 10:14:46] [debug] [SeggerBackend] - ---just_is_debug_region_powered
[2024-Nov-21 10:14:46] [debug] [SeggerBackend] - ---just_read_debug_port_register
[2024-Nov-21 10:14:46] [debug] [SeggerBackend] - ---just_select_debug_port_register
[2024-Nov-21 10:14:46] [debug] [SeggerBackend] - Select AP 255, DP Bank 0, AP Bank 255
[2024-Nov-21 10:14:46] [trace] [  JLink] - JLINK_CORESIGHT_WriteAPDPReg(DP reg 0x02, 0x00000000)  
[2024-Nov-21 10:14:46] [trace] [  JLink] - - 0.270ms returns 0  
[2024-Nov-21 10:14:46] [trace] [  JLink] - JLINK_HasError()  
[2024-Nov-21 10:14:46] [trace] [  JLink] - JLINK_CORESIGHT_ReadAPDPReg(DP reg 0x01)  
[2024-Nov-21 10:14:46] [trace] [  JLink] - Value=0xF0000040
[2024-Nov-21 10:14:46] [trace] [  JLink] - - 0.310ms returns 0  
[2024-Nov-21 10:14:46] [trace] [  JLink] - JLINK_HasError()  
[2024-Nov-21 10:14:46] [debug] [SeggerBackend] - ---just_select_access_port_register
[2024-Nov-21 10:14:46] [debug] [SeggerBackend] - Select AP 2, DP Bank 0, AP Bank 3
[2024-Nov-21 10:14:46] [trace] [  JLink] - JLINK_CORESIGHT_WriteAPDPReg(DP reg 0x02, 0x02000030)  
[2024-Nov-21 10:14:46] [trace] [  JLink] - - 0.224ms returns 0  
[2024-Nov-21 10:14:46] [trace] [  JLink] - JLINK_HasError()  
[2024-Nov-21 10:14:46] [trace] [  JLink] - JLINK_CORESIGHT_ReadAPDPReg(AP reg 0x00)  
[2024-Nov-21 10:14:46] [trace] [  JLink] - Value=0x00000007
[2024-Nov-21 10:14:46] [trace] [  JLink] - - 0.249ms returns 0  
[2024-Nov-21 10:14:46] [trace] [  JLink] - JLINK_HasError()  
[2024-Nov-21 10:14:46] [debug] [SeggerBackend] - read_access_port_register
[2024-Nov-21 10:14:46] [debug] [SeggerBackend] - ---just_read_access_port_register
[2024-Nov-21 10:14:46] [debug] [SeggerBackend] - ---just_select_access_port_register
[2024-Nov-21 10:14:46] [trace] [  JLink] - JLINK_CORESIGHT_ReadAPDPReg(AP reg 0x01)  
[2024-Nov-21 10:14:46] [trace] [  JLink] - Value=0x00000005
[2024-Nov-21 10:14:46] [trace] [  JLink] - - 0.220ms returns 0  
[2024-Nov-21 10:14:46] [trace] [  JLink] - JLINK_HasError()  
[2024-Nov-21 10:14:46] [debug] [  nRF53] - Just_decode_device_version
[2024-Nov-21 10:14:46] [debug] [  nRF53] - Device identified as NRF5340_xxAA_REV1
[2024-Nov-21 10:14:46] [trace] [  JLink] - - 0.003ms  
[2024-Nov-21 10:14:46] [trace] [ Worker] - Command read_device_info executed for 1 milliseconds with result 0
[2024-Nov-21 10:14:46] [debug] [  nRF53] - write
[2024-Nov-21 10:14:46] [debug] [SeggerBackend] - is_connected_to_emu
[2024-Nov-21 10:14:46] [trace] [  JLink] - JLINK_IsOpen()  
[2024-Nov-21 10:14:46] [trace] [  JLink] - - 0.002ms returns 0x01  
[2024-Nov-21 10:14:46] [trace] [  JLink] - JLINK_HasError()  
[2024-Nov-21 10:14:46] [trace] [  JLink] - JLINK_Lock()  
[2024-Nov-21 10:14:46] [debug] [  nRF53] - Just_write
[2024-Nov-21 10:14:46] [debug] [SeggerBackend] - write
[2024-Nov-21 10:14:46] [debug] [SeggerBackend] - ---just_connect_to_device
[2024-Nov-21 10:14:46] [debug] [SeggerBackend] - is_connected_to_device
[2024-Nov-21 10:14:46] [trace] [  JLink] - JLINK_IsConnected()  
[2024-Nov-21 10:14:46] [trace] [  JLink] - - 0.001ms returns TRUE  
[2024-Nov-21 10:14:46] [trace] [  JLink] - JLINK_HasError()  
[2024-Nov-21 10:14:46] [debug] [SeggerBackend] - ---just_is_debug_region_powered
[2024-Nov-21 10:14:46] [debug] [SeggerBackend] - ---just_read_debug_port_register
[2024-Nov-21 10:14:46] [debug] [SeggerBackend] - ---just_select_debug_port_register
[2024-Nov-21 10:14:46] [debug] [SeggerBackend] - Select AP 255, DP Bank 0, AP Bank 255
[2024-Nov-21 10:14:46] [trace] [  JLink] - JLINK_CORESIGHT_WriteAPDPReg(DP reg 0x02, 0x00000000)  
[2024-Nov-21 10:14:46] [trace] [  JLink] - - 1.646ms returns 0  
[2024-Nov-21 10:14:46] [trace] [  JLink] - JLINK_HasError()  
[2024-Nov-21 10:14:46] [trace] [  JLink] - JLINK_CORESIGHT_ReadAPDPReg(DP reg 0x01)  
[2024-Nov-21 10:14:46] [trace] [  JLink] - Value=0xF0000040
[2024-Nov-21 10:14:46] [trace] [  JLink] - - 0.257ms returns 0  
[2024-Nov-21 10:14:46] [trace] [  JLink] - JLINK_HasError()  
[2024-Nov-21 10:14:46] [debug] [SeggerBackend] - ---just_halt
[2024-Nov-21 10:14:46] [trace] [  JLink] - JLINK_Halt()  
[2024-Nov-21 10:14:46] [trace] [  JLink] - - 0.004ms returns 0x00  
[2024-Nov-21 10:14:46] [trace] [  JLink] - JLINK_HasError()  
[2024-Nov-21 10:14:46] [debug] [SeggerBackend] - ---just_write
[2024-Nov-21 10:14:46] [debug] [  nRF53] - Just_nvmc_config_control
[2024-Nov-21 10:14:46] [debug] [SeggerBackend] - is_secure_debug_available
[2024-Nov-21 10:14:46] [debug] [SeggerBackend] - read_access_port_register
[2024-Nov-21 10:14:46] [debug] [SeggerBackend] - ---just_read_access_port_register
[2024-Nov-21 10:14:46] [debug] [SeggerBackend] - ---just_select_access_port_register
[2024-Nov-21 10:14:46] [debug] [SeggerBackend] - Select AP 0, DP Bank 255, AP Bank 0
[2024-Nov-21 10:14:46] [trace] [  JLink] - JLINK_CORESIGHT_WriteAPDPReg(DP reg 0x02, 0x00000000)  
[2024-Nov-21 10:14:46] [trace] [  JLink] - - 0.270ms returns 0  
[2024-Nov-21 10:14:46] [trace] [  JLink] - JLINK_HasError()  
[2024-Nov-21 10:14:46] [trace] [  JLink] - JLINK_CORESIGHT_ReadAPDPReg(AP reg 0x00)  
[2024-Nov-21 10:14:46] [trace] [  JLink] - Value=0x03800052
[2024-Nov-21 10:14:46] [trace] [  JLink] - - 0.250ms returns 0  
[2024-Nov-21 10:14:46] [trace] [  JLink] - JLINK_HasError()  
[2024-Nov-21 10:14:46] [debug] [  nRF53] - Just_get_secure_nonsecure_address
[2024-Nov-21 10:14:46] [debug] [  nRF53] - update_periph_secure_state
[2024-Nov-21 10:14:46] [debug] [SeggerBackend] - is_secure_debug_available
[2024-Nov-21 10:14:46] [debug] [SeggerBackend] - read_access_port_register
[2024-Nov-21 10:14:46] [debug] [SeggerBackend] - ---just_read_access_port_register
[2024-Nov-21 10:14:46] [debug] [SeggerBackend] - ---just_select_access_port_register
[2024-Nov-21 10:14:46] [trace] [  JLink] - JLINK_CORESIGHT_ReadAPDPReg(AP reg 0x00)  
[2024-Nov-21 10:14:46] [trace] [  JLink] - Value=0x03800052
[2024-Nov-21 10:14:46] [trace] [  JLink] - - 0.282ms returns 0  
[2024-Nov-21 10:14:46] [trace] [  JLink] - JLINK_HasError()  
[2024-Nov-21 10:14:46] [debug] [  nRF53] - Reading addr 0x500038E4: secure state of peripheral from SPU @0x50003000 (S) (slave index 57).
[2024-Nov-21 10:14:46] [debug] [SeggerBackend] - ahb_read_u32
[2024-Nov-21 10:14:46] [debug] [SeggerBackend] - ---just_read_access_port_register
[2024-Nov-21 10:14:46] [debug] [SeggerBackend] - ---just_select_access_port_register
[2024-Nov-21 10:14:46] [trace] [  JLink] - JLINK_CORESIGHT_ReadAPDPReg(AP reg 0x00)  
[2024-Nov-21 10:14:46] [trace] [  JLink] - Value=0x03800052
[2024-Nov-21 10:14:46] [trace] [  JLink] - - 0.378ms returns 0  
[2024-Nov-21 10:14:46] [trace] [  JLink] - JLINK_HasError()  
[2024-Nov-21 10:14:46] [debug] [SeggerBackend] - ---just_write_access_port_register
[2024-Nov-21 10:14:46] [debug] [SeggerBackend] - ---just_select_access_port_register
[2024-Nov-21 10:14:46] [trace] [  JLink] - JLINK_CORESIGHT_WriteAPDPReg(AP reg 0x00, 0x03800052)  
[2024-Nov-21 10:14:46] [trace] [  JLink] - - 5.028ms returns 0  
[2024-Nov-21 10:14:46] [trace] [  JLink] - JLINK_HasError()  
[2024-Nov-21 10:14:46] [debug] [SeggerBackend] - ---just_write_access_port_register
[2024-Nov-21 10:14:46] [debug] [SeggerBackend] - ---just_select_access_port_register
[2024-Nov-21 10:14:46] [trace] [  JLink] - JLINK_CORESIGHT_WriteAPDPReg(AP reg 0x01, 0x500038E4)  
[2024-Nov-21 10:14:46] [trace] [  JLink] - - 0.869ms returns 0  
[2024-Nov-21 10:14:46] [trace] [  JLink] - JLINK_HasError()  
[2024-Nov-21 10:14:46] [debug] [SeggerBackend] - ---just_read_access_port_register
[2024-Nov-21 10:14:46] [debug] [SeggerBackend] - ---just_select_access_port_register
[2024-Nov-21 10:14:46] [trace] [  JLink] - JLINK_CORESIGHT_ReadAPDPReg(AP reg 0x03)  
[2024-Nov-21 10:14:46] [trace] [  JLink] - Value=0x80000013
[2024-Nov-21 10:14:46] [trace] [  JLink] - - 0.650ms returns 0  
[2024-Nov-21 10:14:46] [trace] [  JLink] - JLINK_HasError()  
[2024-Nov-21 10:14:46] [debug] [SeggerBackend] - ---just_read_access_port_register
[2024-Nov-21 10:14:46] [debug] [SeggerBackend] - ---just_select_access_port_register
[2024-Nov-21 10:14:46] [debug] [SeggerBackend] - Select AP 0, DP Bank 0, AP Bank 15
[2024-Nov-21 10:14:46] [trace] [  JLink] - JLINK_CORESIGHT_WriteAPDPReg(DP reg 0x02, 0x000000F0)  
[2024-Nov-21 10:14:46] [trace] [  JLink] - - 0.321ms returns 0  
[2024-Nov-21 10:14:46] [trace] [  JLink] - JLINK_HasError()  
[2024-Nov-21 10:14:46] [trace] [  JLink] - JLINK_CORESIGHT_ReadAPDPReg(AP reg 0x03)  
[2024-Nov-21 10:14:46] [trace] [  JLink] - Value=0x84770001
[2024-Nov-21 10:14:46] [trace] [  JLink] - - 0.346ms returns 0  
[2024-Nov-21 10:14:46] [trace] [  JLink] - JLINK_HasError()  
[2024-Nov-21 10:14:46] [debug] [  nRF53] - Peripheral at address 0x50039584 has secure properties Fixed Secure, (split)
[2024-Nov-21 10:14:46] [debug] [  nRF53] - Just_get_secure_nonsecure_address
[2024-Nov-21 10:14:46] [debug] [  nRF53] - update_periph_secure_state
[2024-Nov-21 10:14:46] [debug] [SeggerBackend] - is_secure_debug_available
[2024-Nov-21 10:14:46] [debug] [SeggerBackend] - read_access_port_register
[2024-Nov-21 10:14:46] [debug] [SeggerBackend] - ---just_read_access_port_register
[2024-Nov-21 10:14:46] [debug] [SeggerBackend] - ---just_select_access_port_register
[2024-Nov-21 10:14:46] [debug] [SeggerBackend] - Select AP 0, DP Bank 0, AP Bank 0
[2024-Nov-21 10:14:46] [trace] [  JLink] - JLINK_CORESIGHT_WriteAPDPReg(DP reg 0x02, 0x00000000)  
[2024-Nov-21 10:14:46] [trace] [  JLink] - - 0.321ms returns 0  
[2024-Nov-21 10:14:46] [trace] [  JLink] - JLINK_HasError()  
[2024-Nov-21 10:14:46] [trace] [  JLink] - JLINK_CORESIGHT_ReadAPDPReg(AP reg 0x00)  
[2024-Nov-21 10:14:46] [trace] [  JLink] - Value=0x03800052
[2024-Nov-21 10:14:46] [trace] [  JLink] - - 0.239ms returns 0  
[2024-Nov-21 10:14:46] [trace] [  JLink] - JLINK_HasError()  
[2024-Nov-21 10:14:46] [debug] [  nRF53] - Reading addr 0x500038E4: secure state of peripheral from SPU @0x50003000 (S) (slave index 57).
[2024-Nov-21 10:14:46] [debug] [SeggerBackend] - ahb_read_u32
[2024-Nov-21 10:14:46] [debug] [SeggerBackend] - ---just_read_access_port_register
[2024-Nov-21 10:14:46] [debug] [SeggerBackend] - ---just_select_access_port_register
[2024-Nov-21 10:14:46] [trace] [  JLink] - JLINK_CORESIGHT_ReadAPDPReg(AP reg 0x00)  
[2024-Nov-21 10:14:46] [trace] [  JLink] - Value=0x03800052
[2024-Nov-21 10:14:46] [trace] [  JLink] - - 0.323ms returns 0  
[2024-Nov-21 10:14:46] [trace] [  JLink] - JLINK_HasError()  
[2024-Nov-21 10:14:46] [debug] [SeggerBackend] - ---just_write_access_port_register
[2024-Nov-21 10:14:46] [debug] [SeggerBackend] - ---just_select_access_port_register
[2024-Nov-21 10:14:46] [trace] [  JLink] - JLINK_CORESIGHT_WriteAPDPReg(AP reg 0x00, 0x03800052)  
[2024-Nov-21 10:14:46] [trace] [  JLink] - - 0.239ms returns 0  
[2024-Nov-21 10:14:46] [trace] [  JLink] - JLINK_HasError()  
[2024-Nov-21 10:14:46] [debug] [SeggerBackend] - ---just_write_access_port_register
[2024-Nov-21 10:14:46] [debug] [SeggerBackend] - ---just_select_access_port_register
[2024-Nov-21 10:14:46] [trace] [  JLink] - JLINK_CORESIGHT_WriteAPDPReg(AP reg 0x01, 0x500038E4)  
[2024-Nov-21 10:14:46] [trace] [  JLink] - - 0.201ms returns 0  
[2024-Nov-21 10:14:46] [trace] [  JLink] - JLINK_HasError()  
[2024-Nov-21 10:14:46] [debug] [SeggerBackend] - ---just_read_access_port_register
[2024-Nov-21 10:14:46] [debug] [SeggerBackend] - ---just_select_access_port_register
[2024-Nov-21 10:14:46] [trace] [  JLink] - JLINK_CORESIGHT_ReadAPDPReg(AP reg 0x03)  
[2024-Nov-21 10:14:46] [trace] [  JLink] - Value=0x80000013
[2024-Nov-21 10:14:46] [trace] [  JLink] - - 0.294ms returns 0  
[2024-Nov-21 10:14:46] [trace] [  JLink] - JLINK_HasError()  
[2024-Nov-21 10:14:46] [debug] [SeggerBackend] - ---just_read_access_port_register
[2024-Nov-21 10:14:46] [debug] [SeggerBackend] - ---just_select_access_port_register
[2024-Nov-21 10:14:46] [debug] [SeggerBackend] - Select AP 0, DP Bank 0, AP Bank 15
[2024-Nov-21 10:14:46] [trace] [  JLink] - JLINK_CORESIGHT_WriteAPDPReg(DP reg 0x02, 0x000000F0)  
[2024-Nov-21 10:14:46] [trace] [  JLink] - - 0.318ms returns 0  
[2024-Nov-21 10:14:46] [trace] [  JLink] - JLINK_HasError()  
[2024-Nov-21 10:14:46] [trace] [  JLink] - JLINK_CORESIGHT_ReadAPDPReg(AP reg 0x03)  
[2024-Nov-21 10:14:46] [trace] [  JLink] - Value=0x84770001
[2024-Nov-21 10:14:46] [trace] [  JLink] - - 0.228ms returns 0  
[2024-Nov-21 10:14:46] [trace] [  JLink] - JLINK_HasError()  
[2024-Nov-21 10:14:46] [debug] [  nRF53] - Peripheral at address 0x50039504 has secure properties Fixed Secure, (split)
[2024-Nov-21 10:14:46] [debug] [SeggerBackend] - write_u32
[2024-Nov-21 10:14:46] [debug] [SeggerBackend] - ---just_connect_to_device
[2024-Nov-21 10:14:46] [debug] [SeggerBackend] - is_connected_to_device
[2024-Nov-21 10:14:46] [debug] [SeggerBackend] - ---just_write_u32
[2024-Nov-21 10:14:46] [debug] [SeggerBackend] - ---just_write_debug_port_register
[2024-Nov-21 10:14:46] [debug] [SeggerBackend] - ---just_select_debug_port_register
[2024-Nov-21 10:14:46] [debug] [SeggerBackend] - Select AP 255, DP Bank 0, AP Bank 255
[2024-Nov-21 10:14:46] [trace] [  JLink] - JLINK_CORESIGHT_WriteAPDPReg(DP reg 0x02, 0x00000000)  
[2024-Nov-21 10:14:46] [trace] [  JLink] - - 0.192ms returns 0  
[2024-Nov-21 10:14:46] [trace] [  JLink] - JLINK_HasError()  
[2024-Nov-21 10:14:46] [trace] [  JLink] - JLINK_CORESIGHT_WriteAPDPReg(DP reg 0x02, 0x00000000)  
[2024-Nov-21 10:14:46] [trace] [  JLink] - - 0.721ms returns 0  
[2024-Nov-21 10:14:46] [trace] [  JLink] - JLINK_HasError()  
[2024-Nov-21 10:14:46] [trace] [  JLink] - JLINK_WriteU32_64(0x50039584, 0x00000001)  
[2024-Nov-21 10:14:46] [trace] [  JLink] - CPU_WriteMem(4 bytes @ 0x50039584)
[2024-Nov-21 10:14:46] [trace] [  JLink] - - 0.375ms returns 0 (0x00000000)  
[2024-Nov-21 10:14:46] [trace] [  JLink] - JLINK_HasError()  
[2024-Nov-21 10:14:46] [debug] [SeggerBackend] - write_u32
[2024-Nov-21 10:14:46] [debug] [SeggerBackend] - ---just_connect_to_device
[2024-Nov-21 10:14:46] [debug] [SeggerBackend] - is_connected_to_device
[2024-Nov-21 10:14:46] [debug] [SeggerBackend] - ---just_write_u32
[2024-Nov-21 10:14:46] [debug] [SeggerBackend] - ---just_write_debug_port_register
[2024-Nov-21 10:14:46] [debug] [SeggerBackend] - ---just_select_debug_port_register
[2024-Nov-21 10:14:46] [debug] [SeggerBackend] - Select AP 255, DP Bank 0, AP Bank 255
[2024-Nov-21 10:14:46] [trace] [  JLink] - JLINK_CORESIGHT_WriteAPDPReg(DP reg 0x02, 0x00000000)  
[2024-Nov-21 10:14:46] [trace] [  JLink] - - 0.387ms returns 0  
[2024-Nov-21 10:14:46] [trace] [  JLink] - JLINK_HasError()  
[2024-Nov-21 10:14:46] [trace] [  JLink] - JLINK_CORESIGHT_WriteAPDPReg(DP reg 0x02, 0x00000000)  
[2024-Nov-21 10:14:46] [trace] [  JLink] - - 1.892ms returns 0  
[2024-Nov-21 10:14:46] [trace] [  JLink] - JLINK_HasError()  
[2024-Nov-21 10:14:46] [trace] [  JLink] - JLINK_WriteU32_64(0x50039504, 0x00000001)  
[2024-Nov-21 10:14:46] [trace] [  JLink] - CPU_WriteMem(4 bytes @ 0x50039504)
[2024-Nov-21 10:14:46] [trace] [  JLink] - - 0.400ms returns 0 (0x00000000)  
[2024-Nov-21 10:14:46] [trace] [  JLink] - JLINK_HasError()  
[2024-Nov-21 10:14:46] [debug] [  nRF53] - Just_nvmc_wait_for_ready
[2024-Nov-21 10:14:46] [debug] [SeggerBackend] - is_secure_debug_available
[2024-Nov-21 10:14:46] [debug] [SeggerBackend] - read_access_port_register
[2024-Nov-21 10:14:46] [debug] [SeggerBackend] - ---just_read_access_port_register
[2024-Nov-21 10:14:46] [debug] [SeggerBackend] - ---just_select_access_port_register
[2024-Nov-21 10:14:46] [trace] [  JLink] - JLINK_CORESIGHT_ReadAPDPReg(AP reg 0x00)  
[2024-Nov-21 10:14:46] [trace] [  JLink] - Value=0x03800052
[2024-Nov-21 10:14:46] [trace] [  JLink] - - 0.226ms returns 0  
[2024-Nov-21 10:14:46] [trace] [  JLink] - JLINK_HasError()  
[2024-Nov-21 10:14:46] [debug] [  nRF53] - Just_get_secure_nonsecure_address
[2024-Nov-21 10:14:46] [debug] [  nRF53] - update_periph_secure_state
[2024-Nov-21 10:14:46] [debug] [SeggerBackend] - is_secure_debug_available
[2024-Nov-21 10:14:46] [debug] [SeggerBackend] - read_access_port_register
[2024-Nov-21 10:14:46] [debug] [SeggerBackend] - ---just_read_access_port_register
[2024-Nov-21 10:14:46] [debug] [SeggerBackend] - ---just_select_access_port_register
[2024-Nov-21 10:14:46] [trace] [  JLink] - JLINK_CORESIGHT_ReadAPDPReg(AP reg 0x00)  
[2024-Nov-21 10:14:46] [trace] [  JLink] - Value=0x03800052
[2024-Nov-21 10:14:46] [trace] [  JLink] - - 0.418ms returns 0  
[2024-Nov-21 10:14:46] [trace] [  JLink] - JLINK_HasError()  
[2024-Nov-21 10:14:46] [debug] [  nRF53] - Reading addr 0x500038E4: secure state of peripheral from SPU @0x50003000 (S) (slave index 57).
[2024-Nov-21 10:14:46] [debug] [SeggerBackend] - ahb_read_u32
[2024-Nov-21 10:14:46] [debug] [SeggerBackend] - ---just_read_access_port_register
[2024-Nov-21 10:14:46] [debug] [SeggerBackend] - ---just_select_access_port_register
[2024-Nov-21 10:14:46] [trace] [  JLink] - JLINK_CORESIGHT_ReadAPDPReg(AP reg 0x00)  
[2024-Nov-21 10:14:46] [trace] [  JLink] - Value=0x03800052
[2024-Nov-21 10:14:46] [trace] [  JLink] - - 0.228ms returns 0  
[2024-Nov-21 10:14:46] [trace] [  JLink] - JLINK_HasError()  
[2024-Nov-21 10:14:46] [debug] [SeggerBackend] - ---just_write_access_port_register
[2024-Nov-21 10:14:46] [debug] [SeggerBackend] - ---just_select_access_port_register
[2024-Nov-21 10:14:46] [trace] [  JLink] - JLINK_CORESIGHT_WriteAPDPReg(AP reg 0x00, 0x03800052)  
[2024-Nov-21 10:14:46] [trace] [  JLink] - - 0.208ms returns 0  
[2024-Nov-21 10:14:46] [trace] [  JLink] - JLINK_HasError()  
[2024-Nov-21 10:14:46] [debug] [SeggerBackend] - ---just_write_access_port_register
[2024-Nov-21 10:14:46] [debug] [SeggerBackend] - ---just_select_access_port_register
[2024-Nov-21 10:14:46] [trace] [  JLink] - JLINK_CORESIGHT_WriteAPDPReg(AP reg 0x01, 0x500038E4)  
[2024-Nov-21 10:14:46] [trace] [  JLink] - - 0.265ms returns 0  
[2024-Nov-21 10:14:46] [trace] [  JLink] - JLINK_HasError()  
[2024-Nov-21 10:14:46] [debug] [SeggerBackend] - ---just_read_access_port_register
[2024-Nov-21 10:14:46] [debug] [SeggerBackend] - ---just_select_access_port_register
[2024-Nov-21 10:14:46] [trace] [  JLink] - JLINK_CORESIGHT_ReadAPDPReg(AP reg 0x03)  
[2024-Nov-21 10:14:46] [trace] [  JLink] - Value=0x80000013
[2024-Nov-21 10:14:46] [trace] [  JLink] - - 0.250ms returns 0  
[2024-Nov-21 10:14:46] [trace] [  JLink] - JLINK_HasError()  
[2024-Nov-21 10:14:46] [debug] [SeggerBackend] - ---just_read_access_port_register
[2024-Nov-21 10:14:46] [debug] [SeggerBackend] - ---just_select_access_port_register
[2024-Nov-21 10:14:46] [debug] [SeggerBackend] - Select AP 0, DP Bank 0, AP Bank 15
[2024-Nov-21 10:14:46] [trace] [  JLink] - JLINK_CORESIGHT_WriteAPDPReg(DP reg 0x02, 0x000000F0)  
[2024-Nov-21 10:14:46] [trace] [  JLink] - - 0.190ms returns 0  
[2024-Nov-21 10:14:46] [trace] [  JLink] - JLINK_HasError()  
[2024-Nov-21 10:14:46] [trace] [  JLink] - JLINK_CORESIGHT_ReadAPDPReg(AP reg 0x03)  
[2024-Nov-21 10:14:46] [trace] [  JLink] - Value=0x84770001
[2024-Nov-21 10:14:46] [trace] [  JLink] - - 0.306ms returns 0  
[2024-Nov-21 10:14:46] [trace] [  JLink] - JLINK_HasError()  
[2024-Nov-21 10:14:46] [debug] [  nRF53] - Peripheral at address 0x50039400 has secure properties Fixed Secure, (split)
[2024-Nov-21 10:14:46] [debug] [SeggerBackend] - read_u32
[2024-Nov-21 10:14:46] [debug] [SeggerBackend] - ---just_connect_to_device
[2024-Nov-21 10:14:46] [debug] [SeggerBackend] - is_connected_to_device
[2024-Nov-21 10:14:46] [debug] [SeggerBackend] - ---just_read_u32
[2024-Nov-21 10:14:46] [debug] [SeggerBackend] - ---just_invalidate_cache
[2024-Nov-21 10:14:46] [trace] [  JLink] - JLINK_ExecCommand("InvalidateCache", ...).   
[2024-Nov-21 10:14:46] [trace] [  JLink] - - 0.001ms returns 0x00  
[2024-Nov-21 10:14:46] [trace] [  JLink] - JLINK_HasError()  
[2024-Nov-21 10:14:46] [trace] [  JLink] - JLINK_ReadMemU32(0x50039400, 0x1 Items)  
[2024-Nov-21 10:14:46] [trace] [  JLink] - CPU_ReadMem(4 bytes @ 0x50039400)
[2024-Nov-21 10:14:46] [trace] [  JLink] - Data:  01 00 00 00
[2024-Nov-21 10:14:46] [trace] [  JLink] - - 0.553ms returns 1 (0x1)  
[2024-Nov-21 10:14:46] [trace] [  JLink] - JLINK_HasError()  
[2024-Nov-21 10:14:46] [trace] [  JLink] - JLINK_WriteMem(0x00000000, 0xEA4 Bytes, ...)  
[2024-Nov-21 10:14:46] [trace] [  JLink] - Data:  00 00 04 20 8D 07 00 00 B5 07 00 00 B7 07 00 00 ...
[2024-Nov-21 10:14:46] [trace] [  JLink] - CPU_WriteMem(3748 bytes @ 0x00000000)
[2024-Nov-21 10:14:46] [trace] [  JLink] - - 24.955ms returns 0xEA4  
[2024-Nov-21 10:14:46] [trace] [  JLink] - JLINK_HasError()  
[2024-Nov-21 10:14:46] [debug] [  nRF53] - Just_nvmc_wait_for_ready
[2024-Nov-21 10:14:46] [debug] [SeggerBackend] - is_secure_debug_available
[2024-Nov-21 10:14:46] [debug] [SeggerBackend] - read_access_port_register
[2024-Nov-21 10:14:46] [debug] [SeggerBackend] - ---just_read_access_port_register
[2024-Nov-21 10:14:46] [debug] [SeggerBackend] - ---just_select_access_port_register
[2024-Nov-21 10:14:46] [debug] [SeggerBackend] - Select AP 0, DP Bank 255, AP Bank 0
[2024-Nov-21 10:14:46] [trace] [  JLink] - JLINK_CORESIGHT_WriteAPDPReg(DP reg 0x02, 0x00000000)  
[2024-Nov-21 10:14:46] [trace] [  JLink] - - 0.353ms returns 0  
[2024-Nov-21 10:14:46] [trace] [  JLink] - JLINK_HasError()  
[2024-Nov-21 10:14:46] [trace] [  JLink] - JLINK_CORESIGHT_ReadAPDPReg(AP reg 0x00)  
[2024-Nov-21 10:14:46] [trace] [  JLink] - Value=0x03800052
[2024-Nov-21 10:14:46] [trace] [  JLink] - - 0.228ms returns 0  
[2024-Nov-21 10:14:46] [trace] [  JLink] - JLINK_HasError()  
[2024-Nov-21 10:14:46] [debug] [  nRF53] - Just_get_secure_nonsecure_address
[2024-Nov-21 10:14:46] [debug] [  nRF53] - update_periph_secure_state
[2024-Nov-21 10:14:46] [debug] [SeggerBackend] - is_secure_debug_available
[2024-Nov-21 10:14:46] [debug] [SeggerBackend] - read_access_port_register
[2024-Nov-21 10:14:46] [debug] [SeggerBackend] - ---just_read_access_port_register
[2024-Nov-21 10:14:46] [debug] [SeggerBackend] - ---just_select_access_port_register
[2024-Nov-21 10:14:46] [trace] [  JLink] - JLINK_CORESIGHT_ReadAPDPReg(AP reg 0x00)  
[2024-Nov-21 10:14:46] [trace] [  JLink] - Value=0x03800052
[2024-Nov-21 10:14:46] [trace] [  JLink] - - 0.220ms returns 0  
[2024-Nov-21 10:14:46] [trace] [  JLink] - JLINK_HasError()  
[2024-Nov-21 10:14:46] [debug] [  nRF53] - Reading addr 0x500038E4: secure state of peripheral from SPU @0x50003000 (S) (slave index 57).
[2024-Nov-21 10:14:46] [debug] [SeggerBackend] - ahb_read_u32
[2024-Nov-21 10:14:46] [debug] [SeggerBackend] - ---just_read_access_port_register
[2024-Nov-21 10:14:46] [debug] [SeggerBackend] - ---just_select_access_port_register
[2024-Nov-21 10:14:46] [trace] [  JLink] - JLINK_CORESIGHT_ReadAPDPReg(AP reg 0x00)  
[2024-Nov-21 10:14:46] [trace] [  JLink] - Value=0x03800052
[2024-Nov-21 10:14:46] [trace] [  JLink] - - 0.246ms returns 0  
[2024-Nov-21 10:14:46] [trace] [  JLink] - JLINK_HasError()  
[2024-Nov-21 10:14:46] [debug] [SeggerBackend] - ---just_write_access_port_register
[2024-Nov-21 10:14:46] [debug] [SeggerBackend] - ---just_select_access_port_register
[2024-Nov-21 10:14:46] [trace] [  JLink] - JLINK_CORESIGHT_WriteAPDPReg(AP reg 0x00, 0x03800052)  
[2024-Nov-21 10:14:46] [trace] [  JLink] - - 0.359ms returns 0  
[2024-Nov-21 10:14:46] [trace] [  JLink] - JLINK_HasError()  
[2024-Nov-21 10:14:46] [debug] [SeggerBackend] - ---just_write_access_port_register
[2024-Nov-21 10:14:46] [debug] [SeggerBackend] - ---just_select_access_port_register
[2024-Nov-21 10:14:46] [trace] [  JLink] - JLINK_CORESIGHT_WriteAPDPReg(AP reg 0x01, 0x500038E4)  
[2024-Nov-21 10:14:46] [trace] [  JLink] - - 0.201ms returns 0  
[2024-Nov-21 10:14:46] [trace] [  JLink] - JLINK_HasError()  
[2024-Nov-21 10:14:46] [debug] [SeggerBackend] - ---just_read_access_port_register
[2024-Nov-21 10:14:46] [debug] [SeggerBackend] - ---just_select_access_port_register
[2024-Nov-21 10:14:46] [trace] [  JLink] - JLINK_CORESIGHT_ReadAPDPReg(AP reg 0x03)  
[2024-Nov-21 10:14:46] [trace] [  JLink] - Value=0x80000013
[2024-Nov-21 10:14:46] [trace] [  JLink] - - 0.244ms returns 0  
[2024-Nov-21 10:14:46] [trace] [  JLink] - JLINK_HasError()  
[2024-Nov-21 10:14:46] [debug] [SeggerBackend] - ---just_read_access_port_register
[2024-Nov-21 10:14:46] [debug] [SeggerBackend] - ---just_select_access_port_register
[2024-Nov-21 10:14:46] [debug] [SeggerBackend] - Select AP 0, DP Bank 0, AP Bank 15
[2024-Nov-21 10:14:46] [trace] [  JLink] - JLINK_CORESIGHT_WriteAPDPReg(DP reg 0x02, 0x000000F0)  
[2024-Nov-21 10:14:46] [trace] [  JLink] - - 0.286ms returns 0  
[2024-Nov-21 10:14:46] [trace] [  JLink] - JLINK_HasError()  
[2024-Nov-21 10:14:46] [trace] [  JLink] - JLINK_CORESIGHT_ReadAPDPReg(AP reg 0x03)  
[2024-Nov-21 10:14:46] [trace] [  JLink] - Value=0x84770001
[2024-Nov-21 10:14:46] [trace] [  JLink] - - 0.254ms returns 0  
[2024-Nov-21 10:14:46] [trace] [  JLink] - JLINK_HasError()  
[2024-Nov-21 10:14:46] [debug] [  nRF53] - Peripheral at address 0x50039400 has secure properties Fixed Secure, (split)
[2024-Nov-21 10:14:46] [debug] [SeggerBackend] - read_u32
[2024-Nov-21 10:14:46] [debug] [SeggerBackend] - ---just_connect_to_device
[2024-Nov-21 10:14:46] [debug] [SeggerBackend] - is_connected_to_device
[2024-Nov-21 10:14:46] [debug] [SeggerBackend] - ---just_read_u32
[2024-Nov-21 10:14:46] [debug] [SeggerBackend] - ---just_invalidate_cache
[2024-Nov-21 10:14:46] [trace] [  JLink] - JLINK_ExecCommand("InvalidateCache", ...).   
[2024-Nov-21 10:14:46] [trace] [  JLink] - - 0.001ms returns 0x00  
[2024-Nov-21 10:14:46] [trace] [  JLink] - JLINK_HasError()  
[2024-Nov-21 10:14:46] [trace] [  JLink] - JLINK_ReadMemU32(0x50039400, 0x1 Items)  
[2024-Nov-21 10:14:46] [trace] [  JLink] - CPU_ReadMem(4 bytes @ 0x50039400)
[2024-Nov-21 10:14:46] [trace] [  JLink] - Data:  01 00 00 00
[2024-Nov-21 10:14:46] [trace] [  JLink] - - 0.339ms returns 1 (0x1)  
[2024-Nov-21 10:14:46] [trace] [  JLink] - JLINK_HasError()  
[2024-Nov-21 10:14:46] [debug] [  nRF53] - Just_nvmc_config_control
[2024-Nov-21 10:14:46] [debug] [SeggerBackend] - is_secure_debug_available
[2024-Nov-21 10:14:46] [debug] [SeggerBackend] - read_access_port_register
[2024-Nov-21 10:14:46] [debug] [SeggerBackend] - ---just_read_access_port_register
[2024-Nov-21 10:14:46] [debug] [SeggerBackend] - ---just_select_access_port_register
[2024-Nov-21 10:14:46] [debug] [SeggerBackend] - Select AP 0, DP Bank 255, AP Bank 0
[2024-Nov-21 10:14:46] [trace] [  JLink] - JLINK_CORESIGHT_WriteAPDPReg(DP reg 0x02, 0x00000000)  
[2024-Nov-21 10:14:46] [trace] [  JLink] - - 0.190ms returns 0  
[2024-Nov-21 10:14:46] [trace] [  JLink] - JLINK_HasError()  
[2024-Nov-21 10:14:46] [trace] [  JLink] - JLINK_CORESIGHT_ReadAPDPReg(AP reg 0x00)  
[2024-Nov-21 10:14:46] [trace] [  JLink] - Value=0x03800052
[2024-Nov-21 10:14:46] [trace] [  JLink] - - 0.402ms returns 0  
[2024-Nov-21 10:14:46] [trace] [  JLink] - JLINK_HasError()  
[2024-Nov-21 10:14:46] [debug] [  nRF53] - Just_get_secure_nonsecure_address
[2024-Nov-21 10:14:46] [debug] [  nRF53] - update_periph_secure_state
[2024-Nov-21 10:14:46] [debug] [SeggerBackend] - is_secure_debug_available
[2024-Nov-21 10:14:46] [debug] [SeggerBackend] - read_access_port_register
[2024-Nov-21 10:14:46] [debug] [SeggerBackend] - ---just_read_access_port_register
[2024-Nov-21 10:14:46] [debug] [SeggerBackend] - ---just_select_access_port_register
[2024-Nov-21 10:14:46] [trace] [  JLink] - JLINK_CORESIGHT_ReadAPDPReg(AP reg 0x00)  
[2024-Nov-21 10:14:46] [trace] [  JLink] - Value=0x03800052
[2024-Nov-21 10:14:46] [trace] [  JLink] - - 0.221ms returns 0  
[2024-Nov-21 10:14:46] [trace] [  JLink] - JLINK_HasError()  
[2024-Nov-21 10:14:46] [debug] [  nRF53] - Reading addr 0x500038E4: secure state of peripheral from SPU @0x50003000 (S) (slave index 57).
[2024-Nov-21 10:14:46] [debug] [SeggerBackend] - ahb_read_u32
[2024-Nov-21 10:14:46] [debug] [SeggerBackend] - ---just_read_access_port_register
[2024-Nov-21 10:14:46] [debug] [SeggerBackend] - ---just_select_access_port_register
[2024-Nov-21 10:14:46] [trace] [  JLink] - JLINK_CORESIGHT_ReadAPDPReg(AP reg 0x00)  
[2024-Nov-21 10:14:46] [trace] [  JLink] - Value=0x03800052
[2024-Nov-21 10:14:46] [trace] [  JLink] - - 0.221ms returns 0  
[2024-Nov-21 10:14:46] [trace] [  JLink] - JLINK_HasError()  
[2024-Nov-21 10:14:46] [debug] [SeggerBackend] - ---just_write_access_port_register
[2024-Nov-21 10:14:46] [debug] [SeggerBackend] - ---just_select_access_port_register
[2024-Nov-21 10:14:46] [trace] [  JLink] - JLINK_CORESIGHT_WriteAPDPReg(AP reg 0x00, 0x03800052)  
[2024-Nov-21 10:14:46] [trace] [  JLink] - - 0.261ms returns 0  
[2024-Nov-21 10:14:46] [trace] [  JLink] - JLINK_HasError()  
[2024-Nov-21 10:14:46] [debug] [SeggerBackend] - ---just_write_access_port_register
[2024-Nov-21 10:14:46] [debug] [SeggerBackend] - ---just_select_access_port_register
[2024-Nov-21 10:14:46] [trace] [  JLink] - JLINK_CORESIGHT_WriteAPDPReg(AP reg 0x01, 0x500038E4)  
[2024-Nov-21 10:14:46] [trace] [  JLink] - - 0.226ms returns 0  
[2024-Nov-21 10:14:46] [trace] [  JLink] - JLINK_HasError()  
[2024-Nov-21 10:14:46] [debug] [SeggerBackend] - ---just_read_access_port_register
[2024-Nov-21 10:14:46] [debug] [SeggerBackend] - ---just_select_access_port_register
[2024-Nov-21 10:14:46] [trace] [  JLink] - JLINK_CORESIGHT_ReadAPDPReg(AP reg 0x03)  
[2024-Nov-21 10:14:46] [trace] [  JLink] - Value=0x80000013
[2024-Nov-21 10:14:46] [trace] [  JLink] - - 0.261ms returns 0  
[2024-Nov-21 10:14:46] [trace] [  JLink] - JLINK_HasError()  
[2024-Nov-21 10:14:46] [debug] [SeggerBackend] - ---just_read_access_port_register
[2024-Nov-21 10:14:46] [debug] [SeggerBackend] - ---just_select_access_port_register
[2024-Nov-21 10:14:46] [debug] [SeggerBackend] - Select AP 0, DP Bank 0, AP Bank 15
[2024-Nov-21 10:14:46] [trace] [  JLink] - JLINK_CORESIGHT_WriteAPDPReg(DP reg 0x02, 0x000000F0)  
[2024-Nov-21 10:14:46] [trace] [  JLink] - - 0.221ms returns 0  
[2024-Nov-21 10:14:46] [trace] [  JLink] - JLINK_HasError()  
[2024-Nov-21 10:14:46] [trace] [  JLink] - JLINK_CORESIGHT_ReadAPDPReg(AP reg 0x03)  
[2024-Nov-21 10:14:46] [trace] [  JLink] - Value=0x84770001
[2024-Nov-21 10:14:46] [trace] [  JLink] - - 0.265ms returns 0  
[2024-Nov-21 10:14:46] [trace] [  JLink] - JLINK_HasError()  
[2024-Nov-21 10:14:46] [debug] [  nRF53] - Peripheral at address 0x50039584 has secure properties Fixed Secure, (split)
[2024-Nov-21 10:14:46] [debug] [  nRF53] - Just_get_secure_nonsecure_address
[2024-Nov-21 10:14:46] [debug] [  nRF53] - update_periph_secure_state
[2024-Nov-21 10:14:46] [debug] [SeggerBackend] - is_secure_debug_available
[2024-Nov-21 10:14:46] [debug] [SeggerBackend] - read_access_port_register
[2024-Nov-21 10:14:46] [debug] [SeggerBackend] - ---just_read_access_port_register
[2024-Nov-21 10:14:46] [debug] [SeggerBackend] - ---just_select_access_port_register
[2024-Nov-21 10:14:46] [debug] [SeggerBackend] - Select AP 0, DP Bank 0, AP Bank 0
[2024-Nov-21 10:14:46] [trace] [  JLink] - JLINK_CORESIGHT_WriteAPDPReg(DP reg 0x02, 0x00000000)  
[2024-Nov-21 10:14:46] [trace] [  JLink] - - 0.239ms returns 0  
[2024-Nov-21 10:14:46] [trace] [  JLink] - JLINK_HasError()  
[2024-Nov-21 10:14:46] [trace] [  JLink] - JLINK_CORESIGHT_ReadAPDPReg(AP reg 0x00)  
[2024-Nov-21 10:14:46] [trace] [  JLink] - Value=0x03800052
[2024-Nov-21 10:14:46] [trace] [  JLink] - - 0.252ms returns 0  
[2024-Nov-21 10:14:46] [trace] [  JLink] - JLINK_HasError()  
[2024-Nov-21 10:14:46] [debug] [  nRF53] - Reading addr 0x500038E4: secure state of peripheral from SPU @0x50003000 (S) (slave index 57).
[2024-Nov-21 10:14:46] [debug] [SeggerBackend] - ahb_read_u32
[2024-Nov-21 10:14:46] [debug] [SeggerBackend] - ---just_read_access_port_register
[2024-Nov-21 10:14:46] [debug] [SeggerBackend] - ---just_select_access_port_register
[2024-Nov-21 10:14:46] [trace] [  JLink] - JLINK_CORESIGHT_ReadAPDPReg(AP reg 0x00)  
[2024-Nov-21 10:14:46] [trace] [  JLink] - Value=0x03800052
[2024-Nov-21 10:14:46] [trace] [  JLink] - - 0.227ms returns 0  
[2024-Nov-21 10:14:46] [trace] [  JLink] - JLINK_HasError()  
[2024-Nov-21 10:14:46] [debug] [SeggerBackend] - ---just_write_access_port_register
[2024-Nov-21 10:14:46] [debug] [SeggerBackend] - ---just_select_access_port_register
[2024-Nov-21 10:14:46] [trace] [  JLink] - JLINK_CORESIGHT_WriteAPDPReg(AP reg 0x00, 0x03800052)  
[2024-Nov-21 10:14:46] [trace] [  JLink] - - 0.300ms returns 0  
[2024-Nov-21 10:14:46] [trace] [  JLink] - JLINK_HasError()  
[2024-Nov-21 10:14:46] [debug] [SeggerBackend] - ---just_write_access_port_register
[2024-Nov-21 10:14:46] [debug] [SeggerBackend] - ---just_select_access_port_register
[2024-Nov-21 10:14:46] [trace] [  JLink] - JLINK_CORESIGHT_WriteAPDPReg(AP reg 0x01, 0x500038E4)  
[2024-Nov-21 10:14:46] [trace] [  JLink] - - 0.217ms returns 0  
[2024-Nov-21 10:14:46] [trace] [  JLink] - JLINK_HasError()  
[2024-Nov-21 10:14:46] [debug] [SeggerBackend] - ---just_read_access_port_register
[2024-Nov-21 10:14:46] [debug] [SeggerBackend] - ---just_select_access_port_register
[2024-Nov-21 10:14:46] [trace] [  JLink] - JLINK_CORESIGHT_ReadAPDPReg(AP reg 0x03)  
[2024-Nov-21 10:14:46] [trace] [  JLink] - Value=0x80000013
[2024-Nov-21 10:14:46] [trace] [  JLink] - - 0.230ms returns 0  
[2024-Nov-21 10:14:46] [trace] [  JLink] - JLINK_HasError()  
[2024-Nov-21 10:14:46] [debug] [SeggerBackend] - ---just_read_access_port_register
[2024-Nov-21 10:14:46] [debug] [SeggerBackend] - ---just_select_access_port_register
[2024-Nov-21 10:14:46] [debug] [SeggerBackend] - Select AP 0, DP Bank 0, AP Bank 15
[2024-Nov-21 10:14:46] [trace] [  JLink] - JLINK_CORESIGHT_WriteAPDPReg(DP reg 0x02, 0x000000F0)  
[2024-Nov-21 10:14:46] [trace] [  JLink] - - 0.186ms returns 0  
[2024-Nov-21 10:14:46] [trace] [  JLink] - JLINK_HasError()  
[2024-Nov-21 10:14:46] [trace] [  JLink] - JLINK_CORESIGHT_ReadAPDPReg(AP reg 0x03)  
[2024-Nov-21 10:14:46] [trace] [  JLink] - Value=0x84770001
[2024-Nov-21 10:14:46] [trace] [  JLink] - - 0.320ms returns 0  
[2024-Nov-21 10:14:46] [trace] [  JLink] - JLINK_HasError()  
[2024-Nov-21 10:14:46] [debug] [  nRF53] - Peripheral at address 0x50039504 has secure properties Fixed Secure, (split)
[2024-Nov-21 10:14:46] [debug] [SeggerBackend] - write_u32
[2024-Nov-21 10:14:46] [debug] [SeggerBackend] - ---just_connect_to_device
[2024-Nov-21 10:14:46] [debug] [SeggerBackend] - is_connected_to_device
[2024-Nov-21 10:14:46] [debug] [SeggerBackend] - ---just_write_u32
[2024-Nov-21 10:14:46] [debug] [SeggerBackend] - ---just_write_debug_port_register
[2024-Nov-21 10:14:46] [debug] [SeggerBackend] - ---just_select_debug_port_register
[2024-Nov-21 10:14:46] [debug] [SeggerBackend] - Select AP 255, DP Bank 0, AP Bank 255
[2024-Nov-21 10:14:46] [trace] [  JLink] - JLINK_CORESIGHT_WriteAPDPReg(DP reg 0x02, 0x00000000)  
[2024-Nov-21 10:14:46] [trace] [  JLink] - - 0.208ms returns 0  
[2024-Nov-21 10:14:46] [trace] [  JLink] - JLINK_HasError()  
[2024-Nov-21 10:14:46] [trace] [  JLink] - JLINK_CORESIGHT_WriteAPDPReg(DP reg 0x02, 0x00000000)  
[2024-Nov-21 10:14:46] [trace] [  JLink] - - 0.189ms returns 0  
[2024-Nov-21 10:14:46] [trace] [  JLink] - JLINK_HasError()  
[2024-Nov-21 10:14:46] [trace] [  JLink] - JLINK_WriteU32_64(0x50039584, 0x00000000)  
[2024-Nov-21 10:14:46] [trace] [  JLink] - CPU_WriteMem(4 bytes @ 0x50039584)
[2024-Nov-21 10:14:46] [trace] [  JLink] - - 0.425ms returns 0 (0x00000000)  
[2024-Nov-21 10:14:46] [trace] [  JLink] - JLINK_HasError()  
[2024-Nov-21 10:14:46] [debug] [SeggerBackend] - write_u32
[2024-Nov-21 10:14:46] [debug] [SeggerBackend] - ---just_connect_to_device
[2024-Nov-21 10:14:46] [debug] [SeggerBackend] - is_connected_to_device
[2024-Nov-21 10:14:46] [debug] [SeggerBackend] - ---just_write_u32
[2024-Nov-21 10:14:46] [debug] [SeggerBackend] - ---just_write_debug_port_register
[2024-Nov-21 10:14:46] [debug] [SeggerBackend] - ---just_select_debug_port_register
[2024-Nov-21 10:14:46] [debug] [SeggerBackend] - Select AP 255, DP Bank 0, AP Bank 255
[2024-Nov-21 10:14:46] [trace] [  JLink] - JLINK_CORESIGHT_WriteAPDPReg(DP reg 0x02, 0x00000000)  
[2024-Nov-21 10:14:46] [trace] [  JLink] - - 0.221ms returns 0  
[2024-Nov-21 10:14:46] [trace] [  JLink] - JLINK_HasError()  
[2024-Nov-21 10:14:46] [trace] [  JLink] - JLINK_CORESIGHT_WriteAPDPReg(DP reg 0x02, 0x00000000)  
[2024-Nov-21 10:14:46] [trace] [  JLink] - - 0.187ms returns 0  
[2024-Nov-21 10:14:46] [trace] [  JLink] - JLINK_HasError()  
[2024-Nov-21 10:14:46] [trace] [  JLink] - JLINK_WriteU32_64(0x50039504, 0x00000000)  
[2024-Nov-21 10:14:46] [trace] [  JLink] - CPU_WriteMem(4 bytes @ 0x50039504)
[2024-Nov-21 10:14:46] [trace] [  JLink] - - 0.322ms returns 0 (0x00000000)  
[2024-Nov-21 10:14:46] [trace] [  JLink] - JLINK_HasError()  
[2024-Nov-21 10:14:46] [debug] [  nRF53] - Just_nvmc_wait_for_ready
[2024-Nov-21 10:14:46] [debug] [SeggerBackend] - is_secure_debug_available
[2024-Nov-21 10:14:46] [debug] [SeggerBackend] - read_access_port_register
[2024-Nov-21 10:14:46] [debug] [SeggerBackend] - ---just_read_access_port_register
[2024-Nov-21 10:14:46] [debug] [SeggerBackend] - ---just_select_access_port_register
[2024-Nov-21 10:14:46] [trace] [  JLink] - JLINK_CORESIGHT_ReadAPDPReg(AP reg 0x00)  
[2024-Nov-21 10:14:46] [trace] [  JLink] - Value=0x03800052
[2024-Nov-21 10:14:46] [trace] [  JLink] - - 0.674ms returns 0  
[2024-Nov-21 10:14:46] [trace] [  JLink] - JLINK_HasError()  
[2024-Nov-21 10:14:46] [debug] [  nRF53] - Just_get_secure_nonsecure_address
[2024-Nov-21 10:14:46] [debug] [  nRF53] - update_periph_secure_state
[2024-Nov-21 10:14:46] [debug] [SeggerBackend] - is_secure_debug_available
[2024-Nov-21 10:14:46] [debug] [SeggerBackend] - read_access_port_register
[2024-Nov-21 10:14:46] [debug] [SeggerBackend] - ---just_read_access_port_register
[2024-Nov-21 10:14:46] [debug] [SeggerBackend] - ---just_select_access_port_register
[2024-Nov-21 10:14:46] [trace] [  JLink] - JLINK_CORESIGHT_ReadAPDPReg(AP reg 0x00)  
[2024-Nov-21 10:14:46] [trace] [  JLink] - Value=0x03800052
[2024-Nov-21 10:14:46] [trace] [  JLink] - - 0.301ms returns 0  
[2024-Nov-21 10:14:46] [trace] [  JLink] - JLINK_HasError()  
[2024-Nov-21 10:14:46] [debug] [  nRF53] - Reading addr 0x500038E4: secure state of peripheral from SPU @0x50003000 (S) (slave index 57).
[2024-Nov-21 10:14:46] [debug] [SeggerBackend] - ahb_read_u32
[2024-Nov-21 10:14:46] [debug] [SeggerBackend] - ---just_read_access_port_register
[2024-Nov-21 10:14:46] [debug] [SeggerBackend] - ---just_select_access_port_register
[2024-Nov-21 10:14:46] [trace] [  JLink] - JLINK_CORESIGHT_ReadAPDPReg(AP reg 0x00)  
[2024-Nov-21 10:14:46] [trace] [  JLink] - Value=0x03800052
[2024-Nov-21 10:14:46] [trace] [  JLink] - - 0.340ms returns 0  
[2024-Nov-21 10:14:46] [trace] [  JLink] - JLINK_HasError()  
[2024-Nov-21 10:14:46] [debug] [SeggerBackend] - ---just_write_access_port_register
[2024-Nov-21 10:14:46] [debug] [SeggerBackend] - ---just_select_access_port_register
[2024-Nov-21 10:14:46] [trace] [  JLink] - JLINK_CORESIGHT_WriteAPDPReg(AP reg 0x00, 0x03800052)  
[2024-Nov-21 10:14:46] [trace] [  JLink] - - 0.200ms returns 0  
[2024-Nov-21 10:14:46] [trace] [  JLink] - JLINK_HasError()  
[2024-Nov-21 10:14:46] [debug] [SeggerBackend] - ---just_write_access_port_register
[2024-Nov-21 10:14:46] [trace] [ Client] - Command close executed for 181 milliseconds with result 0
[2024-Nov-21 10:14:46] [debug] [ Client] - terminate
[2024-Nov-21 10:14:46] [debug] [SeggerBackend] - ---just_select_access_port_register
[2024-Nov-21 10:14:46] [trace] [  JLink] - JLINK_CORESIGHT_WriteAPDPReg(AP reg 0x01, 0x500038E4)  
[2024-Nov-21 10:14:46] [trace] [  JLink] - - 0.264ms returns 0  
[2024-Nov-21 10:14:46] [trace] [  JLink] - JLINK_HasError()  
[2024-Nov-21 10:14:46] [debug] [SeggerBackend] - ---just_read_access_port_register
[2024-Nov-21 10:14:46] [debug] [SeggerBackend] - ---just_select_access_port_register
[2024-Nov-21 10:14:46] [trace] [  JLink] - JLINK_CORESIGHT_ReadAPDPReg(AP reg 0x03)  
[2024-Nov-21 10:14:46] [trace] [  JLink] - Value=0x80000013
[2024-Nov-21 10:14:46] [trace] [  JLink] - - 0.301ms returns 0  
[2024-Nov-21 10:14:46] [trace] [  JLink] - JLINK_HasError()  
[2024-Nov-21 10:14:46] [debug] [SeggerBackend] - ---just_read_access_port_register
[2024-Nov-21 10:14:46] [debug] [SeggerBackend] - ---just_select_access_port_register
[2024-Nov-21 10:14:46] [debug] [SeggerBackend] - Select AP 0, DP Bank 0, AP Bank 15
[2024-Nov-21 10:14:46] [trace] [  JLink] - JLINK_CORESIGHT_WriteAPDPReg(DP reg 0x02, 0x000000F0)  
[2024-Nov-21 10:14:46] [trace] [  JLink] - - 0.287ms returns 0  
[2024-Nov-21 10:14:46] [trace] [  JLink] - JLINK_HasError()  
[2024-Nov-21 10:14:46] [trace] [  JLink] - JLINK_CORESIGHT_ReadAPDPReg(AP reg 0x03)  
[2024-Nov-21 10:14:46] [trace] [  JLink] - Value=0x84770001
[2024-Nov-21 10:14:46] [trace] [  JLink] - - 0.229ms returns 0  
[2024-Nov-21 10:14:46] [trace] [  JLink] - JLINK_HasError()  
[2024-Nov-21 10:14:46] [debug] [  nRF53] - Peripheral at address 0x50039400 has secure properties Fixed Secure, (split)
[2024-Nov-21 10:14:46] [debug] [SeggerBackend] - read_u32
[2024-Nov-21 10:14:46] [debug] [SeggerBackend] - ---just_connect_to_device
[2024-Nov-21 10:14:46] [debug] [SeggerBackend] - is_connected_to_device
[2024-Nov-21 10:14:46] [debug] [SeggerBackend] - ---just_read_u32
[2024-Nov-21 10:14:46] [debug] [SeggerBackend] - ---just_invalidate_cache
[2024-Nov-21 10:14:46] [trace] [  JLink] - JLINK_ExecCommand("InvalidateCache", ...).   
[2024-Nov-21 10:14:46] [trace] [  JLink] - - 0.002ms returns 0x00  
[2024-Nov-21 10:14:46] [trace] [  JLink] - JLINK_HasError()  
[2024-Nov-21 10:14:46] [trace] [  JLink] - JLINK_ReadMemU32(0x50039400, 0x1 Items)  
[2024-Nov-21 10:14:46] [trace] [  JLink] - CPU_ReadMem(4 bytes @ 0x50039400)
[2024-Nov-21 10:14:46] [trace] [  JLink] - Data:  01 00 00 00
[2024-Nov-21 10:14:46] [trace] [  JLink] - - 0.342ms returns 1 (0x1)  
[2024-Nov-21 10:14:46] [trace] [  JLink] - JLINK_HasError()  
[2024-Nov-21 10:14:46] [trace] [  JLink] - - 0.004ms  
[2024-Nov-21 10:14:46] [trace] [ Worker] - Command write executed for 58 milliseconds with result 0
[2024-Nov-21 10:14:46] [debug] [  nRF53] - close
[2024-Nov-21 10:14:46] [debug] [SeggerBackend] - is_connected_to_emu
[2024-Nov-21 10:14:46] [trace] [  JLink] - JLINK_IsOpen()  
[2024-Nov-21 10:14:46] [trace] [  JLink] - - 0.009ms returns 0x01  
[2024-Nov-21 10:14:46] [trace] [  JLink] - JLINK_HasError()  
[2024-Nov-21 10:14:46] [trace] [  JLink] - JLINK_Lock()  
[2024-Nov-21 10:14:46] [debug] [SeggerBackend] - close
[2024-Nov-21 10:14:46] [debug] [SeggerBackend] - disconnect_from_emu
[2024-Nov-21 10:14:46] [debug] [SeggerBackend] - ---just_disconnect_from_emu
[2024-Nov-21 10:14:46] [debug] [SeggerBackend] - is_connected_to_device
[2024-Nov-21 10:14:46] [trace] [  JLink] - JLINK_IsConnected()  
[2024-Nov-21 10:14:46] [trace] [  JLink] - - 0.002ms returns TRUE  
[2024-Nov-21 10:14:46] [trace] [  JLink] - JLINK_HasError()  
[2024-Nov-21 10:14:46] [debug] [SeggerBackend] - ---just_is_debug_region_powered
[2024-Nov-21 10:14:46] [debug] [SeggerBackend] - ---just_read_debug_port_register
[2024-Nov-21 10:14:46] [debug] [SeggerBackend] - ---just_select_debug_port_register
[2024-Nov-21 10:14:46] [debug] [SeggerBackend] - Select AP 255, DP Bank 0, AP Bank 255
[2024-Nov-21 10:14:46] [trace] [  JLink] - JLINK_CORESIGHT_WriteAPDPReg(DP reg 0x02, 0x00000000)  
[2024-Nov-21 10:14:46] [trace] [  JLink] - - 0.439ms returns 0  
[2024-Nov-21 10:14:46] [trace] [  JLink] - JLINK_HasError()  
[2024-Nov-21 10:14:46] [trace] [  JLink] - JLINK_CORESIGHT_ReadAPDPReg(DP reg 0x01)  
[2024-Nov-21 10:14:46] [trace] [  JLink] - Value=0xF0000040
[2024-Nov-21 10:14:46] [trace] [  JLink] - - 0.663ms returns 0  
[2024-Nov-21 10:14:46] [trace] [  JLink] - JLINK_HasError()  
[2024-Nov-21 10:14:46] [debug] [SeggerBackend] - Disable trace before closing connection.
[2024-Nov-21 10:14:46] [debug] [SeggerBackend] - ---just_write_u32
[2024-Nov-21 10:14:46] [debug] [SeggerBackend] - ---just_write_debug_port_register
[2024-Nov-21 10:14:46] [debug] [SeggerBackend] - ---just_select_debug_port_register
[2024-Nov-21 10:14:46] [debug] [SeggerBackend] - Select AP 255, DP Bank 0, AP Bank 255
[2024-Nov-21 10:14:46] [trace] [  JLink] - JLINK_CORESIGHT_WriteAPDPReg(DP reg 0x02, 0x00000000)  
[2024-Nov-21 10:14:46] [trace] [  JLink] - - 0.254ms returns 0  
[2024-Nov-21 10:14:46] [trace] [  JLink] - JLINK_HasError()  
[2024-Nov-21 10:14:46] [trace] [  JLink] - JLINK_CORESIGHT_WriteAPDPReg(DP reg 0x02, 0x00000000)  
[2024-Nov-21 10:14:46] [trace] [  JLink] - - 0.202ms returns 0  
[2024-Nov-21 10:14:46] [trace] [  JLink] - JLINK_HasError()  
[2024-Nov-21 10:14:46] [trace] [  JLink] - JLINK_WriteU32_64(0xE000EDFC, 0x00000000)  
[2024-Nov-21 10:14:46] [trace] [  JLink] - Debug reg: DEMCR
[2024-Nov-21 10:14:46] [trace] [  JLink] - CPU_WriteMem(4 bytes @ 0xE000EDFC)
[2024-Nov-21 10:14:46] [trace] [  JLink] - - 0.823ms returns 0 (0x00000000)  
[2024-Nov-21 10:14:46] [trace] [  JLink] - JLINK_HasError()  
[2024-Nov-21 10:14:46] [debug] [SeggerBackend] - ---